dataset,fold,model,converged,attempts,iterations
paysim,1,P0,True,1,34
paysim,1,PT,True,1,38
paysim,1,PH,True,1,175
paysim,1,PTH,True,1,124
paysim,1,PTHW,True,1,181
paysim,2,P0,True,1,37
paysim,2,PT,True,1,37
paysim,2,PH,True,1,125
paysim,2,PTH,True,1,129
paysim,2,PTHW,True,1,112
paysim,3,P0,True,1,24
paysim,3,PT,True,1,39
paysim,3,PH,True,1,168
paysim,3,PTH,True,1,103
paysim,3,PTHW,True,1,194
ieee_cis,1,M0,True,2,3000/3789
ieee_cis,1,M1,True,2,3000/4356
ieee_cis,1,M2,True,2,3000/4846
ieee_cis,1,M3,True,2,3000/4732
ieee_cis,2,M0,True,2,3000/4142
ieee_cis,2,M1,True,2,3000/3987
ieee_cis,2,M2,True,2,3000/5618
ieee_cis,2,M3,True,2,3000/6759
ieee_cis,3,M0,True,2,3000/5294
ieee_cis,3,M1,True,2,3000/4767
ieee_cis,3,M2,True,2,3000/6069
ieee_cis,3,M3,True,2,3000/6226
