dataset,fold,contrast,score_stage,metric,estimate,ci_lower,ci_upper,draws,valid,invalid,ci_type
paysim,1,P_H_BASE,clipped,delta_ap,0.011412095813206647,-0.016045041201075985,0.07180794087962222,5000,5000,0,pointwise_95_percentile_conditional_fixed_models_and_windows
paysim,1,P_H_BASE,clipped,delta_tp,170.6,136.4,202.4,5000,5000,0,pointwise_95_percentile_conditional_fixed_models_and_windows
paysim,1,P_H_BASE,clipped,delta_recall,0.342570281124498,0.3093302631578947,0.37906124497991966,5000,5000,0,pointwise_95_percentile_conditional_fixed_models_and_windows
paysim,1,P_H_BASE,clipped,cost_reduction,17230.6,13776.400000000001,20442.4,5000,5000,0,pointwise_95_percentile_conditional_fixed_models_and_windows
paysim,1,P_H_BASE,platt,delta_ap,0.011412095813206647,-0.016045041201075985,0.07180794087962222,5000,5000,0,pointwise_95_percentile_conditional_fixed_models_and_windows
paysim,1,P_H_BASE,platt,delta_tp,170.6,136.4,202.4,5000,5000,0,pointwise_95_percentile_conditional_fixed_models_and_windows
paysim,1,P_H_BASE,platt,delta_recall,0.342570281124498,0.3093302631578947,0.37906124497991966,5000,5000,0,pointwise_95_percentile_conditional_fixed_models_and_windows
paysim,1,P_H_BASE,platt,cost_reduction,17230.6,13776.400000000001,20442.4,5000,5000,0,pointwise_95_percentile_conditional_fixed_models_and_windows
paysim,1,P_H_BASE,raw,delta_ap,0.030683561810482186,0.005552822297924147,0.08544766427207816,5000,5000,0,pointwise_95_percentile_conditional_fixed_models_and_windows
paysim,1,P_H_BASE,raw,delta_tp,170.6,136.4,202.4,5000,5000,0,pointwise_95_percentile_conditional_fixed_models_and_windows
paysim,1,P_H_BASE,raw,delta_recall,0.342570281124498,0.3093302631578947,0.37906124497991966,5000,5000,0,pointwise_95_percentile_conditional_fixed_models_and_windows
paysim,1,P_H_BASE,raw,cost_reduction,17230.6,13776.400000000001,20442.4,5000,5000,0,pointwise_95_percentile_conditional_fixed_models_and_windows
paysim,1,P_H_TIME,clipped,delta_ap,-0.05941636689612788,-0.10968896637635775,0.00976431171356842,5000,5000,0,pointwise_95_percentile_conditional_fixed_models_and_windows
paysim,1,P_H_TIME,clipped,delta_tp,99.0,59.19500000000001,140.6,5000,5000,0,pointwise_95_percentile_conditional_fixed_models_and_windows
paysim,1,P_H_TIME,clipped,delta_recall,0.19879518072289157,0.13106130433001514,0.26539062499999994,5000,5000,0,pointwise_95_percentile_conditional_fixed_models_and_windows
paysim,1,P_H_TIME,clipped,cost_reduction,9999.0,5978.695000000001,14200.599999999999,5000,5000,0,pointwise_95_percentile_conditional_fixed_models_and_windows
paysim,1,P_H_TIME,platt,delta_ap,-0.05941636689612788,-0.10968896637635775,0.00976431171356842,5000,5000,0,pointwise_95_percentile_conditional_fixed_models_and_windows
paysim,1,P_H_TIME,platt,delta_tp,99.0,59.19500000000001,140.6,5000,5000,0,pointwise_95_percentile_conditional_fixed_models_and_windows
paysim,1,P_H_TIME,platt,delta_recall,0.19879518072289157,0.13106130433001514,0.26539062499999994,5000,5000,0,pointwise_95_percentile_conditional_fixed_models_and_windows
paysim,1,P_H_TIME,platt,cost_reduction,9999.0,5978.695000000001,14200.599999999999,5000,5000,0,pointwise_95_percentile_conditional_fixed_models_and_windows
paysim,1,P_H_TIME,raw,delta_ap,-0.03906970168180014,-0.09167251775253654,0.03128288779340084,5000,5000,0,pointwise_95_percentile_conditional_fixed_models_and_windows
paysim,1,P_H_TIME,raw,delta_tp,99.0,59.19500000000001,140.6,5000,5000,0,pointwise_95_percentile_conditional_fixed_models_and_windows
paysim,1,P_H_TIME,raw,delta_recall,0.19879518072289157,0.13106130433001514,0.26539062499999994,5000,5000,0,pointwise_95_percentile_conditional_fixed_models_and_windows
paysim,1,P_H_TIME,raw,cost_reduction,9999.0,5978.695000000001,14200.599999999999,5000,5000,0,pointwise_95_percentile_conditional_fixed_models_and_windows
paysim,1,P_WEIGHT,clipped,delta_ap,0.018985537743194936,-0.006802774184603122,0.03721712243631931,5000,5000,0,pointwise_95_percentile_conditional_fixed_models_and_windows
paysim,1,P_WEIGHT,clipped,delta_tp,-1.2,-7.2,8.0,5000,5000,0,pointwise_95_percentile_conditional_fixed_models_and_windows
paysim,1,P_WEIGHT,clipped,delta_recall,-0.002409638554216867,-0.014347190257000382,0.016814478386657585,5000,5000,0,pointwise_95_percentile_conditional_fixed_models_and_windows
paysim,1,P_WEIGHT,clipped,cost_reduction,-121.2,-727.2,808.0,5000,5000,0,pointwise_95_percentile_conditional_fixed_models_and_windows
paysim,1,P_WEIGHT,platt,delta_ap,0.018985537743194936,-0.006802774184603122,0.03721712243631931,5000,5000,0,pointwise_95_percentile_conditional_fixed_models_and_windows
paysim,1,P_WEIGHT,platt,delta_tp,-1.2,-7.2,8.0,5000,5000,0,pointwise_95_percentile_conditional_fixed_models_and_windows
paysim,1,P_WEIGHT,platt,delta_recall,-0.002409638554216867,-0.014347190257000382,0.016814478386657585,5000,5000,0,pointwise_95_percentile_conditional_fixed_models_and_windows
paysim,1,P_WEIGHT,platt,cost_reduction,-121.2,-727.2,808.0,5000,5000,0,pointwise_95_percentile_conditional_fixed_models_and_windows
paysim,1,P_WEIGHT,raw,delta_ap,0.0179528268970779,-0.014267546247092032,0.039114037845541065,5000,5000,0,pointwise_95_percentile_conditional_fixed_models_and_windows
paysim,1,P_WEIGHT,raw,delta_tp,-1.2,-7.2,8.0,5000,5000,0,pointwise_95_percentile_conditional_fixed_models_and_windows
paysim,1,P_WEIGHT,raw,delta_recall,-0.002409638554216867,-0.014347190257000382,0.016814478386657585,5000,5000,0,pointwise_95_percentile_conditional_fixed_models_and_windows
paysim,1,P_WEIGHT,raw,cost_reduction,-121.2,-727.2,808.0,5000,5000,0,pointwise_95_percentile_conditional_fixed_models_and_windows
paysim,2,P_H_BASE,clipped,delta_ap,-0.06665910084715344,-0.09063473340898115,-0.04034240508387438,5000,5000,0,pointwise_95_percentile_conditional_fixed_models_and_windows
paysim,2,P_H_BASE,clipped,delta_tp,109.8,87.8,141.00999999999985,5000,5000,0,pointwise_95_percentile_conditional_fixed_models_and_windows
paysim,2,P_H_BASE,clipped,delta_recall,0.3519230769230769,0.29050430918394826,0.4282921133853151,5000,5000,0,pointwise_95_percentile_conditional_fixed_models_and_windows
paysim,2,P_H_BASE,clipped,cost_reduction,11089.8,8867.8,14242.009999999986,5000,5000,0,pointwise_95_percentile_conditional_fixed_models_and_windows
paysim,2,P_H_BASE,platt,delta_ap,-0.06665910084715344,-0.09063473340898115,-0.04034240508387438,5000,5000,0,pointwise_95_percentile_conditional_fixed_models_and_windows
paysim,2,P_H_BASE,platt,delta_tp,109.8,87.8,141.00999999999985,5000,5000,0,pointwise_95_percentile_conditional_fixed_models_and_windows
paysim,2,P_H_BASE,platt,delta_recall,0.3519230769230769,0.29050430918394826,0.4282921133853151,5000,5000,0,pointwise_95_percentile_conditional_fixed_models_and_windows
paysim,2,P_H_BASE,platt,cost_reduction,11089.8,8867.8,14242.009999999986,5000,5000,0,pointwise_95_percentile_conditional_fixed_models_and_windows
paysim,2,P_H_BASE,raw,delta_ap,-0.04813070660123299,-0.06888547322544783,-0.025726958779853436,5000,5000,0,pointwise_95_percentile_conditional_fixed_models_and_windows
paysim,2,P_H_BASE,raw,delta_tp,109.8,87.8,141.00999999999985,5000,5000,0,pointwise_95_percentile_conditional_fixed_models_and_windows
paysim,2,P_H_BASE,raw,delta_recall,0.3519230769230769,0.29050430918394826,0.4282921133853151,5000,5000,0,pointwise_95_percentile_conditional_fixed_models_and_windows
paysim,2,P_H_BASE,raw,cost_reduction,11089.8,8867.8,14242.009999999986,5000,5000,0,pointwise_95_percentile_conditional_fixed_models_and_windows
paysim,2,P_H_TIME,clipped,delta_ap,0.00919416999323815,-0.14929197604765893,0.11932244697747237,5000,5000,0,pointwise_95_percentile_conditional_fixed_models_and_windows
paysim,2,P_H_TIME,clipped,delta_tp,84.2,49.8,117.4,5000,5000,0,pointwise_95_percentile_conditional_fixed_models_and_windows
paysim,2,P_H_TIME,clipped,delta_recall,0.26987179487179486,0.16432060543515653,0.3594988664273568,5000,5000,0,pointwise_95_percentile_conditional_fixed_models_and_windows
paysim,2,P_H_TIME,clipped,cost_reduction,8504.2,5029.799999999999,11857.400000000001,5000,5000,0,pointwise_95_percentile_conditional_fixed_models_and_windows
paysim,2,P_H_TIME,platt,delta_ap,0.00919416999323815,-0.14929197604765893,0.11932244697747237,5000,5000,0,pointwise_95_percentile_conditional_fixed_models_and_windows
paysim,2,P_H_TIME,platt,delta_tp,84.2,49.8,117.4,5000,5000,0,pointwise_95_percentile_conditional_fixed_models_and_windows
paysim,2,P_H_TIME,platt,delta_recall,0.26987179487179486,0.16432060543515653,0.3594988664273568,5000,5000,0,pointwise_95_percentile_conditional_fixed_models_and_windows
paysim,2,P_H_TIME,platt,cost_reduction,8504.2,5029.799999999999,11857.400000000001,5000,5000,0,pointwise_95_percentile_conditional_fixed_models_and_windows
paysim,2,P_H_TIME,raw,delta_ap,-0.01596532104481848,-0.10447330899260993,0.04467467627304908,5000,5000,0,pointwise_95_percentile_conditional_fixed_models_and_windows
paysim,2,P_H_TIME,raw,delta_tp,84.2,49.8,117.4,5000,5000,0,pointwise_95_percentile_conditional_fixed_models_and_windows
paysim,2,P_H_TIME,raw,delta_recall,0.26987179487179486,0.16432060543515653,0.3594988664273568,5000,5000,0,pointwise_95_percentile_conditional_fixed_models_and_windows
paysim,2,P_H_TIME,raw,cost_reduction,8504.2,5029.799999999999,11857.400000000001,5000,5000,0,pointwise_95_percentile_conditional_fixed_models_and_windows
paysim,2,P_WEIGHT,clipped,delta_ap,-0.043431002099877374,-0.1589611715558162,0.0019780106155776194,5000,5000,0,pointwise_95_percentile_conditional_fixed_models_and_windows
paysim,2,P_WEIGHT,clipped,delta_tp,3.6,-2.4,11.2,5000,5000,0,pointwise_95_percentile_conditional_fixed_models_and_windows
paysim,2,P_WEIGHT,clipped,delta_recall,0.011538461538461537,-0.0077434225577671005,0.03354057303145662,5000,5000,0,pointwise_95_percentile_conditional_fixed_models_and_windows
paysim,2,P_WEIGHT,clipped,cost_reduction,363.6,-242.39999999999998,1131.1999999999998,5000,5000,0,pointwise_95_percentile_conditional_fixed_models_and_windows
paysim,2,P_WEIGHT,platt,delta_ap,-0.043431002099877374,-0.1589611715558162,0.0019780106155776194,5000,5000,0,pointwise_95_percentile_conditional_fixed_models_and_windows
paysim,2,P_WEIGHT,platt,delta_tp,3.6,-2.4,11.2,5000,5000,0,pointwise_95_percentile_conditional_fixed_models_and_windows
paysim,2,P_WEIGHT,platt,delta_recall,0.011538461538461537,-0.0077434225577671005,0.03354057303145662,5000,5000,0,pointwise_95_percentile_conditional_fixed_models_and_windows
paysim,2,P_WEIGHT,platt,cost_reduction,363.6,-242.39999999999998,1131.1999999999998,5000,5000,0,pointwise_95_percentile_conditional_fixed_models_and_windows
paysim,2,P_WEIGHT,raw,delta_ap,-0.046890019029301656,-0.13587666667901188,0.002449572420837167,5000,5000,0,pointwise_95_percentile_conditional_fixed_models_and_windows
paysim,2,P_WEIGHT,raw,delta_tp,3.6,-2.4,11.2,5000,5000,0,pointwise_95_percentile_conditional_fixed_models_and_windows
paysim,2,P_WEIGHT,raw,delta_recall,0.011538461538461537,-0.0077434225577671005,0.03354057303145662,5000,5000,0,pointwise_95_percentile_conditional_fixed_models_and_windows
paysim,2,P_WEIGHT,raw,cost_reduction,363.6,-242.39999999999998,1131.1999999999998,5000,5000,0,pointwise_95_percentile_conditional_fixed_models_and_windows
paysim,3,P_H_BASE,clipped,delta_ap,0.08110180458784647,0.05838224059403598,0.12212002966154419,5000,5000,0,pointwise_95_percentile_conditional_fixed_models_and_windows
paysim,3,P_H_BASE,clipped,delta_tp,1078.6,915.2,1162.6049999999998,5000,5000,0,pointwise_95_percentile_conditional_fixed_models_and_windows
paysim,3,P_H_BASE,clipped,delta_recall,0.2865568544102019,0.24657272955894155,0.3067042770493265,5000,5000,0,pointwise_95_percentile_conditional_fixed_models_and_windows
paysim,3,P_H_BASE,clipped,cost_reduction,108938.6,92435.20000000001,117423.10499999998,5000,5000,0,pointwise_95_percentile_conditional_fixed_models_and_windows
paysim,3,P_H_BASE,platt,delta_ap,0.08110180458784647,0.05838224059403598,0.12212002966154419,5000,5000,0,pointwise_95_percentile_conditional_fixed_models_and_windows
paysim,3,P_H_BASE,platt,delta_tp,1078.6,915.2,1162.6049999999998,5000,5000,0,pointwise_95_percentile_conditional_fixed_models_and_windows
paysim,3,P_H_BASE,platt,delta_recall,0.2865568544102019,0.24657272955894155,0.3067042770493265,5000,5000,0,pointwise_95_percentile_conditional_fixed_models_and_windows
paysim,3,P_H_BASE,platt,cost_reduction,108938.6,92435.20000000001,117423.10499999998,5000,5000,0,pointwise_95_percentile_conditional_fixed_models_and_windows
paysim,3,P_H_BASE,raw,delta_ap,0.08394452744960883,0.06301756848069241,0.12286640101359116,5000,5000,0,pointwise_95_percentile_conditional_fixed_models_and_windows
paysim,3,P_H_BASE,raw,delta_tp,1078.6,915.2,1162.6049999999998,5000,5000,0,pointwise_95_percentile_conditional_fixed_models_and_windows
paysim,3,P_H_BASE,raw,delta_recall,0.2865568544102019,0.24657272955894155,0.3067042770493265,5000,5000,0,pointwise_95_percentile_conditional_fixed_models_and_windows
paysim,3,P_H_BASE,raw,cost_reduction,108938.6,92435.20000000001,117423.10499999998,5000,5000,0,pointwise_95_percentile_conditional_fixed_models_and_windows
paysim,3,P_H_TIME,clipped,delta_ap,0.06556207572724251,0.05066850226098451,0.09386221992620251,5000,5000,0,pointwise_95_percentile_conditional_fixed_models_and_windows
paysim,3,P_H_TIME,clipped,delta_tp,708.0,415.175,916.8099999999998,5000,5000,0,pointwise_95_percentile_conditional_fixed_models_and_windows
paysim,3,P_H_TIME,clipped,delta_recall,0.18809776833156217,0.10881293992961126,0.2440760140032937,5000,5000,0,pointwise_95_percentile_conditional_fixed_models_and_windows
paysim,3,P_H_TIME,clipped,cost_reduction,71508.0,41932.674999999996,92597.80999999997,5000,5000,0,pointwise_95_percentile_conditional_fixed_models_and_windows
paysim,3,P_H_TIME,platt,delta_ap,0.06556207572724251,0.05066850226098451,0.09386221992620251,5000,5000,0,pointwise_95_percentile_conditional_fixed_models_and_windows
paysim,3,P_H_TIME,platt,delta_tp,708.0,415.175,916.8099999999998,5000,5000,0,pointwise_95_percentile_conditional_fixed_models_and_windows
paysim,3,P_H_TIME,platt,delta_recall,0.18809776833156217,0.10881293992961126,0.2440760140032937,5000,5000,0,pointwise_95_percentile_conditional_fixed_models_and_windows
paysim,3,P_H_TIME,platt,cost_reduction,71508.0,41932.674999999996,92597.80999999997,5000,5000,0,pointwise_95_percentile_conditional_fixed_models_and_windows
paysim,3,P_H_TIME,raw,delta_ap,0.0612302408587182,0.04602149811223106,0.09649817370438019,5000,5000,0,pointwise_95_percentile_conditional_fixed_models_and_windows
paysim,3,P_H_TIME,raw,delta_tp,708.0,431.995,932.0049999999999,5000,5000,0,pointwise_95_percentile_conditional_fixed_models_and_windows
paysim,3,P_H_TIME,raw,delta_recall,0.18809776833156217,0.11522339458804523,0.24794591727170465,5000,5000,0,pointwise_95_percentile_conditional_fixed_models_and_windows
paysim,3,P_H_TIME,raw,cost_reduction,71508.0,43631.495,94132.50499999999,5000,5000,0,pointwise_95_percentile_conditional_fixed_models_and_windows
paysim,3,P_WEIGHT,clipped,delta_ap,0.04021336055541335,0.026882152562081294,0.0701275709124058,5000,5000,0,pointwise_95_percentile_conditional_fixed_models_and_windows
paysim,3,P_WEIGHT,clipped,delta_tp,39.4,-166.2,746.8,5000,5000,0,pointwise_95_percentile_conditional_fixed_models_and_windows
paysim,3,P_WEIGHT,clipped,delta_recall,0.010467587672688627,-0.04362276046844446,0.20000406504065035,5000,5000,0,pointwise_95_percentile_conditional_fixed_models_and_windows
paysim,3,P_WEIGHT,clipped,cost_reduction,3979.4,-16786.199999999997,75426.79999999999,5000,5000,0,pointwise_95_percentile_conditional_fixed_models_and_windows
paysim,3,P_WEIGHT,platt,delta_ap,0.04021336055541335,0.026882152562081294,0.0701275709124058,5000,5000,0,pointwise_95_percentile_conditional_fixed_models_and_windows
paysim,3,P_WEIGHT,platt,delta_tp,39.4,-166.2,746.8,5000,5000,0,pointwise_95_percentile_conditional_fixed_models_and_windows
paysim,3,P_WEIGHT,platt,delta_recall,0.010467587672688627,-0.04362276046844446,0.20000406504065035,5000,5000,0,pointwise_95_percentile_conditional_fixed_models_and_windows
paysim,3,P_WEIGHT,platt,cost_reduction,3979.4,-16786.199999999997,75426.79999999999,5000,5000,0,pointwise_95_percentile_conditional_fixed_models_and_windows
paysim,3,P_WEIGHT,raw,delta_ap,0.04872862255192488,0.03664059271994779,0.06980217426433664,5000,5000,0,pointwise_95_percentile_conditional_fixed_models_and_windows
paysim,3,P_WEIGHT,raw,delta_tp,39.4,-166.005,756.4099999999999,5000,5000,0,pointwise_95_percentile_conditional_fixed_models_and_windows
paysim,3,P_WEIGHT,raw,delta_recall,0.010467587672688627,-0.04362276046844446,0.20184831153187444,5000,5000,0,pointwise_95_percentile_conditional_fixed_models_and_windows
paysim,3,P_WEIGHT,raw,cost_reduction,3979.4,-16766.505,76397.40999999997,5000,5000,0,pointwise_95_percentile_conditional_fixed_models_and_windows
