dataset,fold,seed,model,stage,same_partition,score_hash,seconds
paysim,1,42,P0,raw,False,864cd432b3aeb78684732b9e1b293b107db36e876c512cf895788dca6dffc6f0,62.073246799991466
paysim,1,42,P0,clipped,False,5c00779c1a9ee44ca81d8ae9cd41b42cbedd64bcb1a8d6755ac2f78ab0a5d35f,57.63321050000377
paysim,1,42,P0,platt,True,cb2e8caf2fcf3d2d1aec1e272496c86a74e348b149e39306098191fc76416155,0.4486946000251919
paysim,1,42,PT,raw,False,6f4cb137fbb9a22a2b2a1c982dc45f6b778a3a82b956349af9abe982ec1ee345,66.28977919998579
paysim,1,42,PT,clipped,False,fa70d3ef5f42a63a9d739e1b90d5f54c03451ceaeb538b84cd9da0aa2cf257b4,69.28909340000246
paysim,1,42,PT,platt,True,ff65abda343e228148c878e2c824b358f3571f280ff2a9b3411b582db1cd87a5,0.6819193999981508
paysim,1,42,PH,raw,False,a4814dff4515543332007fa2328427b1da7982de0b2ab29c1a34583ce1c2a5c1,117.12106060003862
paysim,1,42,PH,clipped,False,a9b21722d9d2a3f9b96a0217820bbae689c37a977521dc6f9174fb8e1ceb8321,87.55181420000736
paysim,1,42,PH,platt,True,33987a555360c6fb51a9ebd642ed00b259414bbf49aaad94e1f1558af6290fca,0.36464390001492575
paysim,1,42,PTH,raw,False,b1c34c42c77874db1933d0a59595ea436ac8cd0cf89a535a4786a8ed85cef35b,97.79696550004883
paysim,1,42,PTH,clipped,False,e02dd0aebd01abee74a8f8cbcfaaa0499dc11f01a1fd4daafeedc4e32273c5c6,72.97086030000355
paysim,1,42,PTH,platt,True,6089813bf7c0bd22e76b9649f8bb194372c6283c46c3abcc5f35df3b701ec348,0.7873704999801703
paysim,1,42,PTHW,raw,False,c559010075cc36d92e82badf213321d46164fb06f8a994aa8e82c55934096ead,85.88973160000751
paysim,1,42,PTHW,clipped,False,db09583a4ac1935ccdd7a4faf3b445f4300d11f689e71a36fd30b243841ed7e1,40.479772600054275
paysim,1,42,PTHW,platt,True,1ed7d8602d69a04bd555dea561765f7bebea0d4e39f9c1e64a90514dac379604,0.29163059999700636
paysim,1,52,P0,raw,False,9d17043dfedf912e5eb47f30ab9f638e0c5b5ee0284369cbfc11cc587a9870b1,59.40707850002218
paysim,1,52,P0,clipped,False,845cf6040701642d745aa3f3acb4911d1e5e6ddab66a5d6ec72a3bf359e32032,58.075317299983
paysim,1,52,P0,platt,True,8e6ed300735f8fe71edacf353fda4d5e7645c431d1ae4092bf3a1e7ec507f1a1,0.6641915999935009
paysim,1,52,PT,raw,False,e6a129d7d098156062f547f3cff0247ce224cf7dc89de20c768726aa974875b8,64.97911709995242
paysim,1,52,PT,clipped,False,897ef98cf51b2a0fdf27211f3a05773bc2d42d90890f9639dee3c9576abde49b,61.696434499986935
paysim,1,52,PT,platt,True,0360f4e945b44252729fd7f179a681512f874ce2f31e8487b9afd95dcc1d5da6,0.44003400002839044
paysim,1,52,PH,raw,False,3076c1c6297b5ea79314326dfb809d9b6fdeb53c99f2abeb77b734b148e354b3,88.98630839999532
paysim,1,52,PH,clipped,False,cecccebc80860a8832f30617db328a28e0f58a5255a60cf9f636a8013c5f51cc,61.11263060005149
paysim,1,52,PH,platt,True,48e73b6af3c53959ca7a7bd8fdd24f6ed72664a5f51f26a8944a98ec1ecde673,0.41218149999622256
paysim,1,52,PTH,raw,False,1823f8cc9f93c93cc655124ea3af129859b85ce93060e93cdeed9a950eeb1c27,113.7228158999933
paysim,1,52,PTH,clipped,False,792545a07cdd32cdf53d582d8968733f68f965b65c0c291c7844cec8e8bb28ce,63.959339199995156
paysim,1,52,PTH,platt,True,a9d021f3501868de1235da80adf9e9d61f8366f67596cad7f4f1a454a63208b2,0.3939261000487022
paysim,1,52,PTHW,raw,False,e9e1359974f1c15c8c6efcee959f5d8ddf6ca8a31c880299f838a3cc28cfeb0c,53.91060969996033
paysim,1,52,PTHW,clipped,False,d1cd7fa5ad2fa068e66a42093873cb56856af9633d6f3f69a7818a847374223a,30.726180500001647
paysim,1,52,PTHW,platt,False,e518def3cabbcc46837a25d5c939b836b57f35e3e33c9eb91e8dcdbe9bf9f2c4,29.591248400043696
paysim,1,62,P0,raw,False,861b4eed224303ff18a6b71b69157556d6478c5e6ae55c30f40a37de5007f88f,36.98874000000069
paysim,1,62,P0,clipped,False,104bdd3d65674d2abd7f33b2b9e88e0bac6181352f1fcf84a72ef25a9a53dbe8,36.708335599978454
paysim,1,62,P0,platt,True,a0f862f9af9c3047c6fe85ab6a6c273569f97e03b99b4caf0397f14cb3a8a001,0.3550971000222489
paysim,1,62,PT,raw,False,ebf9734ba1a38a1ab2e8c9c03978d96ab142ad1fbc3ada79a56e8fd44e340fb7,41.471724800008815
paysim,1,62,PT,clipped,False,bbd637c3673244d885ce81c458f93edd5d1145773b581f6f13b87686f88c8919,40.64818760001799
paysim,1,62,PT,platt,True,1ce3dae6296cf394bffbe09728dbfd7af554ed0b5d2239a531f7d602141a83ff,0.38514070003293455
paysim,1,62,PH,raw,False,ee44bb1c0a1ac947b9e39d8b6342e826d1079056a347cdfc5f2660446f26c233,62.13239620003151
paysim,1,62,PH,clipped,False,8d4d3bff1cbab95a19d5f3877e94988482e6f45a4949517f6b94a21d01596aa2,42.916488499962725
paysim,1,62,PH,platt,True,6e7dbc0d0ce6080067f9465bafa8479b4843d5a6cd5b66b282ab822ee26a89ea,0.3469648000318557
paysim,1,62,PTH,raw,False,8e5d077ccd8ecfc8884bdaea1970d46640a792858244e39068fe28c224a5f90a,65.08881149999797
paysim,1,62,PTH,clipped,False,c22419f010e14f584bd01d2111672433a6183e3a3b7b22222e7cbcc02947b8fa,41.990655299974605
paysim,1,62,PTH,platt,True,5b6495e090640aa24bd083ab61065d1442bc08459b2c151df789fe6ecbb7365b,0.3463590999599546
paysim,1,62,PTHW,raw,False,34585587f3f39d80e28967bcab71a4295bec84d03047f1815e8d1c0aca3e2a4f,36.392297399987
paysim,1,62,PTHW,clipped,False,dc0cd00efdde776580fe61172dde47728122d5e12194ca432a611bf5af784331,20.388232600002084
paysim,1,62,PTHW,platt,True,78a2321fb9007ec79de3f5cff11a2dbdec2c5b70e6373d26dce941bdc6c8afde,0.3164060999988578
paysim,1,72,P0,raw,False,b3f5f702374b0eaf3265abd3c2ecf07ad943ca616f114958ce87c71296350492,32.0483632000396
paysim,1,72,P0,clipped,False,ebc92c53ad5abe0339fd3e92b30dba7751f4493339f09ebbcc88e0e93364f28d,34.23481490003178
paysim,1,72,P0,platt,True,67076a2b7039a765e933615086b80bd93d656e27216bea70fdca5c2ec09d0adb,0.4245647999923676
paysim,1,72,PT,raw,False,64fc593ab1251172e4e8ba4d995d3808eeb95dae9b05bd3bed2deecb807aa558,35.194907400000375
paysim,1,72,PT,clipped,False,f1d9df4abab325a57c0beedd78d67342e7d450937b9e5fa6f386df1894c0a912,41.105192699993495
paysim,1,72,PT,platt,True,2d5fbdd37a2c377068577410f78d8c82a13bb8f08bd63d369d8e9b8fc070cedd,0.45612559997243807
paysim,1,72,PH,raw,False,98d2d7b89686f60253e64a12c4492e44f3226f439b87aa81638424fd7437ccdd,40.30275179998716
paysim,1,72,PH,clipped,False,fe61c5e205aaf31d3bfc06b67d89ca95ff1669faa1dbb6927acaad02e94649ee,44.27190140000312
paysim,1,72,PH,platt,True,fc01af18a821c432dc3f52a2f36ac6087baf3d9da030ca42f0555e79f50b7ab4,0.35818049998488277
paysim,1,72,PTH,raw,False,a860ba0e7c973c50b14208edf6aaaf4c676adf037fdb9c24ba7b814f67f7f55a,58.63247189996764
paysim,1,72,PTH,clipped,False,32f17ad04ad7d3fe596d7c36e9623d42178439e1d059d1c789667a09c23e3aa7,44.95479009998962
paysim,1,72,PTH,platt,True,7d0fc88a7b69d203d8e79aee7deb17603ff2a5d0aa06298623c79511dcc71780,0.17589050001697615
paysim,1,72,PTHW,raw,False,f464b6de9f9ee3fd6b7eb3f7583911857d650157dd768eccac7bc0dc415ee429,36.5642050000024
paysim,1,72,PTHW,clipped,False,fa7655c347881a9ed7e259f4fd495bc0a0549688dfd6b8aabd2af49b50466f15,12.121931799978483
paysim,1,72,PTHW,platt,True,f242f8cc3ec116d537ed6b035d2692d48666bbbe4b334e01c1a74a6095a02107,0.1371328000095673
paysim,1,82,P0,raw,False,4d5cb7a8bc1294ea4264062882e6d41ecae275bd4686c31cd6fe46119e016bfa,514.2226553999935
paysim,1,82,P0,clipped,False,59d967c418b2d17e676c8275ec990db7199616d87024e14bb3fefa75eb37091d,38.316280400031246
paysim,1,82,P0,platt,True,3b047853f8a369d7945c16f09b073d55425cb6e2a42b331187ed0b0c7119041d,0.4074862999841571
paysim,1,82,PT,raw,False,0a46448b0838564db8a16b28b64884a41657286557871b8117d47745c886cc04,520.0951008000411
paysim,1,82,PT,clipped,False,e1bbf8241810518ca5e43aaab18e64ed2d1d061a6a360c454a97320f967c2ff2,44.07331459998386
paysim,1,82,PT,platt,True,0348cd9f2c39a3bec17765f9811f1b0ed3fd65430eab17807a38f6caecdb7be7,0.4652172999922186
paysim,1,82,PH,raw,False,701424a817112618d357f9255b19975c8ac7e2870edaecfafe775cb6a3480b9c,540.6735943999956
paysim,1,82,PH,clipped,False,5c1af04276650fd695d1949dc2a3968ccc0fb00084c3628a615898b01bcbc047,58.057341799954884
paysim,1,82,PH,platt,True,70a2383a65d7e1111f2010845b89702fa696c3a559bd871a436fa8a6ac7e5fd0,0.4423630000092089
paysim,1,82,PTH,raw,False,9de5008af47e40ffec9f639da74811aea817fabd9dd33e32be9eb531608d77d1,548.1763628000044
paysim,1,82,PTH,clipped,False,23af349cce94ad2ae806419587d40779f8b14b1ee870b65ada7b95a1cb695935,61.608585999987554
paysim,1,82,PTH,platt,True,571597990cb968ac6c449acdbaf09e1d3af4318daf827e13575295d105f705c1,0.3746794000035152
paysim,1,82,PTHW,raw,False,1d0a606090fd0e6bb2d79ac3dba701b131ca3a517c8bb929ca30740b538b2fd9,65.33473950001644
paysim,1,82,PTHW,clipped,False,d04101315e50ee0ae9f7944e0bc66039a7d00239b5b39f3b262cd66bc0b73b4e,42.07751339999959
paysim,1,82,PTHW,platt,True,cde0fd1d93f285266fcb243874b032ab04ab766b6683c9dd8e2ff54ee549c6eb,0.3375079000252299
paysim,2,42,P0,raw,False,de6306dd2836c1ac8b5c0f78692ae8175b8548d06ce1291174609c9d86eb431a,34.91574040002888
paysim,2,42,P0,clipped,False,8862207fddb6b964d9e56b344b709e601bc2fa875e5aac603edff0790c855438,24.232251700013876
paysim,2,42,P0,platt,True,8de71c5430b8101cc0297848aab4fad7b0d26ccafb2363c757c37feaf55ba052,0.1834044000133872
paysim,2,42,PT,raw,False,5d39eb744839c9d1960cda981bd57f937719e66c0e8eccb38ba9c2868d08f00b,36.916930999956094
paysim,2,42,PT,clipped,False,a6fc686be0c9c9605c2e6353fe6af7c2c1bb94f48d33229ee62028efcf43596f,24.372640800022054
paysim,2,42,PT,platt,True,d9a4a900f9d42d3435ba37e3c9d9b8de232c5d2eeb2ca8345f7f7750fdc6db52,0.1759915000293404
paysim,2,42,PH,raw,False,2ddbce36728faccd95c5b3362b22ef5cb76afb0ba8794ba9f905a03ace12a2c9,49.54468379996251
paysim,2,42,PH,clipped,False,4a2352e08904ca938b4ac4d7b5eaf94dfb62d4bd5cf84ee64fe602b2d43cc755,26.049190499994438
paysim,2,42,PH,platt,True,8b778c8f9e36e99b3d1099dc0488459cf3f3508f0144d0a0cd411e93cced3789,0.3397504999884404
paysim,2,42,PTH,raw,False,7871a46edf88a183e169258be1f6758985a358aea38dba51fb90c46e1260529c,48.19612350000534
paysim,2,42,PTH,clipped,False,22a2503a8edab10ad2682ac325c5fedaaa57997a935df947923284e079bfe9c8,26.022928400023375
paysim,2,42,PTH,platt,True,49c823bfc6e6185dc76caaef257d452f101e297eb62949f190eb6f5e18fcf608,0.35542989999521524
paysim,2,42,PTHW,raw,False,29c98bfe4976b5c138ad3469c1d38150dad9ae4e4b75a9e486895d28ee9ab307,23.015435300010722
paysim,2,42,PTHW,clipped,False,15b53c88d7204b7c261f22e8cf389366a69a86278429428cd465c5cdbe1f58ab,17.7051352999988
paysim,2,42,PTHW,platt,True,e7bf4e64a2d3737cdf306b96df1289ce0b6a8b9ed9fb84ba6360b6add4167653,0.31910080002853647
paysim,2,52,P0,raw,False,7f2c40cebea5ac418201b457cfdd2378f1797dc71a0dcb086dd8ea5e611f4c6f,33.93505440000445
paysim,2,52,P0,clipped,False,4803ebe27406e96a9f008f2eac68f1f707e31b5ae238d8f891abcd4dbbfee0e8,34.05083660001401
paysim,2,52,P0,platt,True,2693a272a7f3a9c8fe6f1a0b43eb67ac537d4f876b4ab1772b2b4de40e822ee5,0.33608039998216555
paysim,2,52,PT,raw,False,194251d0be38615462656c1babe22b3d34be5bdfa0f4e05333f277ed0a36e845,38.58493070001714
paysim,2,52,PT,clipped,False,54f643cc94529cb51c85cf62298edaef96da490a0c5e65e815583372c1bc8a3d,38.130046600010246
paysim,2,52,PT,platt,True,fe78737c2075e8782c9ae94875f741da8caba04a3b61dca127f212112cf57f3c,0.35743540001567453
paysim,2,52,PH,raw,False,b4b5cd50dea20fe20db7d9397d23d96621f2565c1d4ceba7f91364c02e77b7a5,48.066485000017565
paysim,2,52,PH,clipped,False,8702947d2f6879e5f145d598096d2ded87cef8930a2536c7acf21a9b9534da45,39.46396109997295
paysim,2,52,PH,platt,True,ed6e3c7a3b45081dfdfc6520bf6175fb7d130ce4c697831b82b0cbc5fbbe990d,0.3903368000173941
paysim,2,52,PTH,raw,False,1f0d4bbf08e06b554d366ce4ab4c0551b5bb319fbccf5efa4b363db47dd01da7,53.46943459997419
paysim,2,52,PTH,clipped,False,0d509ce34f0e7814b9d313d2c37f4d8255509ed7a63712058a0eb4be98d6b9e7,38.75930370000424
paysim,2,52,PTH,platt,True,9bce0ab633c6715de592a8e173ca53507d404ab835ba2526f74f383de2445def,0.3477557000005618
paysim,2,52,PTHW,raw,False,d11b5b6f007055f378b295bf414936abce813822a0ca0ce8d342d4fea256b4d0,30.40283360000467
paysim,2,52,PTHW,clipped,False,c0d895eaa4f87affc376191b36d08c51efa761f803816f33ea72c9a49a88c3dd,17.805898099963088
paysim,2,52,PTHW,platt,True,4a129975ef57370cb7c9dc3c2e7b9ded4e452b2c627149b7fb3300fd620015df,0.2872464000247419
paysim,2,62,P0,raw,False,2de92c87760d9ecca00000a0a4079842f587ed0dc63e32919f588ababb9b1792,34.49924649996683
paysim,2,62,P0,clipped,False,c1cf2961735068b53f65d164613803e2ef90bcd42f6de100819f31e1939f16dd,33.218686300038826
paysim,2,62,P0,platt,True,4cce0f6530ccf83688903e4405f872e914e1f07e4e32ec68a22993484b1b4f86,0.3548646999988705
paysim,2,62,PT,raw,False,e4c8bd97a19c5c090d01d1141bf0b9e744565b7c5bdcc9c581fe0f095ddc63b0,37.55741509998916
paysim,2,62,PT,clipped,False,a9a0447464fd14ad7995b2c31e17f506059e4795f57be77fb706af171210db19,35.492487800016534
paysim,2,62,PT,platt,True,95a4246c6621836c5a0976c1e3d5997f1723df3ab4db194435e6b5a543a553b8,0.3524422000045888
paysim,2,62,PH,raw,False,c854e38b6787b67acaf8872a9ffa49876ad38268616c8c2184a8ab4b98f51264,62.43350099999225
paysim,2,62,PH,clipped,False,589269bd2f9bff0c22050d33e185cd54bf940a85e6d64670b06b9ca809e98724,36.518284199992195
paysim,2,62,PH,platt,True,4f54db98daa3c973990562ce544d4540e84d90e1ea940b64c7fd1c1ee62883ae,0.31709830003092065
paysim,2,62,PTH,raw,False,c3de4f114f5681b763e67ad5d0730368e0a0a57cd5e5308d02d370f739aa2ba5,58.11197309999261
paysim,2,62,PTH,clipped,False,436688a106c3842a29b7af61e73ed257f5f67b2cf5e289895eac77f4939f4907,37.02198489999864
paysim,2,62,PTH,platt,True,b02680e0b14d4e944eec585f32830c2b1b317fd290cad73c3ca985d5af7670e8,0.32360760000301525
paysim,2,62,PTHW,raw,False,8c5138a51797d97ce4bb54113a794b535284fcd344a5b03f74f2b222e54e8579,31.556587699975353
paysim,2,62,PTHW,clipped,False,b134b6dbdbe8676adb8248d85c1b48d82178438486e904e38a6f88e4d9678c45,15.989119499980006
paysim,2,62,PTHW,platt,True,42c97984ee344955a2836c51826199df1e6d30adfcf1e6c7bb192f51f3000a20,0.24686800001654774
paysim,2,72,P0,raw,False,42f7b0436852e83a60fe13d462ad5276ff8946acbfc07ea4b5f9499f4061e009,32.53345399996033
paysim,2,72,P0,clipped,False,3d6ba9978f8488c859f73978f96bc6da4105a4940a547707610bcbda7babc5af,30.887342900037766
paysim,2,72,P0,platt,True,810ed8384ca2455c88cfc2fd0c98ecb9bf258deb36324cfc03c26d693ca87e95,0.32757779996609315
paysim,2,72,PT,raw,False,877cd21fd2c43ec0148cfbb8ccf88ca235508ba88e0c898e97081ad33d9b2ee5,36.35853099997621
paysim,2,72,PT,clipped,False,d84f2554fac40bfc687a15bcd4429f21aa2b31f5cf4f5390174772a3100d6567,34.750054500007536
paysim,2,72,PT,platt,True,9ea14bec6898b79637241f991902c124434428d3a4acd831b19d2b47dde3c268,0.3399356000008993
paysim,2,72,PH,raw,False,4bb82c53c02ede0f4f91a75ce4189406b76940dc0b4aaf2be82450c92cca3e10,41.23278359998949
paysim,2,72,PH,clipped,False,0996b414bd3fef887d2d0d32049687a7bdb8065710b533e123a2d2ca182f2b1d,37.124840699951164
paysim,2,72,PH,platt,True,8277cd5ce44b0ee748034055856db2cfb9b6436d178f2c4d0adcb9fed49c7e2b,0.3343838000437245
paysim,2,72,PTH,raw,False,92f1795ff5c390555e2865f320db7633a194c829c258e4405f402bc35e989798,51.353978999948595
paysim,2,72,PTH,clipped,False,aa6ec27d5da14d0ef4ff4fba12a77d9e4a1903992497d7482c7a1e38701f802e,35.06027259997791
paysim,2,72,PTH,platt,True,97a1baff085dbe0387bb65fb0c0672f011c0943c8c9896afcbcbced98d1d0b33,0.31050179997691885
paysim,2,72,PTHW,raw,False,a65b1b29ccc1e4815ddb967113b48f2a4defcdae4448b1b64442a06033e91c53,32.37719490000745
paysim,2,72,PTHW,clipped,False,d0fcd26b7e0e31013a3d09d18c866035821ab4e2b086cfdeb5794fd53188df6f,20.48465609998675
paysim,2,72,PTHW,platt,True,7f4c872211064aaf5edc08029d1db377e9fdd092c774181f4d1a669b75200f65,0.3014852000051178
paysim,2,82,P0,raw,False,da362cbe2e42c1288c7ce412eac6951b1ffbbd20b02af25258ff072b23dce1a3,32.4342803999898
paysim,2,82,P0,clipped,False,68b5b1598cd6d1a194e86a5d8e4328100edd288f755de0ca2793ebc542456fa7,31.79115850001108
paysim,2,82,P0,platt,True,23de7ed85019bc2852acce45344e4862ed34c6f399b91f04fa4c5d605e2b3515,0.3785706000053324
paysim,2,82,PT,raw,False,bcd7327ce22436bac98ab47c9215c6ab5820511cf1ce0b4334c78a113229a96d,35.51644740003394
paysim,2,82,PT,clipped,False,ff1d8fdefbeaf1cc7c34659b0bc54be1080030ae47c7329aaeb20fdf21d46467,34.6364281999995
paysim,2,82,PT,platt,True,600298623a202fa30f21559dabb779274ef1f00844a0a1f3f854c18ec3ddd3ac,0.3827393999672495
paysim,2,82,PH,raw,False,5919cc4e9d99fdd8b2763638841585b737b14b600cb327877e639d1c53ca09d4,50.61738829995738
paysim,2,82,PH,clipped,False,41024b4c84721dfb0869d1e30bcb563fb3fd6943e23ad93d22dd56e71d5f3de6,39.30927689996315
paysim,2,82,PH,platt,True,03e466917456087f21d0772a5c3e3205ff78fbbd7eff361db36e29b676ef460f,0.341833200014662
paysim,2,82,PTH,raw,False,7a2c7d16d618875ad1e17417b699793e68c3cbb327569d89cb3a34abfc807847,44.88413959997706
paysim,2,82,PTH,clipped,False,54b0db60ca9b33799e879b3e4d0100983e37b0952fa83a094e2c0256cfa54bcb,41.03569699998479
paysim,2,82,PTH,platt,True,7410cee9c2b67697f7aa7139f69ef1fea4ddbfd31185887389a61ee1c51611a6,0.40365399996517226
paysim,2,82,PTHW,raw,False,f60a3ee55feead76bde9ea780b99a388f05edf7d91ebb15907d2984fe47ba8e3,38.39951389998896
paysim,2,82,PTHW,clipped,False,6b9699a02eb1e096dd791d7b0e2a52c5da43f2f3a7e12a4b848c5a2f98e7e8dc,26.355400100001134
paysim,2,82,PTHW,platt,True,b3c08f081502d590a8030e6880cfb815c2cd34d8b1cf676547ee55022bbab46e,0.28069300000788644
paysim,3,42,P0,raw,False,67f41f4f21eaed86d1ae3a336513b58019baaa2bc5b5b9c9f2e72be95d5391d6,29.21108409995213
paysim,3,42,P0,clipped,False,1ab8b3866769a3c6f0038e62925dbe726fbd993ed8bf8c954c0f32bb3b2d49a2,31.961418300052173
paysim,3,42,P0,platt,True,a27e4ac2c0d71bb52ae8a9d55b3a68381e411cb46e3f7d0c92a49a7e2a15ca82,0.3321828999905847
paysim,3,42,PT,raw,False,75f59b2063f2cdf6b3d508a87dc45284fd73bf81b32ddd4f0c0a5758bc9ff951,34.951739499985706
paysim,3,42,PT,clipped,False,464d59ab4f37fc9f592068a9145e8c454549e9b6b0046b054b21171ba5df2133,35.62307209998835
paysim,3,42,PT,platt,True,cda5fdbe9aceb67b2d26f3b2a2d30e20807336f25f4ac6aa714f58658d1de201,0.4747198999975808
paysim,3,42,PH,raw,False,10a8ebe8e13791f17be350825dc60fe52b0c62c3a1698ab366a9cbba9b85c5a7,38.69800869998289
paysim,3,42,PH,clipped,False,1e103b0a4231528852e75d2e9b31fab92781e9449cb62211c3f17c744440946c,37.05682890000753
paysim,3,42,PH,platt,True,eb8160aad9a61368a59a44dea91f09dcd320ffb874fa1f5a22dfb52ece2831db,0.3581967999925837
paysim,3,42,PTH,raw,False,1885ee0b7eba5098ca97781361f992663c8e13e53217ff6c6bc11651af768032,36.82059770001797
paysim,3,42,PTH,clipped,False,9d4f4e04c97d1a08abad40c3232074e07f83f5341e7efc496389ffff2f14f0ad,37.065272100036964
paysim,3,42,PTH,platt,True,f81dff11a8cc097445f276ad657f9a714f620828d33005abc163a58798753f10,0.3731287000118755
paysim,3,42,PTHW,raw,False,61f819dfb543e345e6dd375797385dfaeb14080c355a4229f6ce53d662a63958,24.869036000047345
paysim,3,42,PTHW,clipped,False,299394c0caeef8766d746c161a8c97767e468c05c649933cff11b97fe3834c48,18.038976799987722
paysim,3,42,PTHW,platt,True,d3f4bcd555d84df44a1df30a1b5a57a2439e3d2f25ba88f0787c9b330bb72569,0.32756539998808876
paysim,3,52,P0,raw,False,cda132a7e296716bf169699e09732c4e873f4bff6e5548ee6822bfa2a5b7e0e1,34.722576900036074
paysim,3,52,P0,clipped,False,1f7cb7c09025b75ca566f9985d9b0df5a9d29ccb5637a6142601fbc6b4f30816,33.67099359998247
paysim,3,52,P0,platt,True,ec3a9be2753daff1048678648fea7a11bbb3cd4003516e8518f16b1bb16e7328,0.3999650999903679
paysim,3,52,PT,raw,False,14c771d15b61dd7559a63b03538affa8ef044d17b8f6bd5d09961b3a2a24d88e,39.31256500002928
paysim,3,52,PT,clipped,False,990cb4f75f8634ce1d95dcfe8db747259200a17eed84cd9e4efa8143b323a28b,37.81444529996952
paysim,3,52,PT,platt,True,055651c7b021d53ef7f1e27bed136ece7187ff9b8cca4e7aa7225862a92a26a9,0.4171505000558682
paysim,3,52,PH,raw,False,c27d148370662041a51ef0b8125ada2f75e2cbe1ba499843b2700fe8b3a11f6c,45.123096199997235
paysim,3,52,PH,clipped,False,baf1fef08de36e4ee0b5edfb77e53aa5cecd7b7118b3cecf9197632215ef2b7e,40.08779630000936
paysim,3,52,PH,platt,True,58946376913fb7e52583e5a6e0dd3684845d143f1fa98c6b405eb34d4be6e4b5,0.36838599998736754
paysim,3,52,PTH,raw,False,93d5fdb3ba833ffe5fd0a8c8c8c4a49fca0647f2a84bec3398c45f968c5e608c,45.40802889998304
paysim,3,52,PTH,clipped,False,0edcba30d311d2778d63bef604e1217610e3e2e2f5a14a240235abb556953b26,40.633548700017855
paysim,3,52,PTH,platt,True,f9a88f2da06c5e7c74e965661bf814ba52f484b44ee7c19bed8125845819e509,0.3496329999761656
paysim,3,52,PTHW,raw,False,f4350378e9c6167783d2a6ccc95156d9f6041aa47fc0a6db2b9a567c5864eb91,25.858419700001832
paysim,3,52,PTHW,clipped,False,bec46ba5a6b5b11619139d4cea98977d98e56f3e87918d170d5259756d1eb13f,16.690792299981695
paysim,3,52,PTHW,platt,True,5d4425936af75b7c5441c2699074ff706dd4016dba3afa7dc5f9c11a3ac0b997,0.26050720002967864
paysim,3,62,P0,raw,False,7a60ff812eb6d4e5b8e3d41ea14a49d44805f6e6d9d23b0db4e554eeb48ceb25,31.165350699971896
paysim,3,62,P0,clipped,False,c5e67c6d15c0d168a90b8bc9de3a747c43ace5720ec766afa91f80ac5df307fa,32.29024790000403
paysim,3,62,P0,platt,True,14e8a2852fed95ded3c5595e70b1b9aeb4d513117843cbbed44c7bba8aae5f35,0.41784350003581494
paysim,3,62,PT,raw,False,5564ff28fa48059ad225d993e339b964f2b5d03eb48665bcea3803762811aedf,34.273746000020765
paysim,3,62,PT,clipped,False,6d9a58604432c0a986cf2405770c2c47d0c9da7828353ba3195cd23c4fc876b5,35.12029909994453
paysim,3,62,PT,platt,True,7594cd7308b516b520ec588400351c00d9b2a83ba11763d758e19ed068fc27d1,0.3516941999550909
paysim,3,62,PH,raw,False,6e33752ce4e8534aa46da6064101bd09e3fc92661488ed3de628a31b135b70a9,40.83169219997944
paysim,3,62,PH,clipped,False,a65c8d235edcfc1c49b9d8bc68fdb1b5e8cb39315c6495f132ff45127843256c,35.891189000045415
paysim,3,62,PH,platt,True,77e2c1299053aef4a119ff59e4cf544dc70c2a7e2ebe2c3bc4eb418b5be9a9e8,0.31132500001695007
paysim,3,62,PTH,raw,False,30e6fad44976fe57320fac720edeeda5f4a5fb0ec5d36f28dbb8d4fe0dea7e85,39.97425650001969
paysim,3,62,PTH,clipped,False,e7ca6253b06479e02427da8235fdfcced466d7d683dd5dbb5464949312b0df16,36.53080880001653
paysim,3,62,PTH,platt,True,8e11bc2985525dec7bd0a8e723ccb1001fd1ed60ff266422252a2434a8ed2229,0.3291740999557078
paysim,3,62,PTHW,raw,False,44fb32e9389efc3ad028b149c16fa7545d527ae9a1ea17073a5db14ce03ed666,23.80383129999973
paysim,3,62,PTHW,clipped,False,b8b07e8235208f9c4dc4210f7242d9ee5d07ac387bf629f3f15d5ccfc47b0fac,18.256745099963155
paysim,3,62,PTHW,platt,True,84d1943aa86514d48ae07ad700cedb97db424a5e4f73c208ee2d4edd41748aab,0.3193354000104591
paysim,3,72,P0,raw,False,489bd197aa26e5e35ea44e3b7cdfbb3eed081a3b33fb95040be23300e6c0369b,31.968467400001828
paysim,3,72,P0,clipped,False,332f0aaea0d8d93ba39aeb06f1ea4f50f676693ddcdea3a1dcb108a4ab1abfb3,32.80283459997736
paysim,3,72,P0,platt,True,f96991e62ae8b79fe5e07700c999a4c126a95447e54c79d8a3d4949794302931,0.34122159995604306
paysim,3,72,PT,raw,False,c341fa716ef505b08ad54ea61f76eb49381b18e88f8ae5b5afe5daefe826233d,34.937009300047066
paysim,3,72,PT,clipped,False,c3717fa31f1ddb5b2b705e03848d574a5fa5a7abfd5096d57e08e6247ccbf721,35.46601799997734
paysim,3,72,PT,platt,True,af489a37b291e1692685f4fc08e1f00da78511421f60e42c73021486ab4a2731,0.3540110999601893
paysim,3,72,PH,raw,False,93fb435f02f07d7a7bff0035652880d8f3ebc2899651c36b58521a74c4ef7f29,38.38478240004042
paysim,3,72,PH,clipped,False,a0dc680d9928e516d19a917c3d69a5e40886f97bbe1953292da569e5c333c020,36.1768960999907
paysim,3,72,PH,platt,True,d0cd28496244c27c6e76cd6b78621e5295e2ef0d4b4fd7d13abe9157eea5ca40,0.3578689999994822
paysim,3,72,PTH,raw,False,b698041b02f144767f5971817f985bc578057864707cb3729a6948dca9702cb5,39.19591599999694
paysim,3,72,PTH,clipped,False,e81aa9950890702645847dcc44e9448bc1bcfbc9d66d9e376e5a14fff7e3f193,36.26954430004116
paysim,3,72,PTH,platt,True,867268e398ced8d18ca56795e5f5a7550335af13be25a1ada70db1852c9f848f,0.3609561999910511
paysim,3,72,PTHW,raw,False,256568aeb283cfeb28caf8ebec8119641511c74900a827c5c23088c949582339,23.208248700015247
paysim,3,72,PTHW,clipped,False,e89c5e5a437c1822d761256e831532d944289efc7729ffc5e66ae7efe2e76941,18.105144100030884
paysim,3,72,PTHW,platt,True,cc360b0a39233882ae7a9dc3ec7eaeec18ecdff75ba4cf74448acc77a7b47221,0.28779669996583834
paysim,3,82,P0,raw,False,1bba6d4b396cbd7baac42e1fa55c3087f15f6e9796583b7892b212e29f01e802,32.811739399970975
paysim,3,82,P0,clipped,False,76ac5c0333800eb2d9baf6d029e82fdfaed70b27209def930d5df97f536e06a1,33.77687679999508
paysim,3,82,P0,platt,True,468277e271016b042383865a3838d71ffaf0822b25afc7fbfbe1d00e2928cdc5,0.3454939000075683
paysim,3,82,PT,raw,False,2178909ae84d13ae30a4f90c37a1066fe1ca2cc1da367c600f0f051f1e71940e,36.04771090002032
paysim,3,82,PT,clipped,False,07f54a6d59ad0bb67b600f047b0fe6e0038858713f395f11dad0791f03c1b045,35.91768539999612
paysim,3,82,PT,platt,True,cf7469dc7e60c1d1ed77726d4dec126b590873227c53425995c8ebea39da19a5,0.3423361000022851
paysim,3,82,PH,raw,False,423d6745e3e812d3971ab47f07a730d2fe91afa4d43f8db4b7141a46140aed60,39.09971549996408
paysim,3,82,PH,clipped,False,09300b60ddaf45d1fee807d9a387984cf9abb4e8ec947518d6c5be569956aaea,36.36126229999354
paysim,3,82,PH,platt,True,9168840b45bc889f8258aa4cbaf814d1e139c242df6695a0e2dd3d0053eb152e,0.39584109996212646
paysim,3,82,PTH,raw,False,d7083a3e9e61a65f5a03302787a4961cda513551912e965d2f3f5cbaee490121,41.646849300013855
paysim,3,82,PTH,clipped,False,c447c72813fe6f7c4499ad01ec88e695e1e551cbcec1a89c502e8dbda5bb2eb0,37.27402109996183
paysim,3,82,PTH,platt,True,7db34f600d47dca1a2bcca56a02f4d486505416be0dbb12c8a974074cd63d05f,0.29290650004986674
paysim,3,82,PTHW,raw,False,1eed23b40b9d0b79d1e0af0cf6503020b3d4f23ff4db89f9c717a12af751107e,24.02177319995826
paysim,3,82,PTHW,clipped,False,5ee8d56a07a0df59b3216df06f749fad6d2422371e5ae312659f37b65e04a18f,18.800248300016392
paysim,3,82,PTHW,platt,True,2816d9aa3c2bdaebec7e99061364d90d3a16aa99b4d43283b345c6eeff6ddcdf,0.28030090004904196
