fold,model,ap,recall,alert_rate,tp,cost
1,P0,0.09618840288240485,0.11566265060240959,0.00029502334823488,57.6,44172.0
1,PH,0.10760049869561147,0.5755020080321285,0.01098868610356,286.6,27915.4
1,PT,0.29020212109184473,0.3032128514056225,0.0011022918770548999,151.0,35257.4
1,PTH,0.23078575419571692,0.6847389558232931,0.01158371209704646,341.0,22803.4
1,PTHW,0.24977129193891182,0.6987951807228916,0.011558193199836279,348.0,22080.0
1,PTHW5,0.11668666134623677,0.6610441767068272,0.017930137350796103,329.2,28073.8
2,P0,0.11878798887988684,0.13653846153846147,0.000275800564813088,42.6,27064.4
2,PH,0.05212888803273338,0.6128205128205129,0.0134603887631913,191.2,20039.2
2,PT,0.10552803392873884,0.31089743589743585,0.0018800680418159202,97.0,22541.4
2,PTH,0.114722203921977,0.6698717948717949,0.013613317699129601,209.0,18334.0
2,PTHW,0.07129120182209965,0.6871794871794872,0.01337550164324284,214.4,17644.6
2,PTHW5,0.052625246969238856,0.5698717948717948,0.009871017819689161,177.8,19219.2
3,P0,0.26862292218805345,0.3179596174282678,0.00868258253589074,1196.8,261051.6
3,PH,0.34972472677589994,0.7019659936238044,0.017427672630013318,2642.2,120634.4
3,PT,0.08391938693721002,0.4739638682252922,0.023841450677924238,1784.0,211396.4
3,PTH,0.14948146266445256,0.7228480340063762,0.030076501084458963,2720.8,120749.6
3,PTHW,0.18969482321986592,0.7282678002125398,0.03541477220078426,2741.2,122088.2
3,PTHW5,0.15593259722833222,0.6929330499468651,0.02630406000725586,2608.2,129720.2
