"path","category","size_bytes","sha256","upload_status","provenance"
".gitignore","repository_control","632","38ab92b0bc071cff53468469d87a0e44c194fec8438376eacc57bf41fb2329e3","include","derived public-release documentation or repository control"
"analyze_ieee_cis_results.py","execution_entrypoint","171","ce4e46748502e4daf32aa94687ad09749e4e1c23609d0997314926a7a8e17ee0","include","byte-identical audited source file"
"build_ieee_temporal_protocol.py","execution_entrypoint","163","c171c33e91d0cada91e748984ff76b5aec315e067d77e5c3497307a6c3c12d93","include","byte-identical audited source file"
"configs/default.yaml","portable_configuration","2037","e792689f37bf52066f1fcd9d17acef6c2aaaafa6aa1ba1bce00631b625f4ffe1","include","portable derivative of frozen PaySim configuration"
"configs/paysim_frozen.yaml","portable_configuration","2037","e792689f37bf52066f1fcd9d17acef6c2aaaafa6aa1ba1bce00631b625f4ffe1","include","portable derivative of frozen PaySim configuration"
"data/processed/README.md","data_placeholder_documentation","166","1f8fa23f11a8474fdddb2b679da6e3eb2815bd3be53044fa3fb3e279c95e0b86","include","derived public-release documentation or repository control"
"data/raw/README.md","data_placeholder_documentation","353","747b38bedcad424d30960b83bd7068b1c967d7a490db7381d39c570148ddf019","include","derived public-release documentation or repository control"
"docs/DATA_ACCESS.md","documentation","1120","9124c464e4297769716fdaa2fec748a7b44eff4c31f2d8c6d685593b0643497d","include","derived public-release documentation or repository control"
"docs/DATA_CODE_AVAILABILITY.md","documentation","2622","cd447ab29995d4de96f0683875bdb9ecbca7a2024685c08ef94e4d8d5523d8ec","include","derived public-release documentation or repository control"
"docs/dataset_provenance.bib","documentation","782","516a6ea5d8cf091514cc66e5b8bdb4111d67712e96a5f0c1b63d346a67ccfd6a","include","derived public-release documentation or repository control"
"docs/REPRODUCIBILITY.md","documentation","2100","a623d7737cc0c347fd99c63fac9cba092b33079f47d3ebad69d41729faef2bed","include","derived public-release documentation or repository control"
"docs/SUPPLEMENT_ASSET_MANIFEST.md","documentation","1923","8c8b3d818d9b18017606f09e7b62158e174260056f56759a9dd5829a714026d4","include","derived public-release documentation or repository control"
"docs/SUPPLEMENT.md","frozen_supplement_copy","11577","7489041adb1ecf6260da40a95bde9788e3dcf1d052e61656dc2fdcae1b1ca3b2","include","byte-identical frozen Supplement copy"
"docs/UPLOAD_CHECKLIST.md","documentation","1624","83a80f8bc6aa7c94b7d213e623719e75d7acff9c2abc615b6b3454f30922d94b","include","derived public-release documentation or repository control"
"LICENSE","license","1068","cd75abf3b5a4f229d965c29444506f43954ed2545f7c92001c2831474294de52","include","derived public-release documentation or repository control"
"outputs/README.md","output_placeholder_documentation","326","39ab628b581e6c888bfd54e463db7723b4b8b807159b24382fac40f020f10edf","include","derived public-release documentation or repository control"
"PUBLIC_RELEASE_AUDIT.md","other","2318","fb2d8ad738856297676853e95badcfd686dfe69c8f516aedeed83d95f7762545","include","derived public-release documentation or repository control"
"pyproject.toml","environment","899","cf06ca3470b9c05f774d1b31cbb57b06d8be7c6a86ef504ff518520021e80261","include","byte-identical audited source file"
"README.md","documentation","5359","594e11d0e8f46a3355b84c2600f8123e1cc34dede6448e90c7873d6f8e4c50ae","include","derived public-release documentation or repository control"
"requirements.txt","environment","133","fc68e35731866c970036bdfc68082e9d66804219223838f28dc1a5bb7148685a","include","byte-identical audited source file"
"run_ieee_cis_experiment.py","execution_entrypoint","155","dc84df3530eafd2e647d0382097af645f329d439f4097d2b4d7e351a99f7d294","include","byte-identical audited source file"
"run_ieee_cis_timeblock_bootstrap.py","execution_entrypoint","175","6947c73a540c5769accd2e3e6eda65547f811ecc9e7658c2beddebf1fabef86f","include","byte-identical audited source file"
"scripts/build_ieee_history_features.py","execution_entrypoint","157","75f4d6863b51d5a699c8615b0c9382e38b650f9b0867ebc86185df1954693bd3","include","byte-identical audited source file"
"scripts/run_ieee_cis_audit.py","execution_entrypoint","150","bf1a99449589758ceba2d73caec012e0a9897f5a4b14bc3615cfa2a65de8594f","include","byte-identical audited source file"
"scripts/run_paysim_timeblock_bootstrap.py","execution_entrypoint","965","e179a45a1cb2f6216f902a930495fd3bdd2b86eff5122094dca375ebe8af6926","include","derived orchestration-only entrypoint"
"src/fraudx/__init__.py","scientific_source","115","988cae9ce07c6ff5ac5dd9bf72914eb4c12a362df3d2ecbbd60d341fe3aa6762","include","byte-identical audited scientific source"
"src/fraudx/calibration_metrics.py","scientific_source","9883","a45a7d0492973936a70fc22f11809f7e66f90e2807b4de8aa1e6882ba170d1e5","include","byte-identical audited scientific source"
"src/fraudx/calibration_reporting.py","scientific_source","20825","aad5b2136c6e84e5290c362ef79a839e7e99415ec9d8bb4e735f1c390eaab669","include","byte-identical audited scientific source"
"src/fraudx/calibration.py","scientific_source","24720","de05d076f5e52d84358e97137792ae212ee6cc2621acb322ccf38ed8bd0b22f8","include","byte-identical audited scientific source"
"src/fraudx/cli.py","scientific_source","3579","10a4049170d67332519428a2091ecc8cfbe0299f2a829d483b4ad536b505da64","include","byte-identical audited scientific source"
"src/fraudx/config.py","scientific_source","1857","7334fd9dda923f5eb23cdca70708cb562d258d5a87ffd22b1b6552c45b90409e","include","byte-identical audited scientific source"
"src/fraudx/data.py","scientific_source","8620","42c6e2efdf29044bc0571ca3ab824be2a1fa97ccb102c9f60bd2ee3c5265d7fb","include","byte-identical audited scientific source"
"src/fraudx/explain.py","scientific_source","5654","142ccf281bdbfc84f5f2d379bb9cf2705b116f2218bf75a5d7edf0d735c201a1","include","byte-identical audited scientific source"
"src/fraudx/features.py","scientific_source","5203","b9751b2ecc6ef1061e9e2bb3fc747941295d9e04004f19efb3debc5b1e8ab47c","include","byte-identical audited scientific source"
"src/fraudx/ieee_cis_audit.py","scientific_source","33097","63c6f5f9309c8bc5e61573cd2c1fcc4d698077fc0e68d3b191d5cbaba3c576a1","include","byte-identical audited scientific source"
"src/fraudx/ieee_cis_experiment.py","scientific_source","48322","57837878766967b794c1e8be3eac9a8a4857d6d5df3540c2204ad7560148c907","include","byte-identical audited scientific source"
"src/fraudx/ieee_cis_history.py","scientific_source","32473","53a935db767d603e3208eb285eb11c734244f925d77f757e4c6ab3c8bc375155","include","byte-identical audited scientific source"
"src/fraudx/ieee_cis_result_analysis.py","scientific_source","54265","a66355756927238226143e2c1abc2a4a856224cbea0770641132b2c6dc2b7395","include","byte-identical audited scientific source"
"src/fraudx/ieee_cis_temporal_protocol.py","scientific_source","25853","23fcf6700c842992503e4b0df3770e9c1b222faf8b6a01dc62717155f1747bc2","include","byte-identical audited scientific source"
"src/fraudx/ieee_cis_timeblock_bootstrap.py","scientific_source","48648","da5ab4902a4ff959fa0d97faf1938109d4d70d2e7066a4bdeeb4fc3e91ff1b5f","include","byte-identical audited scientific source"
"src/fraudx/metrics.py","scientific_source","7559","c65dc2a8dbf4b5c8f51f5d73d9f2f02b8049a811ba5c0bbf56cf706a27d4d40c","include","byte-identical audited scientific source"
"src/fraudx/models.py","scientific_source","4527","ceede354842dcdca42b0a25eb39ca6bb13360406171686b57ac23c460d101253","include","byte-identical audited scientific source"
"src/fraudx/multiseed.py","scientific_source","23667","00211b99cc4e3a60c9e02c7ef55a4c04cdb7d5171dc7249a235cf200b1d4239e","include","byte-identical audited scientific source"
"src/fraudx/online.py","scientific_source","3509","8a85dae2db0d8f720df7324db1d65607cf5b82d001cf51b9ca25170b63824758","include","byte-identical audited scientific source"
"src/fraudx/pair_audit.py","scientific_source","28081","0af098ab1db2dd5ddfa1e081c715f977287c8616a72cc0d64226b67514135f1a","include","byte-identical audited scientific source"
"src/fraudx/pipeline.py","scientific_source","20567","7c1005c624773676a0a5eaa7a50b4c2dd0c6d393e785fae5e463dcdbf3d9a44e","include","byte-identical audited scientific source"
"src/fraudx/prediction_reconstruction.py","scientific_source","25639","60effcd82980dcfce7f0cd80180c3c3b940f60b3830d9b4685afe8fc1f0f96f3","include","byte-identical audited scientific source"
"src/fraudx/preprocess.py","scientific_source","8645","5bda5b39c75290b120e7301fd81d95977f7141c20dc854e388fc2bd5a2a70a9e","include","byte-identical audited scientific source"
"src/fraudx/robustness_reporting.py","scientific_source","10553","ef098aaeb7761aef6db35a6effa3ebced448275e6e6e17d714a8eb58c8a7c767","include","byte-identical audited scientific source"
"src/fraudx/robustness.py","scientific_source","19668","a1dafe12fb8dbb20ed1b523c72fe8c493731a4b8002eda3bab6818d1fb3c1743","include","byte-identical audited scientific source"
"src/fraudx/synthetic.py","scientific_source","2124","d58382cff3887cf74d61dd034facaa3670f3e860ed671d5ae879dca72000db63","include","byte-identical audited scientific source"
"src/fraudx/timeblock_bootstrap.py","scientific_source","32541","20e71dde9b71c172678bf360800f20944a931a5356fb34963a5934fed501a88e","include","byte-identical audited scientific source"
"tests/test_calibration.py","public_test","5648","c77a52db47850c453943185e9193658bf677777657be52b07aafdb9af2b65d33","include","byte-identical audited public test"
"tests/test_data.py","public_test","1800","436bd0042516a4278ba9374fee39ada210b04ffc5be8f3e6760b1d3dba3dd006","include","byte-identical audited public test"
"tests/test_features.py","public_test","1356","775d02ead8be298097b299235401f548c4d5edf65df3e9f6e07a942faf77f4f7","include","byte-identical audited public test"
"tests/test_ieee_cis_audit.py","public_test","6480","30226238f6ce15ead6a24afba4cb260160751e290a5f5282fca565a11aa3c45d","include","byte-identical audited public test"
"tests/test_ieee_cis_experiment.py","public_test","14919","a3c7e8420d2e4990872428daea37da49053184ae6e2fcd38a3b55cc2acf176c6","include","byte-identical audited public test"
"tests/test_ieee_cis_history.py","public_test","7168","4a37eb6818194cbe764f598d669e9676ff7e4e91924354b489a150ac11014981","include","byte-identical audited public test"
"tests/test_ieee_cis_result_analysis.py","public_test","7790","e0735eeaaecafcd216512cf38bd923415d95a98c1a42e35867230a9cb87171ba","include","derived test copy; only local-asset skip guards added"
"tests/test_ieee_cis_temporal_protocol.py","public_test","5032","667b628b45f3dc8097e9a8e7a86c478f7ba7ab0a39e93c54860532c2ecbd6187","include","byte-identical audited public test"
"tests/test_ieee_cis_timeblock_bootstrap.py","public_test","9261","d723c596d5d46ad0bd2fc518112a1a0103683ea0bb51849afde69e750369fca6","include","derived test copy; only local-asset skip guards added"
"tests/test_metrics.py","public_test","2469","530e07c7dae5cc60701a7b52228dd69222cf480810e283e34526634ae1eb2846","include","byte-identical audited public test"
"tests/test_models.py","public_test","968","3d9124435bc79ce331c7ae8f7afafd692ef96d3479f44faac6f5f35e3e7fce07","include","byte-identical audited public test"
"tests/test_multiseed.py","public_test","4120","7d8ed063cb442fef320eeef045fa15c5c860dfacae94afc579f8c5495c048933","include","byte-identical audited public test"
"tests/test_pair_audit.py","public_test","5276","8d3fcefec421c325da1ef9973856572d488cf245a56ff9a010d25150670b7653","include","byte-identical audited public test"
"tests/test_pipeline.py","public_test","1037","e567badd8c27be86192529c06a2780bb079d0058c5509419ebde822582355bd3","include","byte-identical audited public test"
"tests/test_prediction_reconstruction.py","public_test","4791","388cfa6516aea09cdc49a739255b291347ac10ec82a2a1f7d13219c7229002dc","include","byte-identical audited public test"
"tests/test_preprocess.py","public_test","1223","4fbd091551ed2290d731b7d14aafe83b5ae529ce6be64a9044f8c6ff99541a13","include","byte-identical audited public test"
"tests/test_robustness_reporting.py","public_test","5551","b89f136611fd0a7390c0d64af99929eb1fc030dabf9c58128db7e2450d307365","include","byte-identical audited public test"
"tests/test_timeblock_bootstrap.py","public_test","6416","0d32061cac88c628f0579d56a0694dbf44aec50b1f54094b2beaf35149e09328","include","byte-identical audited public test"
