family,reference_pair,contrast,seed,q,N,K,F,R,G,L,U,TP_before,TP_after,delta_tp,source_identity_sha256,label_sha256,score_before_sha256,score_after_sha256,tie_rule_sha256
LightGBM,B0->B0H,H0,42,0.01,198311,1984,2160,1457,244,76,383,1533,1701,168,e73cf277988f000c493139b6de77604d1f21dc3cdcdba7ca958545e9ff584f35,79353fc548df23f33b0a01941a38c723539b35eea3e0a3126e5b8ace2dfcc65f,f64d1abe3b749b2f92e34550f30b1f7c34c82525d513d13fc5f5d0bbdaedbb9b,fd0a99b30d5232dbe2504bb0a73039813b59e840497a0702dca67e55a434aabb,07dce7585bae0d6578ff4d72fd3b873738283c7c4542b1564d83548fceab76e3
LightGBM,B0->B0H,H0,42,0.03,198311,5950,2160,1888,217,2,53,1890,2105,215,e73cf277988f000c493139b6de77604d1f21dc3cdcdba7ca958545e9ff584f35,79353fc548df23f33b0a01941a38c723539b35eea3e0a3126e5b8ace2dfcc65f,f64d1abe3b749b2f92e34550f30b1f7c34c82525d513d13fc5f5d0bbdaedbb9b,fd0a99b30d5232dbe2504bb0a73039813b59e840497a0702dca67e55a434aabb,07dce7585bae0d6578ff4d72fd3b873738283c7c4542b1564d83548fceab76e3
LightGBM,B0->B0H,H0,42,0.05,198311,9916,2160,1997,162,1,0,1998,2159,161,e73cf277988f000c493139b6de77604d1f21dc3cdcdba7ca958545e9ff584f35,79353fc548df23f33b0a01941a38c723539b35eea3e0a3126e5b8ace2dfcc65f,f64d1abe3b749b2f92e34550f30b1f7c34c82525d513d13fc5f5d0bbdaedbb9b,fd0a99b30d5232dbe2504bb0a73039813b59e840497a0702dca67e55a434aabb,07dce7585bae0d6578ff4d72fd3b873738283c7c4542b1564d83548fceab76e3
LightGBM,B0->B0H,H0,52,0.01,198311,1984,2160,1464,255,66,375,1530,1719,189,e73cf277988f000c493139b6de77604d1f21dc3cdcdba7ca958545e9ff584f35,79353fc548df23f33b0a01941a38c723539b35eea3e0a3126e5b8ace2dfcc65f,ed8723547fe95fd091c3ec63cc9b58cd16ab5bdc1a32afe565d69be5be315670,825cdc7cef4580396f642c39101d566eb95b6f0f90ae416c759ad9f1aa79434f,07dce7585bae0d6578ff4d72fd3b873738283c7c4542b1564d83548fceab76e3
LightGBM,B0->B0H,H0,52,0.03,198311,5950,2160,1895,212,3,50,1898,2107,209,e73cf277988f000c493139b6de77604d1f21dc3cdcdba7ca958545e9ff584f35,79353fc548df23f33b0a01941a38c723539b35eea3e0a3126e5b8ace2dfcc65f,ed8723547fe95fd091c3ec63cc9b58cd16ab5bdc1a32afe565d69be5be315670,825cdc7cef4580396f642c39101d566eb95b6f0f90ae416c759ad9f1aa79434f,07dce7585bae0d6578ff4d72fd3b873738283c7c4542b1564d83548fceab76e3
LightGBM,B0->B0H,H0,52,0.05,198311,9916,2160,1995,162,1,2,1996,2157,161,e73cf277988f000c493139b6de77604d1f21dc3cdcdba7ca958545e9ff584f35,79353fc548df23f33b0a01941a38c723539b35eea3e0a3126e5b8ace2dfcc65f,ed8723547fe95fd091c3ec63cc9b58cd16ab5bdc1a32afe565d69be5be315670,825cdc7cef4580396f642c39101d566eb95b6f0f90ae416c759ad9f1aa79434f,07dce7585bae0d6578ff4d72fd3b873738283c7c4542b1564d83548fceab76e3
LightGBM,B0->B0H,H0,62,0.01,198311,1984,2160,1460,263,72,365,1532,1723,191,e73cf277988f000c493139b6de77604d1f21dc3cdcdba7ca958545e9ff584f35,79353fc548df23f33b0a01941a38c723539b35eea3e0a3126e5b8ace2dfcc65f,321e5e3dcdd74eb04d0b83ca0ab9aa8c6388330b022916908fe621baf1553359,5bcf63e69f38161b5962b8782edeab1eabf216b702dc34a95fdbb21d2855fe0f,07dce7585bae0d6578ff4d72fd3b873738283c7c4542b1564d83548fceab76e3
LightGBM,B0->B0H,H0,62,0.03,198311,5950,2160,1899,208,3,50,1902,2107,205,e73cf277988f000c493139b6de77604d1f21dc3cdcdba7ca958545e9ff584f35,79353fc548df23f33b0a01941a38c723539b35eea3e0a3126e5b8ace2dfcc65f,321e5e3dcdd74eb04d0b83ca0ab9aa8c6388330b022916908fe621baf1553359,5bcf63e69f38161b5962b8782edeab1eabf216b702dc34a95fdbb21d2855fe0f,07dce7585bae0d6578ff4d72fd3b873738283c7c4542b1564d83548fceab76e3
LightGBM,B0->B0H,H0,62,0.05,198311,9916,2160,1996,163,1,0,1997,2159,162,e73cf277988f000c493139b6de77604d1f21dc3cdcdba7ca958545e9ff584f35,79353fc548df23f33b0a01941a38c723539b35eea3e0a3126e5b8ace2dfcc65f,321e5e3dcdd74eb04d0b83ca0ab9aa8c6388330b022916908fe621baf1553359,5bcf63e69f38161b5962b8782edeab1eabf216b702dc34a95fdbb21d2855fe0f,07dce7585bae0d6578ff4d72fd3b873738283c7c4542b1564d83548fceab76e3
LightGBM,B0->B0H,H0,72,0.01,198311,1984,2160,1477,248,52,383,1529,1725,196,e73cf277988f000c493139b6de77604d1f21dc3cdcdba7ca958545e9ff584f35,79353fc548df23f33b0a01941a38c723539b35eea3e0a3126e5b8ace2dfcc65f,a199420f701b8e0584a3fe7c0e42928eba4d5e5d14bf466f97f73c336fee2508,80393bf61d4009d0672e286065ba9d75b0a4b3664f341429d8122b703a64c45a,07dce7585bae0d6578ff4d72fd3b873738283c7c4542b1564d83548fceab76e3
LightGBM,B0->B0H,H0,72,0.03,198311,5950,2160,1894,209,4,53,1898,2103,205,e73cf277988f000c493139b6de77604d1f21dc3cdcdba7ca958545e9ff584f35,79353fc548df23f33b0a01941a38c723539b35eea3e0a3126e5b8ace2dfcc65f,a199420f701b8e0584a3fe7c0e42928eba4d5e5d14bf466f97f73c336fee2508,80393bf61d4009d0672e286065ba9d75b0a4b3664f341429d8122b703a64c45a,07dce7585bae0d6578ff4d72fd3b873738283c7c4542b1564d83548fceab76e3
LightGBM,B0->B0H,H0,72,0.05,198311,9916,2160,2000,159,1,0,2001,2159,158,e73cf277988f000c493139b6de77604d1f21dc3cdcdba7ca958545e9ff584f35,79353fc548df23f33b0a01941a38c723539b35eea3e0a3126e5b8ace2dfcc65f,a199420f701b8e0584a3fe7c0e42928eba4d5e5d14bf466f97f73c336fee2508,80393bf61d4009d0672e286065ba9d75b0a4b3664f341429d8122b703a64c45a,07dce7585bae0d6578ff4d72fd3b873738283c7c4542b1564d83548fceab76e3
LightGBM,B0->B0H,H0,82,0.01,198311,1984,2160,1471,256,62,371,1533,1727,194,e73cf277988f000c493139b6de77604d1f21dc3cdcdba7ca958545e9ff584f35,79353fc548df23f33b0a01941a38c723539b35eea3e0a3126e5b8ace2dfcc65f,be0a3c0ac6d70133682aa11dfee5faabda3fa405d7f49e5250d09295051049e9,c2f9e0d6136dbd6584deb0ff7504d5c063e1998e433c5a784d7febd364f30055,07dce7585bae0d6578ff4d72fd3b873738283c7c4542b1564d83548fceab76e3
LightGBM,B0->B0H,H0,82,0.03,198311,5950,2160,1893,211,3,53,1896,2104,208,e73cf277988f000c493139b6de77604d1f21dc3cdcdba7ca958545e9ff584f35,79353fc548df23f33b0a01941a38c723539b35eea3e0a3126e5b8ace2dfcc65f,be0a3c0ac6d70133682aa11dfee5faabda3fa405d7f49e5250d09295051049e9,c2f9e0d6136dbd6584deb0ff7504d5c063e1998e433c5a784d7febd364f30055,07dce7585bae0d6578ff4d72fd3b873738283c7c4542b1564d83548fceab76e3
LightGBM,B0->B0H,H0,82,0.05,198311,9916,2160,1997,162,1,0,1998,2159,161,e73cf277988f000c493139b6de77604d1f21dc3cdcdba7ca958545e9ff584f35,79353fc548df23f33b0a01941a38c723539b35eea3e0a3126e5b8ace2dfcc65f,be0a3c0ac6d70133682aa11dfee5faabda3fa405d7f49e5250d09295051049e9,c2f9e0d6136dbd6584deb0ff7504d5c063e1998e433c5a784d7febd364f30055,07dce7585bae0d6578ff4d72fd3b873738283c7c4542b1564d83548fceab76e3
LightGBM,B1->B1H,H1,42,0.01,198311,1984,2160,1655,66,90,349,1745,1721,-24,e73cf277988f000c493139b6de77604d1f21dc3cdcdba7ca958545e9ff584f35,79353fc548df23f33b0a01941a38c723539b35eea3e0a3126e5b8ace2dfcc65f,ba8822972dd8b3d87ba4bf9f0e00ecc3595cd13275b4b114d1b586f54f4b8ba4,ff6ccc14745e754a48595516e9bcf14356586e14478d5160acc685a4df63b8f3,07dce7585bae0d6578ff4d72fd3b873738283c7c4542b1564d83548fceab76e3
LightGBM,B1->B1H,H1,42,0.03,198311,5950,2160,2092,20,21,27,2113,2112,-1,e73cf277988f000c493139b6de77604d1f21dc3cdcdba7ca958545e9ff584f35,79353fc548df23f33b0a01941a38c723539b35eea3e0a3126e5b8ace2dfcc65f,ba8822972dd8b3d87ba4bf9f0e00ecc3595cd13275b4b114d1b586f54f4b8ba4,ff6ccc14745e754a48595516e9bcf14356586e14478d5160acc685a4df63b8f3,07dce7585bae0d6578ff4d72fd3b873738283c7c4542b1564d83548fceab76e3
LightGBM,B1->B1H,H1,42,0.05,198311,9916,2160,2159,0,1,0,2160,2159,-1,e73cf277988f000c493139b6de77604d1f21dc3cdcdba7ca958545e9ff584f35,79353fc548df23f33b0a01941a38c723539b35eea3e0a3126e5b8ace2dfcc65f,ba8822972dd8b3d87ba4bf9f0e00ecc3595cd13275b4b114d1b586f54f4b8ba4,ff6ccc14745e754a48595516e9bcf14356586e14478d5160acc685a4df63b8f3,07dce7585bae0d6578ff4d72fd3b873738283c7c4542b1564d83548fceab76e3
LightGBM,B1->B1H,H1,52,0.01,198311,1984,2160,1671,51,72,366,1743,1722,-21,e73cf277988f000c493139b6de77604d1f21dc3cdcdba7ca958545e9ff584f35,79353fc548df23f33b0a01941a38c723539b35eea3e0a3126e5b8ace2dfcc65f,7f77f4c2324b917fe8c7590ef5ba26f435006eec91f9a9941e339103ccbcef82,3e84cac28f10acdb94dafe9f18729a7d23a35f11e529e226140a34432a5e5954,07dce7585bae0d6578ff4d72fd3b873738283c7c4542b1564d83548fceab76e3
LightGBM,B1->B1H,H1,52,0.03,198311,5950,2160,2093,20,20,27,2113,2113,0,e73cf277988f000c493139b6de77604d1f21dc3cdcdba7ca958545e9ff584f35,79353fc548df23f33b0a01941a38c723539b35eea3e0a3126e5b8ace2dfcc65f,7f77f4c2324b917fe8c7590ef5ba26f435006eec91f9a9941e339103ccbcef82,3e84cac28f10acdb94dafe9f18729a7d23a35f11e529e226140a34432a5e5954,07dce7585bae0d6578ff4d72fd3b873738283c7c4542b1564d83548fceab76e3
LightGBM,B1->B1H,H1,52,0.05,198311,9916,2160,2158,0,2,0,2160,2158,-2,e73cf277988f000c493139b6de77604d1f21dc3cdcdba7ca958545e9ff584f35,79353fc548df23f33b0a01941a38c723539b35eea3e0a3126e5b8ace2dfcc65f,7f77f4c2324b917fe8c7590ef5ba26f435006eec91f9a9941e339103ccbcef82,3e84cac28f10acdb94dafe9f18729a7d23a35f11e529e226140a34432a5e5954,07dce7585bae0d6578ff4d72fd3b873738283c7c4542b1564d83548fceab76e3
LightGBM,B1->B1H,H1,62,0.01,198311,1984,2160,1672,59,72,357,1744,1731,-13,e73cf277988f000c493139b6de77604d1f21dc3cdcdba7ca958545e9ff584f35,79353fc548df23f33b0a01941a38c723539b35eea3e0a3126e5b8ace2dfcc65f,6638f4e72746a1b644121d3d19c781be9551a0a4ad06388c98b49efbc5905174,238caffa74bd82b3ea155ab390fb6e8e67e53df50eb1a9ce68d6749232526116,07dce7585bae0d6578ff4d72fd3b873738283c7c4542b1564d83548fceab76e3
LightGBM,B1->B1H,H1,62,0.03,198311,5950,2160,2094,21,18,27,2112,2115,3,e73cf277988f000c493139b6de77604d1f21dc3cdcdba7ca958545e9ff584f35,79353fc548df23f33b0a01941a38c723539b35eea3e0a3126e5b8ace2dfcc65f,6638f4e72746a1b644121d3d19c781be9551a0a4ad06388c98b49efbc5905174,238caffa74bd82b3ea155ab390fb6e8e67e53df50eb1a9ce68d6749232526116,07dce7585bae0d6578ff4d72fd3b873738283c7c4542b1564d83548fceab76e3
LightGBM,B1->B1H,H1,62,0.05,198311,9916,2160,2159,0,1,0,2160,2159,-1,e73cf277988f000c493139b6de77604d1f21dc3cdcdba7ca958545e9ff584f35,79353fc548df23f33b0a01941a38c723539b35eea3e0a3126e5b8ace2dfcc65f,6638f4e72746a1b644121d3d19c781be9551a0a4ad06388c98b49efbc5905174,238caffa74bd82b3ea155ab390fb6e8e67e53df50eb1a9ce68d6749232526116,07dce7585bae0d6578ff4d72fd3b873738283c7c4542b1564d83548fceab76e3
LightGBM,B1->B1H,H1,72,0.01,198311,1984,2160,1677,58,60,365,1737,1735,-2,e73cf277988f000c493139b6de77604d1f21dc3cdcdba7ca958545e9ff584f35,79353fc548df23f33b0a01941a38c723539b35eea3e0a3126e5b8ace2dfcc65f,7d2930e0af1041ebfe1409f930d710af93c20c3095bf8d4c0f0ca036be65dcf5,89a1adcb273d2082390ec728fd2bfcbdce0d61ff0495b8553d65967f20bcdcba,07dce7585bae0d6578ff4d72fd3b873738283c7c4542b1564d83548fceab76e3
LightGBM,B1->B1H,H1,72,0.03,198311,5950,2160,2092,21,20,27,2112,2113,1,e73cf277988f000c493139b6de77604d1f21dc3cdcdba7ca958545e9ff584f35,79353fc548df23f33b0a01941a38c723539b35eea3e0a3126e5b8ace2dfcc65f,7d2930e0af1041ebfe1409f930d710af93c20c3095bf8d4c0f0ca036be65dcf5,89a1adcb273d2082390ec728fd2bfcbdce0d61ff0495b8553d65967f20bcdcba,07dce7585bae0d6578ff4d72fd3b873738283c7c4542b1564d83548fceab76e3
LightGBM,B1->B1H,H1,72,0.05,198311,9916,2160,2157,1,2,0,2159,2158,-1,e73cf277988f000c493139b6de77604d1f21dc3cdcdba7ca958545e9ff584f35,79353fc548df23f33b0a01941a38c723539b35eea3e0a3126e5b8ace2dfcc65f,7d2930e0af1041ebfe1409f930d710af93c20c3095bf8d4c0f0ca036be65dcf5,89a1adcb273d2082390ec728fd2bfcbdce0d61ff0495b8553d65967f20bcdcba,07dce7585bae0d6578ff4d72fd3b873738283c7c4542b1564d83548fceab76e3
LightGBM,B1->B1H,H1,82,0.01,198311,1984,2160,1669,58,74,359,1743,1727,-16,e73cf277988f000c493139b6de77604d1f21dc3cdcdba7ca958545e9ff584f35,79353fc548df23f33b0a01941a38c723539b35eea3e0a3126e5b8ace2dfcc65f,93c493fc921ccfcd1ef65ed038322c64abe53c29abc948522be4554571b17089,e5337918dfe7cce0c7201a42f8e0584dfc36d941de544b6afea8eeaa569623a6,07dce7585bae0d6578ff4d72fd3b873738283c7c4542b1564d83548fceab76e3
LightGBM,B1->B1H,H1,82,0.03,198311,5950,2160,2095,20,18,27,2113,2115,2,e73cf277988f000c493139b6de77604d1f21dc3cdcdba7ca958545e9ff584f35,79353fc548df23f33b0a01941a38c723539b35eea3e0a3126e5b8ace2dfcc65f,93c493fc921ccfcd1ef65ed038322c64abe53c29abc948522be4554571b17089,e5337918dfe7cce0c7201a42f8e0584dfc36d941de544b6afea8eeaa569623a6,07dce7585bae0d6578ff4d72fd3b873738283c7c4542b1564d83548fceab76e3
LightGBM,B1->B1H,H1,82,0.05,198311,9916,2160,2159,0,1,0,2160,2159,-1,e73cf277988f000c493139b6de77604d1f21dc3cdcdba7ca958545e9ff584f35,79353fc548df23f33b0a01941a38c723539b35eea3e0a3126e5b8ace2dfcc65f,93c493fc921ccfcd1ef65ed038322c64abe53c29abc948522be4554571b17089,e5337918dfe7cce0c7201a42f8e0584dfc36d941de544b6afea8eeaa569623a6,07dce7585bae0d6578ff4d72fd3b873738283c7c4542b1564d83548fceab76e3
XGBoost,B0->B0H,H0,42,0.01,198311,1984,2160,1479,252,52,377,1531,1731,200,e73cf277988f000c493139b6de77604d1f21dc3cdcdba7ca958545e9ff584f35,79353fc548df23f33b0a01941a38c723539b35eea3e0a3126e5b8ace2dfcc65f,631108c249e46e7fbf7ec50d284b74c47461b1269cca19a33b27d3dee368c80d,0fccf19817da0567167f99dcf41274f1dd1b1f73e15e15a2cc27cf9049090ddf,07dce7585bae0d6578ff4d72fd3b873738283c7c4542b1564d83548fceab76e3
XGBoost,B0->B0H,H0,42,0.03,198311,5950,2160,1894,210,0,56,1894,2104,210,e73cf277988f000c493139b6de77604d1f21dc3cdcdba7ca958545e9ff584f35,79353fc548df23f33b0a01941a38c723539b35eea3e0a3126e5b8ace2dfcc65f,631108c249e46e7fbf7ec50d284b74c47461b1269cca19a33b27d3dee368c80d,0fccf19817da0567167f99dcf41274f1dd1b1f73e15e15a2cc27cf9049090ddf,07dce7585bae0d6578ff4d72fd3b873738283c7c4542b1564d83548fceab76e3
XGBoost,B0->B0H,H0,42,0.05,198311,9916,2160,1990,169,1,0,1991,2159,168,e73cf277988f000c493139b6de77604d1f21dc3cdcdba7ca958545e9ff584f35,79353fc548df23f33b0a01941a38c723539b35eea3e0a3126e5b8ace2dfcc65f,631108c249e46e7fbf7ec50d284b74c47461b1269cca19a33b27d3dee368c80d,0fccf19817da0567167f99dcf41274f1dd1b1f73e15e15a2cc27cf9049090ddf,07dce7585bae0d6578ff4d72fd3b873738283c7c4542b1564d83548fceab76e3
XGBoost,B0->B0H,H0,52,0.01,198311,1984,2160,1480,252,51,377,1531,1732,201,e73cf277988f000c493139b6de77604d1f21dc3cdcdba7ca958545e9ff584f35,79353fc548df23f33b0a01941a38c723539b35eea3e0a3126e5b8ace2dfcc65f,9e239f35e262c36860aa1d528a9808d08737ac7e8d7fe10f7f293ae801ab60e8,8eee523c9a8b3d4ccf4e4be6f6eb8ef012e0a50b32b08d44330e7efb6bc1fcac,07dce7585bae0d6578ff4d72fd3b873738283c7c4542b1564d83548fceab76e3
XGBoost,B0->B0H,H0,52,0.03,198311,5950,2160,1894,211,0,55,1894,2105,211,e73cf277988f000c493139b6de77604d1f21dc3cdcdba7ca958545e9ff584f35,79353fc548df23f33b0a01941a38c723539b35eea3e0a3126e5b8ace2dfcc65f,9e239f35e262c36860aa1d528a9808d08737ac7e8d7fe10f7f293ae801ab60e8,8eee523c9a8b3d4ccf4e4be6f6eb8ef012e0a50b32b08d44330e7efb6bc1fcac,07dce7585bae0d6578ff4d72fd3b873738283c7c4542b1564d83548fceab76e3
XGBoost,B0->B0H,H0,52,0.05,198311,9916,2160,1987,172,1,0,1988,2159,171,e73cf277988f000c493139b6de77604d1f21dc3cdcdba7ca958545e9ff584f35,79353fc548df23f33b0a01941a38c723539b35eea3e0a3126e5b8ace2dfcc65f,9e239f35e262c36860aa1d528a9808d08737ac7e8d7fe10f7f293ae801ab60e8,8eee523c9a8b3d4ccf4e4be6f6eb8ef012e0a50b32b08d44330e7efb6bc1fcac,07dce7585bae0d6578ff4d72fd3b873738283c7c4542b1564d83548fceab76e3
XGBoost,B0->B0H,H0,62,0.01,198311,1984,2160,1471,258,60,371,1531,1729,198,e73cf277988f000c493139b6de77604d1f21dc3cdcdba7ca958545e9ff584f35,79353fc548df23f33b0a01941a38c723539b35eea3e0a3126e5b8ace2dfcc65f,0fc6332e3c9a4fc2cd51b34b1598e2fca128bc98eaf405a114f3cb189062f6ba,7ea3375328a5565cae7d7dc5c71c6aeb1acf043756b1f6cd0ca48250be2b2009,07dce7585bae0d6578ff4d72fd3b873738283c7c4542b1564d83548fceab76e3
XGBoost,B0->B0H,H0,62,0.03,198311,5950,2160,1895,212,0,53,1895,2107,212,e73cf277988f000c493139b6de77604d1f21dc3cdcdba7ca958545e9ff584f35,79353fc548df23f33b0a01941a38c723539b35eea3e0a3126e5b8ace2dfcc65f,0fc6332e3c9a4fc2cd51b34b1598e2fca128bc98eaf405a114f3cb189062f6ba,7ea3375328a5565cae7d7dc5c71c6aeb1acf043756b1f6cd0ca48250be2b2009,07dce7585bae0d6578ff4d72fd3b873738283c7c4542b1564d83548fceab76e3
XGBoost,B0->B0H,H0,62,0.05,198311,9916,2160,1990,169,1,0,1991,2159,168,e73cf277988f000c493139b6de77604d1f21dc3cdcdba7ca958545e9ff584f35,79353fc548df23f33b0a01941a38c723539b35eea3e0a3126e5b8ace2dfcc65f,0fc6332e3c9a4fc2cd51b34b1598e2fca128bc98eaf405a114f3cb189062f6ba,7ea3375328a5565cae7d7dc5c71c6aeb1acf043756b1f6cd0ca48250be2b2009,07dce7585bae0d6578ff4d72fd3b873738283c7c4542b1564d83548fceab76e3
XGBoost,B0->B0H,H0,72,0.01,198311,1984,2160,1474,258,51,377,1525,1732,207,e73cf277988f000c493139b6de77604d1f21dc3cdcdba7ca958545e9ff584f35,79353fc548df23f33b0a01941a38c723539b35eea3e0a3126e5b8ace2dfcc65f,2aca4d6d8b415d8769762234347eec681b61d4e401b564d3f79de7f88f896e98,adc4d1a6e6b572ffac8b17790b0b51cf7c9367609be7e5ad5c9be20d8aad6284,07dce7585bae0d6578ff4d72fd3b873738283c7c4542b1564d83548fceab76e3
XGBoost,B0->B0H,H0,72,0.03,198311,5950,2160,1896,210,0,54,1896,2106,210,e73cf277988f000c493139b6de77604d1f21dc3cdcdba7ca958545e9ff584f35,79353fc548df23f33b0a01941a38c723539b35eea3e0a3126e5b8ace2dfcc65f,2aca4d6d8b415d8769762234347eec681b61d4e401b564d3f79de7f88f896e98,adc4d1a6e6b572ffac8b17790b0b51cf7c9367609be7e5ad5c9be20d8aad6284,07dce7585bae0d6578ff4d72fd3b873738283c7c4542b1564d83548fceab76e3
XGBoost,B0->B0H,H0,72,0.05,198311,9916,2160,1992,166,1,1,1993,2158,165,e73cf277988f000c493139b6de77604d1f21dc3cdcdba7ca958545e9ff584f35,79353fc548df23f33b0a01941a38c723539b35eea3e0a3126e5b8ace2dfcc65f,2aca4d6d8b415d8769762234347eec681b61d4e401b564d3f79de7f88f896e98,adc4d1a6e6b572ffac8b17790b0b51cf7c9367609be7e5ad5c9be20d8aad6284,07dce7585bae0d6578ff4d72fd3b873738283c7c4542b1564d83548fceab76e3
XGBoost,B0->B0H,H0,82,0.01,198311,1984,2160,1472,260,53,375,1525,1732,207,e73cf277988f000c493139b6de77604d1f21dc3cdcdba7ca958545e9ff584f35,79353fc548df23f33b0a01941a38c723539b35eea3e0a3126e5b8ace2dfcc65f,a263928537a0fac16f7c943cfa0a5385655e075a1c0b46355b1f67c9b3982232,9827a108c1ce7017851afaa80f10c2d1f2d672e992b7c695936402b5d5c2b8fb,07dce7585bae0d6578ff4d72fd3b873738283c7c4542b1564d83548fceab76e3
XGBoost,B0->B0H,H0,82,0.03,198311,5950,2160,1892,214,0,54,1892,2106,214,e73cf277988f000c493139b6de77604d1f21dc3cdcdba7ca958545e9ff584f35,79353fc548df23f33b0a01941a38c723539b35eea3e0a3126e5b8ace2dfcc65f,a263928537a0fac16f7c943cfa0a5385655e075a1c0b46355b1f67c9b3982232,9827a108c1ce7017851afaa80f10c2d1f2d672e992b7c695936402b5d5c2b8fb,07dce7585bae0d6578ff4d72fd3b873738283c7c4542b1564d83548fceab76e3
XGBoost,B0->B0H,H0,82,0.05,198311,9916,2160,1993,165,1,1,1994,2158,164,e73cf277988f000c493139b6de77604d1f21dc3cdcdba7ca958545e9ff584f35,79353fc548df23f33b0a01941a38c723539b35eea3e0a3126e5b8ace2dfcc65f,a263928537a0fac16f7c943cfa0a5385655e075a1c0b46355b1f67c9b3982232,9827a108c1ce7017851afaa80f10c2d1f2d672e992b7c695936402b5d5c2b8fb,07dce7585bae0d6578ff4d72fd3b873738283c7c4542b1564d83548fceab76e3
XGBoost,B1->B1H,H1,42,0.01,198311,1984,2160,1690,49,30,391,1720,1739,19,e73cf277988f000c493139b6de77604d1f21dc3cdcdba7ca958545e9ff584f35,79353fc548df23f33b0a01941a38c723539b35eea3e0a3126e5b8ace2dfcc65f,1688d65c12587246394afc337cdaf44f3dd74d8138ffad881404108e1fa2c18e,44ca53140258045f8d0abe5e1535c4de6e49045ce312eafd44b526fc1b7591b2,07dce7585bae0d6578ff4d72fd3b873738283c7c4542b1564d83548fceab76e3
XGBoost,B1->B1H,H1,42,0.03,198311,5950,2160,2083,27,20,30,2103,2110,7,e73cf277988f000c493139b6de77604d1f21dc3cdcdba7ca958545e9ff584f35,79353fc548df23f33b0a01941a38c723539b35eea3e0a3126e5b8ace2dfcc65f,1688d65c12587246394afc337cdaf44f3dd74d8138ffad881404108e1fa2c18e,44ca53140258045f8d0abe5e1535c4de6e49045ce312eafd44b526fc1b7591b2,07dce7585bae0d6578ff4d72fd3b873738283c7c4542b1564d83548fceab76e3
XGBoost,B1->B1H,H1,42,0.05,198311,9916,2160,2150,6,3,1,2153,2156,3,e73cf277988f000c493139b6de77604d1f21dc3cdcdba7ca958545e9ff584f35,79353fc548df23f33b0a01941a38c723539b35eea3e0a3126e5b8ace2dfcc65f,1688d65c12587246394afc337cdaf44f3dd74d8138ffad881404108e1fa2c18e,44ca53140258045f8d0abe5e1535c4de6e49045ce312eafd44b526fc1b7591b2,07dce7585bae0d6578ff4d72fd3b873738283c7c4542b1564d83548fceab76e3
XGBoost,B1->B1H,H1,52,0.01,198311,1984,2160,1690,49,39,382,1729,1739,10,e73cf277988f000c493139b6de77604d1f21dc3cdcdba7ca958545e9ff584f35,79353fc548df23f33b0a01941a38c723539b35eea3e0a3126e5b8ace2dfcc65f,d2199c8adbabc61c6850b6221725a0c8d8c06591c32d91e525c7a5e7493aa593,ee42f53ab118b540b4d62317c1a05095d6c3dec937cfd310f32cb64cac3f78b2,07dce7585bae0d6578ff4d72fd3b873738283c7c4542b1564d83548fceab76e3
XGBoost,B1->B1H,H1,52,0.03,198311,5950,2160,2082,28,20,30,2102,2110,8,e73cf277988f000c493139b6de77604d1f21dc3cdcdba7ca958545e9ff584f35,79353fc548df23f33b0a01941a38c723539b35eea3e0a3126e5b8ace2dfcc65f,d2199c8adbabc61c6850b6221725a0c8d8c06591c32d91e525c7a5e7493aa593,ee42f53ab118b540b4d62317c1a05095d6c3dec937cfd310f32cb64cac3f78b2,07dce7585bae0d6578ff4d72fd3b873738283c7c4542b1564d83548fceab76e3
XGBoost,B1->B1H,H1,52,0.05,198311,9916,2160,2147,6,5,2,2152,2153,1,e73cf277988f000c493139b6de77604d1f21dc3cdcdba7ca958545e9ff584f35,79353fc548df23f33b0a01941a38c723539b35eea3e0a3126e5b8ace2dfcc65f,d2199c8adbabc61c6850b6221725a0c8d8c06591c32d91e525c7a5e7493aa593,ee42f53ab118b540b4d62317c1a05095d6c3dec937cfd310f32cb64cac3f78b2,07dce7585bae0d6578ff4d72fd3b873738283c7c4542b1564d83548fceab76e3
XGBoost,B1->B1H,H1,62,0.01,198311,1984,2160,1691,53,33,383,1724,1744,20,e73cf277988f000c493139b6de77604d1f21dc3cdcdba7ca958545e9ff584f35,79353fc548df23f33b0a01941a38c723539b35eea3e0a3126e5b8ace2dfcc65f,7500bca8c15dd97be03be3ab401e34e8468c6434b19a271d77bbe14c56e965e6,1e060bb857ad5e15a9b726f3371499dcca1f325319b59acda9d2e20cec9d53f2,07dce7585bae0d6578ff4d72fd3b873738283c7c4542b1564d83548fceab76e3
XGBoost,B1->B1H,H1,62,0.03,198311,5950,2160,2082,28,18,32,2100,2110,10,e73cf277988f000c493139b6de77604d1f21dc3cdcdba7ca958545e9ff584f35,79353fc548df23f33b0a01941a38c723539b35eea3e0a3126e5b8ace2dfcc65f,7500bca8c15dd97be03be3ab401e34e8468c6434b19a271d77bbe14c56e965e6,1e060bb857ad5e15a9b726f3371499dcca1f325319b59acda9d2e20cec9d53f2,07dce7585bae0d6578ff4d72fd3b873738283c7c4542b1564d83548fceab76e3
XGBoost,B1->B1H,H1,62,0.05,198311,9916,2160,2150,6,2,2,2152,2156,4,e73cf277988f000c493139b6de77604d1f21dc3cdcdba7ca958545e9ff584f35,79353fc548df23f33b0a01941a38c723539b35eea3e0a3126e5b8ace2dfcc65f,7500bca8c15dd97be03be3ab401e34e8468c6434b19a271d77bbe14c56e965e6,1e060bb857ad5e15a9b726f3371499dcca1f325319b59acda9d2e20cec9d53f2,07dce7585bae0d6578ff4d72fd3b873738283c7c4542b1564d83548fceab76e3
XGBoost,B1->B1H,H1,72,0.01,198311,1984,2160,1687,52,36,385,1723,1739,16,e73cf277988f000c493139b6de77604d1f21dc3cdcdba7ca958545e9ff584f35,79353fc548df23f33b0a01941a38c723539b35eea3e0a3126e5b8ace2dfcc65f,b581a1347037176e86eaec3bfc8e2d6e9145ec896548e5584f6940a4313949ce,5bfac9cf04a6b2fc64a63ea9059f51c938e1cfae06578fc88302b7980b735a56,07dce7585bae0d6578ff4d72fd3b873738283c7c4542b1564d83548fceab76e3
XGBoost,B1->B1H,H1,72,0.03,198311,5950,2160,2084,26,13,37,2097,2110,13,e73cf277988f000c493139b6de77604d1f21dc3cdcdba7ca958545e9ff584f35,79353fc548df23f33b0a01941a38c723539b35eea3e0a3126e5b8ace2dfcc65f,b581a1347037176e86eaec3bfc8e2d6e9145ec896548e5584f6940a4313949ce,5bfac9cf04a6b2fc64a63ea9059f51c938e1cfae06578fc88302b7980b735a56,07dce7585bae0d6578ff4d72fd3b873738283c7c4542b1564d83548fceab76e3
XGBoost,B1->B1H,H1,72,0.05,198311,9916,2160,2151,5,2,2,2153,2156,3,e73cf277988f000c493139b6de77604d1f21dc3cdcdba7ca958545e9ff584f35,79353fc548df23f33b0a01941a38c723539b35eea3e0a3126e5b8ace2dfcc65f,b581a1347037176e86eaec3bfc8e2d6e9145ec896548e5584f6940a4313949ce,5bfac9cf04a6b2fc64a63ea9059f51c938e1cfae06578fc88302b7980b735a56,07dce7585bae0d6578ff4d72fd3b873738283c7c4542b1564d83548fceab76e3
XGBoost,B1->B1H,H1,82,0.01,198311,1984,2160,1688,45,40,387,1728,1733,5,e73cf277988f000c493139b6de77604d1f21dc3cdcdba7ca958545e9ff584f35,79353fc548df23f33b0a01941a38c723539b35eea3e0a3126e5b8ace2dfcc65f,5d4b7693be33d05c33e95047fc02bc0582ded88ca9aaca4f28e3beac0c331db8,eb79bfbddf22f30c134c51e6e439e7400e8625e86a17f9a69d5d9470fb3cf1cc,07dce7585bae0d6578ff4d72fd3b873738283c7c4542b1564d83548fceab76e3
XGBoost,B1->B1H,H1,82,0.03,198311,5950,2160,2086,25,15,34,2101,2111,10,e73cf277988f000c493139b6de77604d1f21dc3cdcdba7ca958545e9ff584f35,79353fc548df23f33b0a01941a38c723539b35eea3e0a3126e5b8ace2dfcc65f,5d4b7693be33d05c33e95047fc02bc0582ded88ca9aaca4f28e3beac0c331db8,eb79bfbddf22f30c134c51e6e439e7400e8625e86a17f9a69d5d9470fb3cf1cc,07dce7585bae0d6578ff4d72fd3b873738283c7c4542b1564d83548fceab76e3
XGBoost,B1->B1H,H1,82,0.05,198311,9916,2160,2150,6,2,2,2152,2156,4,e73cf277988f000c493139b6de77604d1f21dc3cdcdba7ca958545e9ff584f35,79353fc548df23f33b0a01941a38c723539b35eea3e0a3126e5b8ace2dfcc65f,5d4b7693be33d05c33e95047fc02bc0582ded88ca9aaca4f28e3beac0c331db8,eb79bfbddf22f30c134c51e6e439e7400e8625e86a17f9a69d5d9470fb3cf1cc,07dce7585bae0d6578ff4d72fd3b873738283c7c4542b1564d83548fceab76e3
