family,reference_pair,contrast,q,N,K,F,R,G,L,U,TP_before,TP_after,delta_tp
LightGBM,B0->B0H,H0,0.01,198311.0,1984.0,2160.0,1465.8,253.2,65.6,375.4,1531.4,1719.0,187.6
LightGBM,B0->B0H,H0,0.03,198311.0,5950.0,2160.0,1893.8,211.4,3.0,51.8,1896.8,2105.2,208.4
LightGBM,B0->B0H,H0,0.05,198311.0,9916.0,2160.0,1997.0,161.6,1.0,0.4,1998.0,2158.6,160.6
LightGBM,B1->B1H,H1,0.01,198311.0,1984.0,2160.0,1668.8,58.4,73.6,359.2,1742.4,1727.2,-15.2
LightGBM,B1->B1H,H1,0.03,198311.0,5950.0,2160.0,2093.2,20.4,19.4,27.0,2112.6,2113.6,1.0
LightGBM,B1->B1H,H1,0.05,198311.0,9916.0,2160.0,2158.4,0.2,1.4,0.0,2159.8,2158.6,-1.2
XGBoost,B0->B0H,H0,0.01,198311.0,1984.0,2160.0,1475.2,256.0,53.4,375.4,1528.6,1731.2,202.6
XGBoost,B0->B0H,H0,0.03,198311.0,5950.0,2160.0,1894.2,211.4,0.0,54.4,1894.2,2105.6,211.4
XGBoost,B0->B0H,H0,0.05,198311.0,9916.0,2160.0,1990.4,168.2,1.0,0.4,1991.4,2158.6,167.2
XGBoost,B1->B1H,H1,0.01,198311.0,1984.0,2160.0,1689.2,49.6,35.6,385.6,1724.8,1738.8,14.0
XGBoost,B1->B1H,H1,0.03,198311.0,5950.0,2160.0,2083.4,26.8,17.2,32.6,2100.6,2110.2,9.6
XGBoost,B1->B1H,H1,0.05,198311.0,9916.0,2160.0,2149.6,5.8,2.8,1.8,2152.4,2155.4,3.0
