fold,split,model,seed,n,frauds
1,validation,P0,42,639263,401
1,validation,P0,52,639263,401
1,validation,P0,62,639263,401
1,validation,P0,72,639263,401
1,validation,P0,82,639263,401
1,validation,PT,42,639263,401
1,validation,PT,52,639263,401
1,validation,PT,62,639263,401
1,validation,PT,72,639263,401
1,validation,PT,82,639263,401
1,validation,PH,42,639263,401
1,validation,PH,52,639263,401
1,validation,PH,62,639263,401
1,validation,PH,72,639263,401
1,validation,PH,82,639263,401
1,validation,PTH,42,639263,401
1,validation,PTH,52,639263,401
1,validation,PTH,62,639263,401
1,validation,PTH,72,639263,401
1,validation,PTH,82,639263,401
1,validation,PTHW,42,639263,401
1,validation,PTHW,52,639263,401
1,validation,PTHW,62,639263,401
1,validation,PTHW,72,639263,401
1,validation,PTHW,82,639263,401
1,test,P0,42,642661,498
1,test,P0,52,642661,498
1,test,P0,62,642661,498
1,test,P0,72,642661,498
1,test,P0,82,642661,498
1,test,PT,42,642661,498
1,test,PT,52,642661,498
1,test,PT,62,642661,498
1,test,PT,72,642661,498
1,test,PT,82,642661,498
1,test,PH,42,642661,498
1,test,PH,52,642661,498
1,test,PH,62,642661,498
1,test,PH,72,642661,498
1,test,PH,82,642661,498
1,test,PTH,42,642661,498
1,test,PTH,52,642661,498
1,test,PTH,62,642661,498
1,test,PTH,72,642661,498
1,test,PTH,82,642661,498
1,test,PTHW,42,642661,498
1,test,PTHW,52,642661,498
1,test,PTHW,62,642661,498
1,test,PTHW,72,642661,498
1,test,PTHW,82,642661,498
2,validation,P0,42,642988,450
2,validation,P0,52,642988,450
2,validation,P0,62,642988,450
2,validation,P0,72,642988,450
2,validation,P0,82,642988,450
2,validation,PT,42,642988,450
2,validation,PT,52,642988,450
2,validation,PT,62,642988,450
2,validation,PT,72,642988,450
2,validation,PT,82,642988,450
2,validation,PH,42,642988,450
2,validation,PH,52,642988,450
2,validation,PH,62,642988,450
2,validation,PH,72,642988,450
2,validation,PH,82,642988,450
2,validation,PTH,42,642988,450
2,validation,PTH,52,642988,450
2,validation,PTH,62,642988,450
2,validation,PTH,72,642988,450
2,validation,PTH,82,642988,450
2,validation,PTHW,42,642988,450
2,validation,PTHW,52,642988,450
2,validation,PTHW,62,642988,450
2,validation,PTHW,72,642988,450
2,validation,PTHW,82,642988,450
2,test,P0,42,605510,312
2,test,P0,52,605510,312
2,test,P0,62,605510,312
2,test,P0,72,605510,312
2,test,P0,82,605510,312
2,test,PT,42,605510,312
2,test,PT,52,605510,312
2,test,PT,62,605510,312
2,test,PT,72,605510,312
2,test,PT,82,605510,312
2,test,PH,42,605510,312
2,test,PH,52,605510,312
2,test,PH,62,605510,312
2,test,PH,72,605510,312
2,test,PH,82,605510,312
2,test,PTH,42,605510,312
2,test,PTH,52,605510,312
2,test,PTH,62,605510,312
2,test,PTH,72,605510,312
2,test,PTH,82,605510,312
2,test,PTHW,42,605510,312
2,test,PTHW,52,605510,312
2,test,PTHW,62,605510,312
2,test,PTHW,72,605510,312
2,test,PTHW,82,605510,312
3,validation,P0,42,656800,494
3,validation,P0,52,656800,494
3,validation,P0,62,656800,494
3,validation,P0,72,656800,494
3,validation,P0,82,656800,494
3,validation,PT,42,656800,494
3,validation,PT,52,656800,494
3,validation,PT,62,656800,494
3,validation,PT,72,656800,494
3,validation,PT,82,656800,494
3,validation,PH,42,656800,494
3,validation,PH,52,656800,494
3,validation,PH,62,656800,494
3,validation,PH,72,656800,494
3,validation,PH,82,656800,494
3,validation,PTH,42,656800,494
3,validation,PTH,52,656800,494
3,validation,PTH,62,656800,494
3,validation,PTH,72,656800,494
3,validation,PTH,82,656800,494
3,validation,PTHW,42,656800,494
3,validation,PTHW,52,656800,494
3,validation,PTHW,62,656800,494
3,validation,PTHW,72,656800,494
3,validation,PTHW,82,656800,494
3,test,P0,42,636723,3764
3,test,P0,52,636723,3764
3,test,P0,62,636723,3764
3,test,P0,72,636723,3764
3,test,P0,82,636723,3764
3,test,PT,42,636723,3764
3,test,PT,52,636723,3764
3,test,PT,62,636723,3764
3,test,PT,72,636723,3764
3,test,PT,82,636723,3764
3,test,PH,42,636723,3764
3,test,PH,52,636723,3764
3,test,PH,62,636723,3764
3,test,PH,72,636723,3764
3,test,PH,82,636723,3764
3,test,PTH,42,636723,3764
3,test,PTH,52,636723,3764
3,test,PTH,62,636723,3764
3,test,PTH,72,636723,3764
3,test,PTH,82,636723,3764
3,test,PTHW,42,636723,3764
3,test,PTHW,52,636723,3764
3,test,PTHW,62,636723,3764
3,test,PTHW,72,636723,3764
3,test,PTHW,82,636723,3764
