dataset,fold,seed,contrast,clipped,platt,raw,clipped_minus_raw,platt_minus_clipped,platt_minus_raw
paysim,1,42,P_BUNDLE,-0.07968917158819651,-0.07968917158819651,-0.07049060081417186,-0.009198570774024653,0.0,-0.009198570774024653
paysim,1,42,P_H_BASE,-0.01604882898615112,-0.01604882898615112,-0.011707478580157832,-0.004341350405993288,0.0,-0.004341350405993288
paysim,1,42,P_H_TIME,-0.051161435532710756,-0.051161435532710756,-0.15413694972514125,0.10297551419243049,0.0,0.10297551419243049
paysim,1,42,P_PRIMARY,-0.08147805760349656,-0.08147805760349656,-0.0853343119943735,0.0038562543908769314,0.0,0.0038562543908769314
paysim,1,42,P_WEIGHT,-0.0017888860153000563,-0.0017888860153000563,-0.01484371118020164,0.013054825164901585,0.0,0.013054825164901585
paysim,1,52,P_BUNDLE,0.13218934054791803,0.13218934054791803,0.17587611445410747,-0.04368677390618944,0.0,-0.04368677390618944
paysim,1,52,P_H_BASE,-0.10650176885126957,-0.10650176885126957,-0.09883191650234718,-0.007669852348922382,0.0,-0.007669852348922382
paysim,1,52,P_H_TIME,0.2417492707862692,0.2417492707862692,0.277994168953215,-0.03624489816694579,0.0,-0.03624489816694579
paysim,1,52,P_PRIMARY,0.1882283998223478,0.1882283998223478,0.22399037994651635,-0.03576198012416856,0.0,-0.03576198012416856
paysim,1,52,P_WEIGHT,0.05603905927442976,0.05603905927442976,0.04811426549240888,0.007924793782020878,0.0,0.007924793782020878
paysim,1,62,P_BUNDLE,0.165384063405045,0.165384063405045,0.19701409541000717,-0.03163003200496217,0.0,-0.03163003200496217
paysim,1,62,P_H_BASE,-0.03466201146212472,-0.03466201146212472,-0.006073497675551015,-0.028588513786573705,0.0,-0.028588513786573705
paysim,1,62,P_H_TIME,-0.00010963760792098709,-0.00010963760792098709,0.019289329142136047,-0.019398966750057034,0.0,-0.019398966750057034
paysim,1,62,P_PRIMARY,0.13341259124979274,0.13341259124979274,0.1531057135216319,-0.01969312227183917,0.0,-0.01969312227183917
paysim,1,62,P_WEIGHT,-0.031971472155252256,-0.031971472155252256,-0.04390838188837526,0.011936909733123002,0.0,0.011936909733123002
paysim,1,72,P_BUNDLE,0.1508270999635583,0.1508270999635583,0.16776878388136962,-0.016941683917811312,0.0,-0.016941683917811312
paysim,1,72,P_H_BASE,-0.02157068876639931,-0.02157068876639931,-0.021906467216436645,0.00033577845003733564,0.0,0.00033577845003733564
paysim,1,72,P_H_TIME,-0.018034737570783888,-0.018034737570783888,-0.0034802326286137997,-0.014554504942170088,0.0,-0.014554504942170088
paysim,1,72,P_PRIMARY,0.07016455090203988,0.07016455090203988,0.08728662718693919,-0.017122076284899312,0.0,-0.017122076284899312
paysim,1,72,P_WEIGHT,-0.08066254906151843,-0.08066254906151843,-0.08048215669443043,-0.00018039236708800033,0.0,-0.00018039236708800033
paysim,1,82,P_BUNDLE,0.08756094266256961,0.08756094266256961,0.1421741042414012,-0.05461316157883159,0.0,-0.05461316157883159
paysim,1,82,P_H_BASE,-0.037695389088306164,-0.037695389088306164,-0.02783817159400548,-0.009857217494300685,0.0,-0.009857217494300685
paysim,1,82,P_H_TIME,-0.10485375891911813,-0.10485375891911813,-0.04844625822869569,-0.05640750069042244,0.0,-0.05640750069042244
paysim,1,82,P_PRIMARY,0.1374012805453829,0.1374012805453829,0.12844935248471057,0.008951928060672326,0.0,0.008951928060672326
paysim,1,82,P_WEIGHT,0.04984033788281328,0.04984033788281328,-0.013724751756690634,0.06356508963950391,0.0,0.06356508963950391
paysim,2,42,P_BUNDLE,-0.04428833556794762,-0.04428833556794762,-0.010864274105583646,-0.03342406146236397,0.0,-0.03342406146236397
paysim,2,42,P_H_BASE,-0.060671436348888635,-0.060671436348888635,-0.0702971142315861,0.00962567788269747,0.0,0.00962567788269747
paysim,2,42,P_H_TIME,0.039691519040688496,0.039691519040688496,0.07826381303148244,-0.03857229399079395,0.0,-0.03857229399079395
paysim,2,42,P_PRIMARY,-0.05601156186670152,-0.05601156186670152,-0.04782653899973917,-0.00818502286696235,0.0,-0.00818502286696235
paysim,2,42,P_WEIGHT,-0.0117232262987539,-0.0117232262987539,-0.03696226489415552,0.025239038595401622,0.0,0.025239038595401622
paysim,2,52,P_BUNDLE,0.0279876499518973,0.0279876499518973,0.09057632772132361,-0.06258867776942631,0.0,-0.06258867776942631
paysim,2,52,P_H_BASE,-0.07533500739948096,-0.07533500739948096,-0.05182589500000011,-0.02350911239948085,0.0,-0.02350911239948085
paysim,2,52,P_H_TIME,-0.13932823080911658,-0.13932823080911658,-0.0855395512056995,-0.05378867960341707,0.0,-0.05378867960341707
paysim,2,52,P_PRIMARY,-0.06983707362053942,-0.06983707362053942,-0.010033948149556313,-0.05980312547098311,0.0,-0.05980312547098311
paysim,2,52,P_WEIGHT,-0.09782472357243673,-0.09782472357243673,-0.10061027587087992,0.0027855522984431974,0.0,0.0027855522984431974
paysim,2,62,P_BUNDLE,-0.07586022279818294,-0.07586022279818294,-0.004311293258408122,-0.07154892953977482,0.0,-0.07154892953977482
paysim,2,62,P_H_BASE,-0.0701809348512355,-0.0701809348512355,-0.04561184309537783,-0.02456909175585767,0.0,-0.02456909175585767
paysim,2,62,P_H_TIME,-0.025882037956723968,-0.025882037956723968,-0.047220793765895275,0.021338755809171307,0.0,0.021338755809171307
paysim,2,62,P_PRIMARY,-0.10775169006026973,-0.10775169006026973,-0.10762457770100005,-0.00012711235926968212,0.0,-0.00012711235926968212
paysim,2,62,P_WEIGHT,-0.03189146726208679,-0.03189146726208679,-0.10331328444259193,0.07142181718050514,0.0,0.07142181718050514
paysim,2,72,P_BUNDLE,-0.03506985756059158,-0.03506985756059158,-0.026974029385664178,-0.008095828174927405,0.0,-0.008095828174927405
paysim,2,72,P_H_BASE,-0.09310701740576338,-0.09310701740576338,-0.07722720455730692,-0.015879812848456465,0.0,-0.015879812848456465
paysim,2,72,P_H_TIME,-0.07295758129001756,-0.07295758129001756,-0.13921563940844503,0.06625805811842747,0.0,0.06625805811842747
paysim,2,72,P_PRIMARY,-0.10745986140471073,-0.10745986140471073,-0.10118906829772722,-0.006270793106983502,0.0,-0.006270793106983502
paysim,2,72,P_WEIGHT,-0.07239000384411914,-0.07239000384411914,-0.07421503891206305,0.0018250350679439031,0.0,0.0018250350679439031
paysim,2,82,P_BUNDLE,-0.0828650688783466,-0.0828650688783466,-0.041237978120579624,-0.04162709075776698,0.0,-0.04162709075776698
paysim,2,82,P_H_BASE,-0.07131858979526859,-0.07131858979526859,-0.05458979382612708,-0.016728795969141508,0.0,-0.016728795969141508
paysim,2,82,P_H_TIME,-0.23912377035923504,-0.23912377035923504,-0.2062870102331712,-0.032836760126063846,0.0,-0.032836760126063846
paysim,2,82,P_PRIMARY,0.030110124615077005,0.030110124615077005,0.050919002631178656,-0.02080887801610165,0.0,-0.02080887801610165
paysim,2,82,P_WEIGHT,0.11297519349342361,0.11297519349342361,0.09215698075175828,0.02081821274166533,0.0,0.02081821274166533
paysim,3,42,P_BUNDLE,-0.036709474780321966,-0.036709474780321966,0.05164110002097899,-0.08835057480130096,0.0,-0.08835057480130096
paysim,3,42,P_H_BASE,0.13596653641819129,0.13596653641819129,0.1362151106894075,-0.00024857427121621756,0.0,-0.00024857427121621756
paysim,3,42,P_H_TIME,0.14038872068836164,0.14038872068836164,0.23224076059601814,-0.0918520399076565,0.0,-0.0918520399076565
paysim,3,42,P_PRIMARY,-0.0006914022130176667,-0.0006914022130176667,0.022319775980474965,-0.023011178193492632,0.0,-0.023011178193492632
paysim,3,42,P_WEIGHT,0.0360180725673043,0.0360180725673043,-0.029321324040504027,0.06533939660780833,0.0,0.06533939660780833
paysim,3,52,P_BUNDLE,-0.18374666969243383,-0.18374666969243383,-0.18598723420792532,0.0022405645154914833,0.0,0.0022405645154914833
paysim,3,52,P_H_BASE,0.10583074648707314,0.10583074648707314,0.10490570733817922,0.0009250391488939136,0.0,0.0009250391488939136
paysim,3,52,P_H_TIME,0.0008229768134666582,0.0008229768134666582,0.004510312074751097,-0.0036873352612844384,0.0,-0.0036873352612844384
paysim,3,52,P_PRIMARY,-0.13165622889087064,-0.13165622889087064,-0.13180745825496643,0.00015122936409578402,0.0,0.00015122936409578402
paysim,3,52,P_WEIGHT,0.05209044080156319,0.05209044080156319,0.05417977595295889,-0.0020893351513956993,0.0,-0.0020893351513956993
paysim,3,62,P_BUNDLE,-0.05774434998455172,-0.05774434998455172,-0.05806251304337748,0.00031816305882576,0.0,0.00031816305882576
paysim,3,62,P_H_BASE,0.15036920028305195,0.15036920028305195,0.15152803195389908,-0.001158831670847127,0.0,-0.001158831670847127
paysim,3,62,P_H_TIME,0.06026473675599363,0.06026473675599363,0.06254731982039125,-0.002282583064397617,0.0,-0.002282583064397617
paysim,3,62,P_PRIMARY,-0.09896294316438341,-0.09896294316438341,-0.07994867026238955,-0.019014272901993853,0.0,-0.019014272901993853
paysim,3,62,P_WEIGHT,-0.04121859317983169,-0.04121859317983169,-0.021886157219012076,-0.019332435960819613,0.0,-0.019332435960819613
paysim,3,72,P_BUNDLE,-0.10851945176308475,-0.10851945176308475,-0.12304817606493249,0.014528724301847734,0.0,0.014528724301847734
paysim,3,72,P_H_BASE,-0.005028717460758558,-0.005028717460758558,-0.004886029061955066,-0.00014268839880349216,0.0,-0.00014268839880349216
paysim,3,72,P_H_TIME,0.10160218062757428,0.10160218062757428,0.07698134131817934,0.024620839309394946,0.0,0.024620839309394946
paysim,3,72,P_PRIMARY,-0.07342288423960075,-0.07342288423960075,-0.06703137349729854,-0.006391510742302209,0.0,-0.006391510742302209
paysim,3,72,P_WEIGHT,0.035096567523484,0.035096567523484,0.056016802567633944,-0.020920235044149943,0.0,-0.020920235044149943
paysim,3,82,P_BUNDLE,-0.015524624848597651,-0.015524624848597651,-0.028591768829832664,0.013067143981235013,0.0,0.013067143981235013
paysim,3,82,P_H_BASE,0.0886573518621922,0.0886573518621922,0.09095306806110343,-0.002295716198911224,0.0,-0.002295716198911224
paysim,3,82,P_H_TIME,0.16457968070249096,0.16457968070249096,0.13972921121239412,0.024850469490096838,0.0,0.024850469490096838
paysim,3,82,P_PRIMARY,-0.07446813229522334,-0.07446813229522334,-0.08148716648638996,0.007019034191166618,0.0,0.007019034191166618
paysim,3,82,P_WEIGHT,-0.05894350744662569,-0.05894350744662569,-0.05289539765655729,-0.0060481097900683956,0.0,-0.0060481097900683956
