dataset,fold,model,seed,score_stage,input_unique,output_unique,weakly_monotone,merged_score_groups
paysim,1,P0,42,clipped,528,501,True,27
paysim,1,P0,42,platt,501,501,True,0
paysim,1,P0,52,clipped,610,488,True,122
paysim,1,P0,52,platt,488,488,True,0
paysim,1,P0,62,clipped,601,599,True,2
paysim,1,P0,62,platt,599,599,True,0
paysim,1,P0,72,clipped,578,547,True,31
paysim,1,P0,72,platt,547,547,True,0
paysim,1,P0,82,clipped,651,593,True,58
paysim,1,P0,82,platt,593,593,True,0
paysim,1,PT,42,clipped,5618,5092,True,526
paysim,1,PT,42,platt,5092,5092,True,0
paysim,1,PT,52,clipped,7128,6686,True,442
paysim,1,PT,52,platt,6686,6686,True,0
paysim,1,PT,62,clipped,7088,6550,True,538
paysim,1,PT,62,platt,6550,6550,True,0
paysim,1,PT,72,clipped,6043,5288,True,755
paysim,1,PT,72,platt,5288,5288,True,0
paysim,1,PT,82,clipped,6566,6485,True,81
paysim,1,PT,82,platt,6485,6485,True,0
paysim,1,PH,42,clipped,40847,29215,True,11632
paysim,1,PH,42,platt,29215,29215,True,0
paysim,1,PH,52,clipped,34526,21037,True,13489
paysim,1,PH,52,platt,21037,21037,True,0
paysim,1,PH,62,clipped,48105,38064,True,10041
paysim,1,PH,62,platt,38064,38064,True,0
paysim,1,PH,72,clipped,81492,51059,True,30433
paysim,1,PH,72,platt,51059,51059,True,0
paysim,1,PH,82,clipped,42150,28543,True,13607
paysim,1,PH,82,platt,28543,28543,True,0
paysim,1,PTH,42,clipped,25514,16819,True,8695
paysim,1,PTH,42,platt,16819,16819,True,0
paysim,1,PTH,52,clipped,18139,9798,True,8341
paysim,1,PTH,52,platt,9798,9798,True,0
paysim,1,PTH,62,clipped,74355,53554,True,20801
paysim,1,PTH,62,platt,53554,53554,True,0
paysim,1,PTH,72,clipped,60281,39102,True,21179
paysim,1,PTH,72,platt,39102,39102,True,0
paysim,1,PTH,82,clipped,69801,49240,True,20561
paysim,1,PTH,82,platt,49240,49240,True,0
paysim,1,PTHW,42,clipped,51400,37757,True,13643
paysim,1,PTHW,42,platt,37757,37757,True,0
paysim,1,PTHW,52,clipped,40762,25445,True,15317
paysim,1,PTHW,52,platt,25445,25445,True,0
paysim,1,PTHW,62,clipped,18585,9294,True,9291
paysim,1,PTHW,62,platt,9294,9294,True,0
paysim,1,PTHW,72,clipped,28690,19828,True,8862
paysim,1,PTHW,72,platt,19828,19828,True,0
paysim,1,PTHW,82,clipped,55885,43043,True,12842
paysim,1,PTHW,82,platt,43043,43043,True,0
paysim,2,P0,42,clipped,501,390,True,111
paysim,2,P0,42,platt,390,390,True,0
paysim,2,P0,52,clipped,497,404,True,93
paysim,2,P0,52,platt,404,404,True,0
paysim,2,P0,62,clipped,437,337,True,100
paysim,2,P0,62,platt,337,337,True,0
paysim,2,P0,72,clipped,479,376,True,103
paysim,2,P0,72,platt,376,376,True,0
paysim,2,P0,82,clipped,471,422,True,49
paysim,2,P0,82,platt,422,422,True,0
paysim,2,PT,42,clipped,4249,3746,True,503
paysim,2,PT,42,platt,3746,3746,True,0
paysim,2,PT,52,clipped,5286,4607,True,679
paysim,2,PT,52,platt,4607,4607,True,0
paysim,2,PT,62,clipped,4094,2804,True,1290
paysim,2,PT,62,platt,2804,2804,True,0
paysim,2,PT,72,clipped,5154,4668,True,486
paysim,2,PT,72,platt,4668,4668,True,0
paysim,2,PT,82,clipped,4835,3744,True,1091
paysim,2,PT,82,platt,3744,3744,True,0
paysim,2,PH,42,clipped,26048,20401,True,5647
paysim,2,PH,42,platt,20401,20401,True,0
paysim,2,PH,52,clipped,41735,23870,True,17865
paysim,2,PH,52,platt,23870,23870,True,0
paysim,2,PH,62,clipped,26208,12733,True,13475
paysim,2,PH,62,platt,12733,12733,True,0
paysim,2,PH,72,clipped,49517,29313,True,20204
paysim,2,PH,72,platt,29313,29313,True,0
paysim,2,PH,82,clipped,32669,23131,True,9538
paysim,2,PH,82,platt,23131,23131,True,0
paysim,2,PTH,42,clipped,20717,12966,True,7751
paysim,2,PTH,42,platt,12966,12966,True,0
paysim,2,PTH,52,clipped,38352,26226,True,12126
paysim,2,PTH,52,platt,26226,26226,True,0
paysim,2,PTH,62,clipped,35288,22690,True,12598
paysim,2,PTH,62,platt,22690,22690,True,0
paysim,2,PTH,72,clipped,27051,20016,True,7035
paysim,2,PTH,72,platt,20016,20016,True,0
paysim,2,PTH,82,clipped,32663,17147,True,15516
paysim,2,PTH,82,platt,17147,17147,True,0
paysim,2,PTHW,42,clipped,6084,3532,True,2552
paysim,2,PTHW,42,platt,3532,3532,True,0
paysim,2,PTHW,52,clipped,13610,7828,True,5782
paysim,2,PTHW,52,platt,7828,7828,True,0
paysim,2,PTHW,62,clipped,9334,4711,True,4623
paysim,2,PTHW,62,platt,4711,4711,True,0
paysim,2,PTHW,72,clipped,8777,3838,True,4939
paysim,2,PTHW,72,platt,3838,3838,True,0
paysim,2,PTHW,82,clipped,41126,22155,True,18971
paysim,2,PTHW,82,platt,22155,22155,True,0
paysim,3,P0,42,clipped,296,271,True,25
paysim,3,P0,42,platt,271,271,True,0
paysim,3,P0,52,clipped,520,419,True,101
paysim,3,P0,52,platt,419,419,True,0
paysim,3,P0,62,clipped,274,265,True,9
paysim,3,P0,62,platt,265,265,True,0
paysim,3,P0,72,clipped,383,335,True,48
paysim,3,P0,72,platt,335,335,True,0
paysim,3,P0,82,clipped,431,422,True,9
paysim,3,P0,82,platt,422,422,True,0
paysim,3,PT,42,clipped,4376,3849,True,527
paysim,3,PT,42,platt,3849,3849,True,0
paysim,3,PT,52,clipped,4535,3083,True,1452
paysim,3,PT,52,platt,3083,3083,True,0
paysim,3,PT,62,clipped,4958,3460,True,1498
paysim,3,PT,62,platt,3460,3460,True,0
paysim,3,PT,72,clipped,3190,2345,True,845
paysim,3,PT,72,platt,2345,2345,True,0
paysim,3,PT,82,clipped,5147,4452,True,695
paysim,3,PT,82,platt,4452,4452,True,0
paysim,3,PH,42,clipped,12296,9509,True,2787
paysim,3,PH,42,platt,9509,9509,True,0
paysim,3,PH,52,clipped,24269,22151,True,2118
paysim,3,PH,52,platt,22151,22151,True,0
paysim,3,PH,62,clipped,9856,7291,True,2565
paysim,3,PH,62,platt,7291,7291,True,0
paysim,3,PH,72,clipped,10668,6530,True,4138
paysim,3,PH,72,platt,6530,6530,True,0
paysim,3,PH,82,clipped,11773,6950,True,4823
paysim,3,PH,82,platt,6950,6950,True,0
paysim,3,PTH,42,clipped,12661,10168,True,2493
paysim,3,PTH,42,platt,10168,10168,True,0
paysim,3,PTH,52,clipped,17967,13382,True,4585
paysim,3,PTH,52,platt,13382,13382,True,0
paysim,3,PTH,62,clipped,17667,13610,True,4057
paysim,3,PTH,62,platt,13610,13610,True,0
paysim,3,PTH,72,clipped,22079,17706,True,4373
paysim,3,PTH,72,platt,17706,17706,True,0
paysim,3,PTH,82,clipped,25669,19513,True,6156
paysim,3,PTH,82,platt,19513,19513,True,0
paysim,3,PTHW,42,clipped,16103,11531,True,4572
paysim,3,PTHW,42,platt,11531,11531,True,0
paysim,3,PTHW,52,clipped,6915,3745,True,3170
paysim,3,PTHW,52,platt,3745,3745,True,0
paysim,3,PTHW,62,clipped,8542,6834,True,1708
paysim,3,PTHW,62,platt,6834,6834,True,0
paysim,3,PTHW,72,clipped,17099,15035,True,2064
paysim,3,PTHW,72,platt,15035,15035,True,0
paysim,3,PTHW,82,clipped,15204,12684,True,2520
paysim,3,PTHW,82,platt,12684,12684,True,0
