dataset,fold,contrast,score_stage,delta_ap
paysim,1,P_BUNDLE,clipped,0.13459735131331205
paysim,1,P_BUNDLE,platt,0.13459735131331205
paysim,1,P_BUNDLE,raw,0.16318520438039802
paysim,1,P_H_BASE,clipped,0.011412095813206647
paysim,1,P_H_BASE,platt,0.011412095813206647
paysim,1,P_H_BASE,raw,0.030683561810482186
paysim,1,P_H_TIME,clipped,-0.05941636689612788
paysim,1,P_H_TIME,platt,-0.05941636689612788
paysim,1,P_H_TIME,raw,-0.03906970168180014
paysim,1,P_PRIMARY,clipped,0.15358288905650697
paysim,1,P_PRIMARY,platt,0.15358288905650697
paysim,1,P_PRIMARY,raw,0.18113803127747594
paysim,1,P_WEIGHT,clipped,0.018985537743194936
paysim,1,P_WEIGHT,platt,0.018985537743194936
paysim,1,P_WEIGHT,raw,0.0179528268970779
paysim,2,P_BUNDLE,clipped,-0.004065784957909838
paysim,2,P_BUNDLE,platt,-0.004065784957909838
paysim,2,P_BUNDLE,raw,0.03899024855207193
paysim,2,P_H_BASE,clipped,-0.06665910084715344
paysim,2,P_H_BASE,platt,-0.06665910084715344
paysim,2,P_H_BASE,raw,-0.04813070660123299
paysim,2,P_H_TIME,clipped,0.00919416999323815
paysim,2,P_H_TIME,platt,0.00919416999323815
paysim,2,P_H_TIME,raw,-0.01596532104481848
paysim,2,P_PRIMARY,clipped,-0.04749678705778721
paysim,2,P_PRIMARY,platt,-0.04749678705778721
paysim,2,P_PRIMARY,raw,-0.007899770477229732
paysim,2,P_WEIGHT,clipped,-0.043431002099877374
paysim,2,P_WEIGHT,platt,-0.043431002099877374
paysim,2,P_WEIGHT,raw,-0.046890019029301656
paysim,3,P_BUNDLE,clipped,-0.11914145952360092
paysim,3,P_BUNDLE,platt,-0.11914145952360092
paysim,3,P_BUNDLE,raw,-0.125430943318026
paysim,3,P_H_BASE,clipped,0.08110180458784647
paysim,3,P_H_BASE,platt,0.08110180458784647
paysim,3,P_H_BASE,raw,0.08394452744960883
paysim,3,P_H_TIME,clipped,0.06556207572724251
paysim,3,P_H_TIME,platt,0.06556207572724251
paysim,3,P_H_TIME,raw,0.0612302408587182
paysim,3,P_PRIMARY,clipped,-0.07892809896818756
paysim,3,P_PRIMARY,platt,-0.07892809896818756
paysim,3,P_PRIMARY,raw,-0.07670232076610113
paysim,3,P_WEIGHT,clipped,0.04021336055541335
paysim,3,P_WEIGHT,platt,0.04021336055541335
paysim,3,P_WEIGHT,raw,0.04872862255192488
