fold,scheme,model_id,weight,seed,comparison,brier_improvement,ece_uniform_improvement,ece_quantile_improvement,log_loss_improvement,business_cost_reduction,capacity_stability_improvement
1,Raw,raw_safe,1.0,42,Platt vs Uncalibrated,3.022215893995917e-06,0.0003427809337547724,-9.450554533900983e-05,0.00031117224811898214,0.0,0.0
1,Raw,raw_safe,1.0,42,Isotonic vs Uncalibrated,-2.2111843069830966e-07,0.00031912067973898894,0.000264990115031527,0.0004520998890206636,0.0,0.0
1,Raw,raw_safe,1.0,42,Isotonic vs Platt,-3.243334324694227e-06,-2.3660254015783465e-05,0.00035949566037053683,0.00014092764090168144,0.0,0.0
1,Raw,raw_safe,1.0,52,Platt vs Uncalibrated,0.00017345202990031025,0.0006509013990401735,-0.00013000212009929883,0.003600041976224289,0.0,0.0
1,Raw,raw_safe,1.0,52,Isotonic vs Uncalibrated,0.000174672849906825,0.0006477166141870885,0.0002298363748297559,0.003712130927783686,0.0,0.0
1,Raw,raw_safe,1.0,52,Isotonic vs Platt,1.2208200065147489e-06,-3.18478485308494e-06,0.00035983849492905474,0.00011208895155939702,0.0,0.0
1,Raw,raw_safe,1.0,62,Platt vs Uncalibrated,-3.166836577895671e-05,0.00031990355861662194,0.0001427987738038581,0.00018762663811858465,0.0,0.0
1,Raw,raw_safe,1.0,62,Isotonic vs Uncalibrated,3.483834722842866e-05,0.00043815501152720803,0.0002608651136389019,0.0004258013232155576,0.0,0.0
1,Raw,raw_safe,1.0,62,Isotonic vs Platt,6.650671300738537e-05,0.00011825145291058607,0.00011806633983504379,0.00023817468509697293,0.0,0.0
1,Raw,raw_safe,1.0,72,Platt vs Uncalibrated,8.959781006169249e-06,0.0003722971886909687,-0.0001662113061829432,0.0006882784277151789,0.0,0.0
1,Raw,raw_safe,1.0,72,Isotonic vs Uncalibrated,4.944801753103143e-06,0.0003539787082292602,0.00018781754359902734,0.0008143723985840337,0.0,0.0
1,Raw,raw_safe,1.0,72,Isotonic vs Platt,-4.014979253066106e-06,-1.8318480461708582e-05,0.00035402884978197053,0.0001260939708688548,0.0,0.0
1,Raw,raw_safe,1.0,82,Platt vs Uncalibrated,4.2630604387328044e-07,0.00032667337032527596,1.988729519225948e-05,0.0010843673665509798,0.0,0.0
1,Raw,raw_safe,1.0,82,Isotonic vs Uncalibrated,8.315555224964587e-06,0.0003365392974546288,0.0002799419979052523,0.00125618736035135,0.0,0.0
1,Raw,raw_safe,1.0,82,Isotonic vs Platt,7.889249181091307e-06,9.865927129352851e-06,0.00026005470271299284,0.00017181999380037026,0.0,0.0
1,Recipient,recipient_full_weight_2,2.0,42,Platt vs Uncalibrated,0.0005018367684764724,0.0008186744722723118,0.00034588984678828277,0.015047515194085915,0.0,0.0
1,Recipient,recipient_full_weight_2,2.0,42,Isotonic vs Uncalibrated,0.000519862215218696,0.0007677907452821788,0.0008337612360129917,0.01565210098794593,-25.0,0.0012961732546396924
1,Recipient,recipient_full_weight_2,2.0,42,Isotonic vs Platt,1.8025446742223582e-05,-5.088372699013295e-05,0.00048787138922470896,0.0006045857938600163,-25.0,0.0012961732546396924
1,Recipient,recipient_full_weight_2,2.0,52,Platt vs Uncalibrated,0.0003880780360879008,0.0006550398171102476,0.0002545956737729423,0.010774579882111692,0.0,0.0
1,Recipient,recipient_full_weight_2,2.0,52,Isotonic vs Uncalibrated,0.00046715073451570124,0.0007333816307229499,0.000792919729156364,0.011463390624587315,12.0,0.00013848669827482701
1,Recipient,recipient_full_weight_2,2.0,52,Isotonic vs Platt,7.907269842780042e-05,7.834181361270226e-05,0.0005383240553834217,0.0006888107424756233,12.0,0.00013848669827482701
1,Recipient,recipient_full_weight_2,2.0,62,Platt vs Uncalibrated,0.00012956497255406493,0.00026165209684445744,-0.00015453089924845093,0.004249796030397527,0.0,0.0
1,Recipient,recipient_full_weight_2,2.0,62,Isotonic vs Uncalibrated,0.00013803353343361767,0.0002458476526814794,0.0002689913712760424,0.004766543095712104,414.0,0.00029875782099738485
1,Recipient,recipient_full_weight_2,2.0,62,Isotonic vs Platt,8.468560879552737e-06,-1.58044441629781e-05,0.00042352227052449334,0.0005167470653145772,414.0,0.00029875782099738485
1,Recipient,recipient_full_weight_2,2.0,72,Platt vs Uncalibrated,3.7982514872726475e-05,0.00023859821801115006,-0.00019768745917384087,0.003354903438444048,0.0,0.0
1,Recipient,recipient_full_weight_2,2.0,72,Isotonic vs Uncalibrated,5.938432664401869e-05,0.00020725096073812168,0.00031876179217173823,0.0037728092190769873,0.0,0.0
1,Recipient,recipient_full_weight_2,2.0,72,Isotonic vs Platt,2.1401811771292216e-05,-3.1347257273028385e-05,0.0005164492513455791,0.00041790578063293947,0.0,0.0
1,Recipient,recipient_full_weight_2,2.0,82,Platt vs Uncalibrated,0.00023241392603160133,0.0004769998525182039,0.00022669468717883732,0.005021017049822171,0.0,0.0
1,Recipient,recipient_full_weight_2,2.0,82,Isotonic vs Uncalibrated,0.0002738633247214773,0.0005407899223517285,0.0005531793125939774,0.005591741589942063,1139.0,0.001056544585714709
1,Recipient,recipient_full_weight_2,2.0,82,Isotonic vs Platt,4.144939868987597e-05,6.379006983352462e-05,0.00032648462541514,0.0005707245401198923,1139.0,0.001056544585714709
2,Raw,raw_safe,1.0,42,Platt vs Uncalibrated,6.405350439312569e-06,-3.556960143297406e-06,4.337937116760305e-05,6.646463429427207e-05,0.0,0.0
2,Raw,raw_safe,1.0,42,Isotonic vs Uncalibrated,7.639168194036104e-06,-8.148262526174116e-06,6.317603507555283e-05,6.0659451767399765e-05,0.0,0.0
2,Raw,raw_safe,1.0,42,Isotonic vs Platt,1.2338177547235353e-06,-4.59130238287671e-06,1.9796663907949787e-05,-5.805182526872309e-06,0.0,0.0
2,Raw,raw_safe,1.0,52,Platt vs Uncalibrated,3.8092131522920905e-05,0.00021615008855829462,0.0002545928274123832,0.0017971435392724463,0.0,0.0
2,Raw,raw_safe,1.0,52,Isotonic vs Uncalibrated,4.0326505849127e-05,0.00019781697341946368,0.00030913291480046893,0.0018751493322935468,0.0,0.0
2,Raw,raw_safe,1.0,52,Isotonic vs Platt,2.234374326206092e-06,-1.833311513883094e-05,5.454008738808573e-05,7.800579302110052e-05,0.0,0.0
2,Raw,raw_safe,1.0,62,Platt vs Uncalibrated,3.280042403883425e-05,0.00020562240866499814,0.00035553792413364494,0.00028403973000215446,0.0,0.0
2,Raw,raw_safe,1.0,62,Isotonic vs Uncalibrated,3.640826960895786e-05,0.0002298522916449605,0.00037957432450417444,0.0001024460301230351,0.0,0.0
2,Raw,raw_safe,1.0,62,Isotonic vs Platt,3.607845570123612e-06,2.4229882979962355e-05,2.4036400370529466e-05,-0.00018159369987911936,0.0,0.0
2,Raw,raw_safe,1.0,72,Platt vs Uncalibrated,1.558456171990455e-06,2.8478418419518943e-05,4.168806894560236e-05,7.050058432094865e-05,0.0,0.0
2,Raw,raw_safe,1.0,72,Isotonic vs Uncalibrated,7.104040925847365e-06,3.149894334053435e-05,2.6505641575191727e-05,0.0001598927187649959,0.0,0.0
2,Raw,raw_safe,1.0,72,Isotonic vs Platt,5.54558475385691e-06,3.0205249210154086e-06,-1.5182427370410631e-05,8.939213444404724e-05,0.0,0.0
2,Raw,raw_safe,1.0,82,Platt vs Uncalibrated,2.6552689959047522e-05,-7.298803041548636e-05,3.7625465985764034e-05,0.0003726004891947991,0.0,0.0
2,Raw,raw_safe,1.0,82,Isotonic vs Uncalibrated,2.8543089895528156e-05,-7.055061269562292e-05,6.044813906215388e-05,0.0004285709359820784,782.0,4.293901009066667e-05
2,Raw,raw_safe,1.0,82,Isotonic vs Platt,1.990399936480634e-06,2.4374177198634368e-06,2.282267307638985e-05,5.597044678727929e-05,782.0,4.293901009066667e-05
2,Recipient,recipient_full_weight_2,2.0,42,Platt vs Uncalibrated,0.0012902013850185359,0.001986312396886978,0.0019703773573647287,0.006024767239832802,0.0,0.0
2,Recipient,recipient_full_weight_2,2.0,42,Isotonic vs Uncalibrated,0.0013119583778676098,0.0020153686922529074,0.0020937593957543526,0.006344547005664667,50.0,0.0019190434509752108
2,Recipient,recipient_full_weight_2,2.0,42,Isotonic vs Platt,2.1756992849073897e-05,2.9056295365928995e-05,0.00012338203838962403,0.00031977976583186544,50.0,0.0019190434509752108
2,Recipient,recipient_full_weight_2,2.0,52,Platt vs Uncalibrated,0.003049032919815516,0.003940213065859505,0.0036720645698746905,0.054047873963273284,0.0,0.0
2,Recipient,recipient_full_weight_2,2.0,52,Isotonic vs Uncalibrated,0.003091885658165397,0.0038471800163033176,0.00396571038159387,0.054586207311060224,-45.0,7.431751746461539e-05
2,Recipient,recipient_full_weight_2,2.0,52,Isotonic vs Platt,4.285273834988114e-05,-9.303304955618762e-05,0.0002936458117191796,0.0005383333477869423,-45.0,7.431751746461539e-05
2,Recipient,recipient_full_weight_2,2.0,62,Platt vs Uncalibrated,0.0033004449138642248,0.003372266765125296,0.0033946280623625776,0.0703406059073937,0.0,0.0
2,Recipient,recipient_full_weight_2,2.0,62,Isotonic vs Uncalibrated,0.003364039161436397,0.0035559852815502777,0.003633472184774251,0.07108804091632645,-289.0,0.0038133143961288814
2,Recipient,recipient_full_weight_2,2.0,62,Isotonic vs Platt,6.3594247572172e-05,0.00018371851642498137,0.00023884412241167356,0.000747435008932745,-289.0,0.0038133143961288814
2,Recipient,recipient_full_weight_2,2.0,72,Platt vs Uncalibrated,0.006995074453771229,0.007834051351427533,0.007857465525162179,0.186132993319517,0.0,0.0
2,Recipient,recipient_full_weight_2,2.0,72,Isotonic vs Uncalibrated,0.007003093861818664,0.007874815985052068,0.007934715309713078,0.18660479853673773,-27.0,-0.00028901256791795393
2,Recipient,recipient_full_weight_2,2.0,72,Isotonic vs Platt,8.019408047434985e-06,4.07646336245338e-05,7.72497845508988e-05,0.0004718052172207115,-27.0,-0.00028901256791795393
2,Recipient,recipient_full_weight_2,2.0,82,Platt vs Uncalibrated,0.0012455034365448665,0.0020960602519111983,0.0018595234977023963,0.03424875646183648,0.0,0.0
2,Recipient,recipient_full_weight_2,2.0,82,Isotonic vs Uncalibrated,0.001251031376899231,0.002053351372622283,0.0020417761173277616,0.034661023757941466,8.0,-1.3212003104820513e-05
2,Recipient,recipient_full_weight_2,2.0,82,Isotonic vs Platt,5.527940354364434e-06,-4.2708879288915494e-05,0.00018225261962536544,0.00041226729610498907,8.0,-1.3212003104820513e-05
3,Raw,raw_safe,1.0,42,Platt vs Uncalibrated,-8.151612810164237e-06,0.00023777503833187236,0.00018920445365332508,0.002409019154855953,0.0,0.0
3,Raw,raw_safe,1.0,42,Isotonic vs Uncalibrated,-4.095988255027952e-05,0.0001270552941086316,0.00012302923916868418,0.0032640621146756976,-6286.0,-0.002500302329270343
3,Raw,raw_safe,1.0,42,Isotonic vs Platt,-3.280826974011528e-05,-0.00011071974422324077,-6.61752144846409e-05,0.0008550429598197448,-6286.0,-0.002500302329270343
3,Raw,raw_safe,1.0,52,Platt vs Uncalibrated,-4.972919888870768e-05,0.00012660750916589168,9.111756623866873e-05,0.0013240738291343049,0.0,0.0
3,Raw,raw_safe,1.0,52,Isotonic vs Uncalibrated,-2.4981129192258762e-05,4.4367061988471665e-05,3.649833000220551e-05,0.0012348997580138923,-683.0,-0.00019631770801431872
3,Raw,raw_safe,1.0,52,Isotonic vs Platt,2.4748069696448917e-05,-8.224044717742001e-05,-5.4619236236463226e-05,-8.917407112041253e-05,-683.0,-0.00019631770801431872
3,Raw,raw_safe,1.0,62,Platt vs Uncalibrated,-9.78969888929676e-06,0.000270959539035112,0.0002165288306707116,0.0019211727121557394,0.0,0.0
3,Raw,raw_safe,1.0,62,Isotonic vs Uncalibrated,1.8288296725727307e-05,0.00014339655632722523,0.0001344321066970751,0.003045791546453635,11074.0,0.005449779574477443
3,Raw,raw_safe,1.0,62,Isotonic vs Platt,2.8077995615024068e-05,-0.00012756298270788675,-8.20967239736365e-05,0.0011246188342978955,11074.0,0.005449779574477443
3,Raw,raw_safe,1.0,72,Platt vs Uncalibrated,-5.037886263562722e-05,0.00023937567940822933,0.00018058468850145303,0.0020948631037741444,0.0,0.0
3,Raw,raw_safe,1.0,72,Isotonic vs Uncalibrated,-6.1027146509429545e-05,0.00011748661385057799,0.000108987900652926,0.0024792753667828953,-3829.0,-0.0009658831234304402
3,Raw,raw_safe,1.0,72,Isotonic vs Platt,-1.0648283873802324e-05,-0.00012188906555765135,-7.159678784852703e-05,0.00038441226300875084,-3829.0,-0.0009658831234304402
3,Raw,raw_safe,1.0,82,Platt vs Uncalibrated,-5.562481584308991e-05,0.00020673065724615466,0.0001822343532872691,0.001643841346725329,0.0,0.0
3,Raw,raw_safe,1.0,82,Isotonic vs Uncalibrated,-6.194023421429544e-05,7.472245171217563e-05,5.022614775329094e-05,0.0016052406556825473,9356.0,0.0029133547869324636
3,Raw,raw_safe,1.0,82,Isotonic vs Platt,-6.315418371205528e-06,-0.00013200820553397902,-0.00013200820553397816,-3.860069104278177e-05,9356.0,0.0029133547869324636
3,Recipient,recipient_full_weight_2,2.0,42,Platt vs Uncalibrated,0.0013554926571820985,0.0023878100168299304,0.0041984984667104465,0.07974425699431228,0.0,0.0
3,Recipient,recipient_full_weight_2,2.0,42,Isotonic vs Uncalibrated,0.0025579452221664934,0.0032097385872256355,0.0039026573361577,0.0895442055458206,-5353.0,-0.0007931235403778429
3,Recipient,recipient_full_weight_2,2.0,42,Isotonic vs Platt,0.001202452564984395,0.000821928570395705,-0.00029584113055274627,0.009799948551508321,-5353.0,-0.0007931235403778429
3,Recipient,recipient_full_weight_2,2.0,52,Platt vs Uncalibrated,0.004467259339603799,0.0025769286348322224,0.006551489778841754,0.3391088894031956,0.0,0.0
3,Recipient,recipient_full_weight_2,2.0,52,Isotonic vs Uncalibrated,0.004782404386890196,0.0038776923728104148,0.005430555651319456,0.34265334447487883,-50957.0,0.038936272130895226
3,Recipient,recipient_full_weight_2,2.0,52,Isotonic vs Platt,0.00031514504728639633,0.0013007637379781924,-0.001120934127522298,0.0035444550716832307,-50957.0,0.038936272130895226
3,Recipient,recipient_full_weight_2,2.0,62,Platt vs Uncalibrated,0.001734030622668541,0.0025003179479069527,-0.0006872833942962123,0.09439619781204835,0.0,0.0
3,Recipient,recipient_full_weight_2,2.0,62,Isotonic vs Uncalibrated,0.0017908893804110936,0.0028557287378495003,-6.644494663875754e-05,0.09836405078332022,-647.0,-0.00025285720792244185
3,Recipient,recipient_full_weight_2,2.0,62,Isotonic vs Platt,5.685875774255264e-05,0.0003554107899425476,0.0006208384476574548,0.003967852971271869,-647.0,-0.00025285720792244185
3,Recipient,recipient_full_weight_2,2.0,72,Platt vs Uncalibrated,-0.0001226853216400505,-0.00018976406588594018,0.0023138153939800407,0.09043242422105699,0.0,0.0
3,Recipient,recipient_full_weight_2,2.0,72,Isotonic vs Uncalibrated,0.0012337234164375563,0.0014921914667697092,0.0024315589630057566,0.10722236489818143,4896.0,0.00024186341627363897
3,Recipient,recipient_full_weight_2,2.0,72,Isotonic vs Platt,0.0013564087380776068,0.0016819555326556494,0.00011774356902571588,0.016789940677124443,4896.0,0.00024186341627363897
3,Recipient,recipient_full_weight_2,2.0,82,Platt vs Uncalibrated,0.0010134395941545221,0.0006672472507096919,0.002484063428939559,0.26446926643265556,0.0,0.0
3,Recipient,recipient_full_weight_2,2.0,82,Isotonic vs Uncalibrated,0.002345715403611467,0.0016889645565693907,0.004530522815601605,0.2733488870546408,0.0,0.0
3,Recipient,recipient_full_weight_2,2.0,82,Isotonic vs Platt,0.001332275809456945,0.0010217173058596988,0.0020464593866620457,0.008879620621985218,0.0,0.0
