fold,model,seed,split,raw_ap,clipped_ap,platt_ap,raw_unique,clipped_unique,platt_unique,lower_clip_count,upper_clip_count,clipped_platt_same_ordered_partition,coefficient_replay_exact
1,P0,42,validation,0.09438389691960775,0.09438348113176893,0.09438348113176893,512,437,437,188467,57,True,True
1,P0,42,test,0.15487304187131043,0.1548730397037055,0.1548730397037055,536,464,464,200027,67,True,True
1,P0,52,validation,0.00580319620303137,0.0058069432208944895,0.0058069432208944895,522,452,452,222115,0,True,True
1,P0,52,test,0.0061736332465393215,0.006175773206330214,0.006175773206330214,559,491,491,224722,0,True,True
1,P0,62,validation,0.08107602272830897,0.08106411369477357,0.08106411369477357,462,406,406,250589,0,True,True
1,P0,62,test,0.14851193220986944,0.14850681436142182,0.14850681436142182,492,438,438,256774,0,True,True
1,P0,72,validation,0.07603454921151236,0.07603540353894571,0.07603540353894571,496,479,479,6147,89,True,True
1,P0,72,test,0.14915019060844248,0.14915033691806778,0.14915033691806778,527,513,513,6522,72,True,True
1,P0,82,validation,0.009474953985284378,0.00947714027408216,0.00947714027408216,401,388,388,1496,0,True,True
1,P0,82,test,0.022235193074611585,0.022236050222499054,0.022236050222499054,422,410,410,910,0,True,True
1,PT,42,validation,0.09589378155721388,0.09460256381029218,0.09460256381029218,6042,5828,5828,50239,49,True,True
1,PT,42,test,0.18700074921858117,0.18239394291105804,0.18239394291105804,6410,6225,6225,47580,73,True,True
1,PT,52,validation,0.2042797600457945,0.199220290493289,0.199220290493289,4533,4471,4471,128,43,True,True
1,PT,52,test,0.32405483529732004,0.30607232464432754,0.30607232464432754,4788,4755,4755,9,104,True,True
1,PT,62,validation,0.2010401177780814,0.1925402005559623,0.1925402005559623,5510,4867,4867,172420,54,True,True
1,PT,62,test,0.2818413649971682,0.27750119243412885,0.27750119243412885,5848,5194,5194,177923,106,True,True
1,PT,72,validation,0.2016176028381343,0.19653666066347267,0.19653666066347267,6313,5652,5652,105693,88,True,True
1,PT,72,test,0.33056557096768024,0.32547714552562557,0.32547714552562557,6677,5996,5996,101109,141,True,True
1,PT,82,validation,0.22712515122141957,0.19956729014430136,0.19956729014430136,6464,6241,6241,69088,104,True,True
1,PT,82,test,0.36875600084101445,0.359565999944084,0.359565999944084,6863,6572,6572,79202,168,True,True
1,PH,42,validation,0.05043238417485569,0.05061705802952912,0.05061705802952912,108609,80333,80333,52387,152,True,True
1,PH,42,test,0.09395350972497031,0.09745832693676806,0.09745832693676806,82641,63143,63143,37050,160,True,True
1,PH,52,validation,0.08305264182420266,0.0766032104502907,0.0766032104502907,46209,33527,33527,37615,157,True,True
1,PH,52,test,0.17878309103088816,0.16775771866149605,0.16775771866149605,35107,25917,25917,30481,91,True,True
1,PH,62,validation,0.0717848570966976,0.054783135959505805,0.054783135959505805,60966,33476,33476,61832,143,True,True
1,PH,62,test,0.14033430443087286,0.11278350697235157,0.11278350697235157,43113,25032,25032,40997,121,True,True
1,PH,72,validation,0.05571168034256604,0.044604162448689505,0.044604162448689505,37740,21743,21743,28561,150,True,True
1,PH,72,test,0.1331765585127244,0.09605428121011972,0.09605428121011972,24942,15492,15492,17872,119,True,True
1,PH,82,validation,0.03944572490258658,0.032301006980721345,0.032301006980721345,65005,44083,44083,42045,358,True,True
1,PH,82,test,0.08811433636372848,0.06394865969732222,0.06394865969732222,46744,33242,33242,27947,198,True,True
1,PTH,42,validation,0.06598847195395488,0.0725812752952324,0.0725812752952324,51293,34903,34903,69665,391,True,True
1,PTH,42,test,0.14860990746542102,0.1726153665329735,0.1726153665329735,38798,28058,28058,45234,370,True,True
1,PTH,52,validation,0.194885063033797,0.16000867378573147,0.16000867378573147,118722,107555,107555,19122,191,True,True
1,PTH,52,test,0.3461168732526113,0.2930113723466047,0.2930113723466047,87133,79458,79458,14949,222,True,True
1,PTH,62,validation,0.09875152996155181,0.06051203084055478,0.06051203084055478,54978,29739,29739,122840,588,True,True
1,PTH,62,test,0.22358675772020117,0.14087974395816552,0.14087974395816552,47102,25079,25079,103254,543,True,True
1,PTH,72,validation,0.08579735134071714,0.09786056586153394,0.09786056586153394,88476,49239,49239,64895,166,True,True
1,PTH,72,test,0.22228127938328462,0.25007012310402377,0.25007012310402377,66882,39565,39565,45804,166,True,True
1,PTH,82,validation,0.19156353069557147,0.15633009302219064,0.15633009302219064,103289,68315,68315,62599,216,True,True
1,PTH,82,test,0.3562751950912453,0.2973521650368171,0.2973521650368171,76791,52087,52087,44041,209,True,True
1,PTHW,42,validation,0.05521583403078354,0.05627514962119496,0.05627514962119496,78830,42194,42194,76339,518,True,True
1,PTHW,42,test,0.13673219440486498,0.1415228518252181,0.1415228518252181,62957,36069,36069,55739,380,True,True
1,PTHW,52,validation,0.1471371949119039,0.09214012153447387,0.09214012153447387,60247,39250,39250,42771,573,True,True
1,PTHW,52,test,0.2907822607724521,0.2032157814475801,0.2032157814475801,50406,34332,34330,33482,415,False,True
1,PTHW,62,validation,0.17922929211710137,0.17209909108704508,0.17209909108704508,27927,16931,16931,30666,251,True,True
1,PTHW,62,test,0.34495710033056903,0.33378473430438016,0.33378473430438016,21974,13344,13344,25552,241,True,True
1,PTHW,72,validation,0.15098196025069788,0.14718085367702283,0.14718085367702283,37833,26967,26967,33084,156,True,True
1,PTHW,72,test,0.34445036534799167,0.33644145277451165,0.33644145277451165,29248,21577,21577,24360,137,True,True
1,PTHW,82,validation,0.17127887277858586,0.13845379690638296,0.13845379690638296,116283,73087,73087,64624,221,True,True
1,PTHW,82,test,0.2697122265422751,0.23389163934286925,0.23389163934286925,86417,57132,57132,44787,230,True,True
2,P0,42,validation,0.18097030400839578,0.18097030400839578,0.18097030400839578,481,431,431,149934,67,True,True
2,P0,42,test,0.14330303043632758,0.14330303043632758,0.14330303043632758,467,416,416,138013,34,True,True
2,P0,52,validation,0.0971379749128392,0.09713761146316974,0.09713761146316974,441,263,263,363144,85,True,True
2,P0,52,test,0.07698186387198061,0.07698055449575661,0.07698055449575661,436,263,263,338783,54,True,True
2,P0,62,validation,0.17432699827439538,0.1743269982743954,0.1743269982743954,480,407,407,242440,49,True,True
2,P0,62,test,0.12845946631571364,0.12845946631571364,0.12845946631571364,466,392,392,221899,27,True,True
2,P0,72,validation,0.1711371655055871,0.17113716550558714,0.17113716550558714,458,419,419,140834,48,True,True
2,P0,72,test,0.1317639845529782,0.1317639845529782,0.1317639845529782,444,404,404,129808,26,True,True
2,P0,82,validation,0.1503168130042439,0.15031663878491275,0.15031663878491275,567,435,435,171695,48,True,True
2,P0,82,test,0.11343354258048433,0.11343290859865836,0.11343290859865836,560,427,427,158845,26,True,True
2,PT,42,validation,0.029693687321789942,0.029669736029177156,0.029669736029177156,1600,1576,1576,1191,3878,True,True
2,PT,42,test,0.02875042856443923,0.028699883293518767,0.028699883293518767,1560,1533,1533,943,918,True,True
2,PT,52,validation,0.3902223942750186,0.3808138401727782,0.3808138401727782,4864,3727,3727,179898,157,True,True
2,PT,52,test,0.27868919157790134,0.27918919145481447,0.27918919145481447,4538,3468,3468,172848,75,True,True
2,PT,62,validation,0.36247904920442525,0.06472876454560884,0.06472876454560884,4089,3341,3341,90214,1393,True,True
2,PT,62,test,0.22945579459708731,0.05974374967620022,0.05974374967620022,3798,3141,3141,86498,465,True,True
2,PT,72,validation,0.21713919691585284,0.057460281028327544,0.057460281028327544,4541,3295,3295,172130,1368,True,True
2,PT,72,test,0.11370802917457606,0.051550039884289287,0.051550039884289287,4279,3132,3132,165000,500,True,True
2,PT,82,validation,0.3181293939181646,0.1139847482511411,0.1139847482511411,5017,4126,4126,136842,575,True,True
2,PT,82,test,0.21811629182793243,0.10845730533487172,0.10845730533487172,4687,3868,3868,125156,164,True,True
2,PH,42,validation,0.10997616953262526,0.09495449311729325,0.09495449311729325,35434,19009,19009,57537,72,True,True
2,PH,42,test,0.07454704243400538,0.05344006217127265,0.05344006217127265,31926,16958,16958,50515,45,True,True
2,PH,52,validation,0.10367933295418026,0.09318105619194747,0.09318105619194747,28264,16084,16084,43521,79,True,True
2,PH,52,test,0.08091158809992754,0.06539480564786496,0.06539480564786496,25844,14624,14624,40344,41,True,True
2,PH,62,validation,0.08780826593473857,0.06533574312961414,0.06533574312961414,59644,33166,33166,64020,95,True,True
2,PH,62,test,0.09141344493403956,0.06505029466682433,0.06505029466682433,54051,28715,28715,61630,68,True,True
2,PH,72,validation,0.04435718181747504,0.042367269773894656,0.042367269773894656,16059,11455,11455,20097,88,True,True
2,PH,72,test,0.02031809401959121,0.019958408684492175,0.019958408684492175,14612,10435,10435,17506,50,True,True
2,PH,82,validation,0.11952219038054036,0.0822820518978445,0.0822820518978445,41210,28544,28544,24403,153,True,True
2,PH,82,test,0.08609818526375572,0.056800868993213086,0.056800868993213086,36310,25056,25056,21865,121,True,True
2,PTH,42,validation,0.1611469341228487,0.15522188013027524,0.15522188013027524,31593,19316,19316,33337,312,True,True
2,PTH,42,test,0.08196371878560334,0.08012594403006039,0.08012594403006039,26873,15712,15712,32965,220,True,True
2,PTH,52,validation,0.33336871650427186,0.18730417591419238,0.18730417591419238,41624,27654,27653,29020,443,False,True
2,PTH,52,test,0.20751951427317653,0.08611402629446102,0.08611402629446102,34053,22187,22187,26234,316,True,True
2,PTH,62,validation,0.31783245609032956,0.26960399468321583,0.26960399468321583,46660,24812,24812,37837,244,True,True
2,PTH,62,test,0.21648303822150886,0.17029844899329047,0.17029844899329047,40325,20497,20497,34896,138,True,True
2,PTH,72,validation,0.3292164556341882,0.2458884266153498,0.2458884266153498,44597,23251,23251,47063,280,True,True
2,PTH,72,test,0.20159037455378745,0.16062173322918552,0.16062173322918552,36372,18493,18493,41926,132,True,True
2,PTH,82,validation,0.17545140392139028,0.15756937111334546,0.15756937111334546,34358,28308,28308,26557,319,True,True
2,PTH,82,test,0.0813364846837678,0.0764508670628878,0.0764508670628878,29377,24005,24005,23329,260,True,True
2,PTHW,42,validation,0.2673658775090119,0.26257531045156884,0.26257531045156884,15196,8690,8690,22447,104,True,True
2,PTHW,42,test,0.19869176025396626,0.198691898109454,0.198691898109454,12870,7325,7325,20063,55,True,True
2,PTHW,52,validation,0.2400167262915331,0.07620166823179915,0.07620166823179915,24197,10455,10455,38481,1509,True,True
2,PTHW,52,test,0.15824137693072943,0.0488839860214634,0.0488839860214634,20252,8577,8577,33781,884,True,True
2,PTHW,62,validation,0.2144831183684644,0.05778059918649521,0.05778059918649521,19272,9479,9479,33689,2349,True,True
2,PTHW,62,test,0.1262816614408383,0.037035047844967015,0.037035047844967015,16728,8440,8440,29239,1780,True,True
2,PTHW,72,validation,0.029968462577609753,0.027921391955598847,0.027921391955598847,35816,26556,26556,22420,4350,True,True
2,PTHW,72,test,0.01765966140952104,0.016596359904221994,0.016596359904221994,32574,22779,22779,22619,3840,True,True
2,PTHW,82,validation,0.08852452876058331,0.09337352225216522,0.09337352225216522,51928,43598,43598,11836,903,True,True
2,PTHW,82,test,0.05356857533628067,0.05524871723039192,0.05524871723039192,44893,37827,37827,9830,612,True,True
3,P0,42,validation,0.16662123440687718,0.1662562545727277,0.1662562545727277,514,440,440,201928,96,True,True
3,P0,42,test,0.253441451171825,0.25276722226617265,0.25276722226617265,519,445,445,205636,516,True,True
3,P0,52,validation,0.16037823745087923,0.1620884683631475,0.1620884683631475,460,397,397,75739,62,True,True
3,P0,52,test,0.274701113945073,0.27494066545889356,0.27494066545889356,464,401,401,72552,335,True,True
3,P0,62,validation,0.16730129773641983,0.17566828366656295,0.17566828366656295,485,410,410,236469,114,True,True
3,P0,62,test,0.2701543249871649,0.2707534474720642,0.2707534474720642,471,396,396,233709,635,True,True
3,P0,72,validation,0.19325988011189005,0.1738944271764536,0.1738944271764536,435,406,406,223627,114,True,True
3,P0,72,test,0.267394603603265,0.26668081272633637,0.26668081272633637,430,399,399,221352,632,True,True
3,P0,82,validation,0.18374030670428546,0.17669645266462336,0.17669645266462336,397,275,275,368830,113,True,True
3,P0,82,test,0.27867333847856884,0.27797246301680073,0.27797246301680073,391,269,269,363041,630,True,True
3,PT,42,validation,0.030631840390115947,0.03338478062853933,0.03338478062853933,5581,4522,4522,222411,4103,True,True
3,PT,42,test,0.06515423036009667,0.06935007036508618,0.06935007036508618,5564,4497,4497,214172,16218,True,True
3,PT,52,validation,0.03209525198002045,0.03335864175650431,0.03335864175650431,5259,4735,4735,102084,4115,True,True
3,PT,52,test,0.08349366686184802,0.08079855704648384,0.08079855704648384,5274,4642,4642,110798,13666,True,True
3,PT,62,validation,0.030404581054949805,0.033910443610928855,0.033910443610928855,4051,3773,3773,48133,4018,True,True
3,PT,62,test,0.08005595426291721,0.08481414645191197,0.08481414645191197,4109,3778,3778,51900,12122,True,True
3,PT,72,validation,0.03162255310941313,0.032323721683225455,0.032323721683225455,3991,3088,3088,175429,4043,True,True
3,PT,72,test,0.09331372967105199,0.09516745438147768,0.09516745438147768,4129,3155,3155,175393,11056,True,True
3,PT,82,validation,0.040684247061510304,0.040644187690675404,0.040644187690675404,3959,2872,2872,364976,3478,True,True
3,PT,82,test,0.08904133014626184,0.08946670644109075,0.08946670644109075,3955,2781,2781,353471,12910,True,True
3,PH,42,validation,0.21093296639181972,0.1907878102703177,0.1907878102703177,23453,17301,17301,19530,117,True,True
3,PH,42,test,0.2632558068391221,0.2576154581675889,0.2576154581675889,14795,11247,11247,21147,583,True,True
3,PH,52,validation,0.16443169881659955,0.15015781576416282,0.15015781576416282,33644,22893,22893,26335,115,True,True
3,PH,52,test,0.38116720106448004,0.3794987852523022,0.3794987852523022,19041,13398,13398,11498,573,True,True
3,PH,62,validation,0.19794731200639595,0.18864028631469762,0.18864028631469762,28067,17004,17004,23780,119,True,True
3,PH,62,test,0.40299705906202404,0.40176044407379896,0.40176044407379896,17964,11366,11366,12809,627,True,True
3,PH,72,validation,0.17437841955012087,0.13874494215187935,0.13874494215187935,15616,10864,10864,14259,150,True,True
3,PH,72,test,0.3554219882052402,0.3491508121867916,0.3491508121867916,9969,7127,7127,7524,597,True,True
3,PH,82,validation,0.13144120115311692,0.12717940717774476,0.12717940717774476,15610,7631,7631,25564,100,True,True
3,PH,82,test,0.36124541426307455,0.36059813419901815,0.36059813419901815,9877,5111,5111,13577,489,True,True
3,PTH,42,validation,0.3906833224695476,0.3612417265734285,0.3612417265734285,18022,13272,13272,10526,281,True,True
3,PTH,42,test,0.25353502243911075,0.2774874572738156,0.2774874572738156,12630,9827,9827,4730,3042,True,True
3,PTH,52,validation,0.04137623436589747,0.04197760799405684,0.04197760799405684,31070,23237,23237,12866,4108,True,True
3,PTH,52,test,0.1116466183343632,0.11294916928096964,0.11294916928096964,20381,16368,16368,5191,10684,True,True
3,PTH,62,validation,0.039770067914455545,0.03958597938260335,0.03958597938260335,30285,22953,22953,18639,3958,True,True
3,PTH,62,test,0.10638692107833202,0.10689067295992037,0.10689067295992037,17084,13260,13260,9803,11870,True,True
3,PTH,72,validation,0.23733353628761042,0.1903443380518352,0.1903443380518352,17066,10828,10828,22510,271,True,True
3,PTH,72,test,0.09999524528365145,0.10135083276799205,0.10135083276799205,12919,8715,8715,21343,6030,True,True
3,PTH,82,validation,0.4649013516652707,0.4385879213137909,0.4385879213137909,29058,21951,21951,13886,246,True,True
3,PTH,82,test,0.1456463084603093,0.1487291810395653,0.1487291810395653,18492,14202,14202,8566,6484,True,True
3,PTHW,42,validation,0.4101350075625794,0.3659670649207473,0.3659670649207473,13353,10407,10407,14441,178,True,True
3,PTHW,42,test,0.24527506429373047,0.22699252163896075,0.22699252163896075,10414,8451,8451,14893,2598,True,True
3,PTHW,52,validation,0.40385190203200955,0.39057479601590583,0.39057479601590583,10631,5673,5673,20775,271,True,True
3,PTHW,52,test,0.11437254716561798,0.1166362607381906,0.1166362607381906,7195,3767,3767,14882,7559,True,True
3,PTHW,62,validation,0.0959260787242548,0.10071228989235684,0.10071228989235684,23279,17900,17900,15360,913,True,True
3,PTHW,62,test,0.21201016250095964,0.21678389840101217,0.21678389840101217,14964,11783,11783,9741,2435,True,True
3,PTHW,72,validation,0.4247101418343889,0.4143934826008775,0.4143934826008775,22867,15607,15607,15459,156,True,True
3,PTHW,72,test,0.24549530336128658,0.24629101328876737,0.24629101328876737,14634,10701,10701,7751,2904,True,True
3,PTHW,82,validation,0.44200255329265536,0.429518213360245,0.429518213360245,28462,18854,18854,21617,213,True,True
3,PTHW,82,test,0.14370015103379644,0.1417704220323988,0.1417704220323988,17650,12170,12170,11302,6844,True,True
