fold,block_length,metric,analysis,field,v1,v2,v2_minus_v1,changed_exact
1,2,cost_reduction,block_sensitivity,observed_effect,18393.6,22092.0,3698.4000000000015,True
1,2,cost_reduction_per_100k,block_sensitivity,observed_effect,2862.0999251549415,3437.5821778511536,575.4822526962121,True
1,2,delta_cost_saving_rate,block_sensitivity,observed_effect,0.3693493975903614,0.4436144578313253,0.07426506024096391,True
1,2,delta_pr_auc,block_sensitivity,observed_effect,0.08954575298321335,0.15358288905650697,0.06403713607329362,True
1,2,delta_recall,block_sensitivity,observed_effect,0.48835341365461843,0.5831325301204819,0.09477911646586351,True
1,4,cost_reduction,block_sensitivity,observed_effect,18393.6,22092.0,3698.4000000000015,True
1,4,cost_reduction_per_100k,block_sensitivity,observed_effect,2862.0999251549415,3437.5821778511536,575.4822526962121,True
1,4,delta_cost_saving_rate,block_sensitivity,observed_effect,0.3693493975903614,0.4436144578313253,0.07426506024096391,True
1,4,delta_pr_auc,block_sensitivity,observed_effect,0.08954575298321335,0.15358288905650697,0.06403713607329362,True
1,4,delta_recall,block_sensitivity,observed_effect,0.48835341365461843,0.5831325301204819,0.09477911646586351,True
1,8,cost_reduction,block_sensitivity,observed_effect,18393.6,22092.0,3698.4000000000015,True
1,8,cost_reduction_per_100k,block_sensitivity,observed_effect,2862.0999251549415,3437.5821778511536,575.4822526962121,True
1,8,delta_cost_saving_rate,block_sensitivity,observed_effect,0.3693493975903614,0.4436144578313253,0.07426506024096391,True
1,8,delta_pr_auc,block_sensitivity,observed_effect,0.08954575298321335,0.15358288905650697,0.06403713607329362,True
1,8,delta_recall,block_sensitivity,observed_effect,0.48835341365461843,0.5831325301204819,0.09477911646586351,True
2,2,cost_reduction,block_sensitivity,observed_effect,8483.6,9419.8,936.1999999999989,True
2,2,cost_reduction_per_100k,block_sensitivity,observed_effect,1401.0668692507145,1555.6803355848788,154.6134663341643,True
2,2,delta_cost_saving_rate,block_sensitivity,observed_effect,0.2719102564102564,0.30191666666666667,0.030006410256410265,True
2,2,delta_pr_auc,block_sensitivity,observed_effect,-0.062190012467428876,-0.04749678705778721,0.014693225409641665,True
2,2,delta_recall,block_sensitivity,observed_effect,0.5166666666666666,0.5506410256410257,0.033974358974359076,True
2,3,cost_reduction,block_sensitivity,observed_effect,8483.6,9419.8,936.1999999999989,True
2,3,cost_reduction_per_100k,block_sensitivity,observed_effect,1401.0668692507145,1555.6803355848788,154.6134663341643,True
2,3,delta_cost_saving_rate,block_sensitivity,observed_effect,0.2719102564102564,0.30191666666666667,0.030006410256410265,True
2,3,delta_pr_auc,block_sensitivity,observed_effect,-0.062190012467428876,-0.04749678705778721,0.014693225409641665,True
2,3,delta_recall,block_sensitivity,observed_effect,0.5166666666666666,0.5506410256410257,0.033974358974359076,True
2,6,cost_reduction,block_sensitivity,observed_effect,8483.6,9419.8,936.1999999999989,True
2,6,cost_reduction_per_100k,block_sensitivity,observed_effect,1401.0668692507145,1555.6803355848788,154.6134663341643,True
2,6,delta_cost_saving_rate,block_sensitivity,observed_effect,0.2719102564102564,0.30191666666666667,0.030006410256410265,True
2,6,delta_pr_auc,block_sensitivity,observed_effect,-0.062190012467428876,-0.04749678705778721,0.014693225409641665,True
2,6,delta_recall,block_sensitivity,observed_effect,0.5166666666666666,0.5506410256410257,0.033974358974359076,True
3,4,cost_reduction,block_sensitivity,observed_effect,136478.8,138963.4,2484.600000000006,True
3,4,cost_reduction_per_100k,block_sensitivity,observed_effect,21434.564166835502,21824.780948701395,390.2167818658927,True
3,4,delta_cost_saving_rate,block_sensitivity,observed_effect,0.36258979808714137,0.3691907545164718,0.006600956429330451,True
3,4,delta_pr_auc,block_sensitivity,observed_effect,-0.07584031816061916,-0.07892809896818756,-0.0030877808075683993,True
3,4,delta_recall,block_sensitivity,observed_effect,0.38379383634431463,0.410308182784272,0.02651434643995737,True
3,7,cost_reduction,block_sensitivity,observed_effect,136478.8,138963.4,2484.600000000006,True
3,7,cost_reduction_per_100k,block_sensitivity,observed_effect,21434.564166835502,21824.780948701395,390.2167818658927,True
3,7,delta_cost_saving_rate,block_sensitivity,observed_effect,0.36258979808714137,0.3691907545164718,0.006600956429330451,True
3,7,delta_pr_auc,block_sensitivity,observed_effect,-0.07584031816061916,-0.07892809896818756,-0.0030877808075683993,True
3,7,delta_recall,block_sensitivity,observed_effect,0.38379383634431463,0.410308182784272,0.02651434643995737,True
3,14,cost_reduction,block_sensitivity,observed_effect,136478.8,138963.4,2484.600000000006,True
3,14,cost_reduction_per_100k,block_sensitivity,observed_effect,21434.564166835502,21824.780948701395,390.2167818658927,True
3,14,delta_cost_saving_rate,block_sensitivity,observed_effect,0.36258979808714137,0.3691907545164718,0.006600956429330451,True
3,14,delta_pr_auc,block_sensitivity,observed_effect,-0.07584031816061916,-0.07892809896818756,-0.0030877808075683993,True
3,14,delta_recall,block_sensitivity,observed_effect,0.38379383634431463,0.410308182784272,0.02651434643995737,True
1,2,cost_reduction,block_sensitivity,ci_lower_95,12802.09,15748.52,2946.4300000000003,True
1,2,cost_reduction_per_100k,block_sensitivity,ci_lower_95,1491.1668675544004,1861.1199528714267,369.9530853170263,True
1,2,delta_cost_saving_rate,block_sensitivity,ci_lower_95,0.27187445078926314,0.3432705009276438,0.07139605013838063,True
1,2,delta_pr_auc,block_sensitivity,ci_lower_95,-0.007784388014829708,0.05691735909121484,0.06470174710604455,True
1,2,delta_recall,block_sensitivity,ci_lower_95,0.42100753784659933,0.5283008613617719,0.10729332351517257,True
1,4,cost_reduction,block_sensitivity,ci_lower_95,11346.45,14296.130000000001,2949.6800000000003,True
1,4,cost_reduction_per_100k,block_sensitivity,ci_lower_95,1209.894615587296,1535.80527269548,325.91065710818407,True
1,4,delta_cost_saving_rate,block_sensitivity,ci_lower_95,0.2454401034122002,0.3120312748137271,0.0665911714015269,True
1,4,delta_pr_auc,block_sensitivity,ci_lower_95,-0.02449216608690696,0.038855001678363886,0.06334716776527084,True
1,4,delta_recall,block_sensitivity,ci_lower_95,0.40923679332715485,0.5165339246387306,0.10729713131157576,True
1,8,cost_reduction,block_sensitivity,ci_lower_95,10400.085,13437.915,3037.8300000000017,True
1,8,cost_reduction_per_100k,block_sensitivity,ci_lower_95,1030.104157482311,1337.8358039243863,307.7316464420753,True
1,8,delta_cost_saving_rate,block_sensitivity,ci_lower_95,0.22161879722303993,0.28995772463768116,0.06833892741464123,True
1,8,delta_pr_auc,block_sensitivity,ci_lower_95,-0.04035091468542796,0.02333488749643939,0.06368580218186735,True
1,8,delta_recall,block_sensitivity,ci_lower_95,0.4,0.5086767931843689,0.10867679318436885,True
2,2,cost_reduction,block_sensitivity,ci_lower_95,3567.905,4376.785,808.8799999999997,True
2,2,cost_reduction_per_100k,block_sensitivity,ci_lower_95,466.1970020523023,577.0665885254489,110.86958647314657,True
2,2,delta_cost_saving_rate,block_sensitivity,ci_lower_95,0.1225296328358209,0.15147563502673794,0.028946002190917045,True
2,2,delta_pr_auc,block_sensitivity,ci_lower_95,-0.11383254152136484,-0.09946636522675156,0.014366176294613273,True
2,2,delta_recall,block_sensitivity,ci_lower_95,0.4370831828215934,0.47450903799019617,0.03742585516860275,True
2,3,cost_reduction,block_sensitivity,ci_lower_95,3079.155,4019.6600000000003,940.5050000000001,True
2,3,cost_reduction_per_100k,block_sensitivity,ci_lower_95,396.11013219981027,520.3556397472374,124.24550754742717,True
2,3,delta_cost_saving_rate,block_sensitivity,ci_lower_95,0.10491424177674176,0.1381176423067363,0.03320340052999453,True
2,3,delta_pr_auc,block_sensitivity,ci_lower_95,-0.12026753644963088,-0.10777409574148833,0.012493440708142553,True
2,3,delta_recall,block_sensitivity,ci_lower_95,0.42640410424469416,0.46560509554140134,0.03920099129670718,True
2,6,cost_reduction,block_sensitivity,ci_lower_95,2246.685,3085.84,839.1550000000002,True
2,6,cost_reduction_per_100k,block_sensitivity,ci_lower_95,267.3409690038501,374.1716784379469,106.83070943409683,True
2,6,delta_cost_saving_rate,block_sensitivity,ci_lower_95,0.07536088149151951,0.10483272538065506,0.029471843889135554,True
2,6,delta_pr_auc,block_sensitivity,ci_lower_95,-0.12839037087054928,-0.11693227149854213,0.011458099372007147,True
2,6,delta_recall,block_sensitivity,ci_lower_95,0.41033958527493014,0.44736664295874823,0.03702705768381809,True
3,4,cost_reduction,block_sensitivity,ci_lower_95,121572.69,124883.92499999999,3311.234999999986,True
3,4,cost_reduction_per_100k,block_sensitivity,ci_lower_95,13567.688720747228,13735.952634045812,168.26391329858416,True
3,4,delta_cost_saving_rate,block_sensitivity,ci_lower_95,0.3272254506455658,0.3360295016733375,0.008804051027771709,True
3,4,delta_pr_auc,block_sensitivity,ci_lower_95,-0.12575934042971973,-0.12839498265757113,-0.002635642227851398,True
3,4,delta_recall,block_sensitivity,ci_lower_95,0.3462098485505361,0.3781834118224816,0.031973563271945504,True
3,7,cost_reduction,block_sensitivity,ci_lower_95,120104.05,124062.66,3958.6100000000006,True
3,7,cost_reduction_per_100k,block_sensitivity,ci_lower_95,14104.742312080212,14286.46949917685,181.72718709663786,True
3,7,delta_cost_saving_rate,block_sensitivity,ci_lower_95,0.3245654789893595,0.3355083603477493,0.010942881358389778,True
3,7,delta_pr_auc,block_sensitivity,ci_lower_95,-0.13010800776883535,-0.13310963256574518,-0.003001624796909824,True
3,7,delta_recall,block_sensitivity,ci_lower_95,0.343318023437522,0.37767964009287813,0.03436161665535614,True
3,14,cost_reduction,block_sensitivity,ci_lower_95,122030.375,125357.545,3327.1699999999983,True
3,14,cost_reduction_per_100k,block_sensitivity,ci_lower_95,16801.82130906263,16857.51761917598,55.69631011334786,True
3,14,delta_cost_saving_rate,block_sensitivity,ci_lower_95,0.3306609434708092,0.33983181679082564,0.009170873320016426,True
3,14,delta_pr_auc,block_sensitivity,ci_lower_95,-0.1310045106938974,-0.13415459912136854,-0.003150088427471137,True
3,14,delta_recall,block_sensitivity,ci_lower_95,0.3498379909737514,0.38183296109152093,0.03199497011776953,True
1,2,cost_reduction,block_sensitivity,ci_upper_95,24406.495,28551.87999999999,4145.384999999991,True
1,2,cost_reduction_per_100k,block_sensitivity,ci_upper_95,5823.405759621816,6731.84531238871,908.4395527668939,True
1,2,delta_cost_saving_rate,block_sensitivity,ci_upper_95,0.4789562485508926,0.5489039054263565,0.06994765687546389,True
1,2,delta_pr_auc,block_sensitivity,ci_upper_95,0.23235153033148,0.29494333957097985,0.06259180923949983,True
1,2,delta_recall,block_sensitivity,ci_upper_95,0.5712389380530973,0.6502118775531308,0.07897293950003348,True
1,4,cost_reduction,block_sensitivity,ci_upper_95,25681.24,29803.694999999996,4122.4549999999945,True
1,4,cost_reduction_per_100k,block_sensitivity,ci_upper_95,7887.352261106715,9174.613660682102,1287.2613995753873,True
1,4,delta_cost_saving_rate,block_sensitivity,ci_upper_95,0.5146826150925486,0.5861299729508196,0.07144735785827094,True
1,4,delta_pr_auc,block_sensitivity,ci_upper_95,0.289278156228904,0.3514581200563393,0.06217996382743529,True
1,4,delta_recall,block_sensitivity,ci_upper_95,0.5897326917447308,0.6717056193829334,0.08197292763820263,True
1,8,cost_reduction,block_sensitivity,ci_upper_95,26652.69,30587.87,3935.1800000000003,True
1,8,cost_reduction_per_100k,block_sensitivity,ci_upper_95,10007.471416675442,11474.472311903388,1467.0008952279459,True
1,8,delta_cost_saving_rate,block_sensitivity,ci_upper_95,0.5307966088674274,0.6079707780891196,0.07717416922169218,True
1,8,delta_pr_auc,block_sensitivity,ci_upper_95,0.3187855378485376,0.38339451717959633,0.06460897933105875,True
1,8,delta_recall,block_sensitivity,ci_upper_95,0.5907100023288309,0.6769246861924686,0.08621468386363773,True
2,2,cost_reduction,block_sensitivity,ci_upper_95,14378.479999999996,15291.689999999999,913.2100000000028,True
2,2,cost_reduction_per_100k,block_sensitivity,ci_upper_95,3631.5486418628957,3887.1175310754643,255.5688892125686,True
2,2,delta_cost_saving_rate,block_sensitivity,ci_upper_95,0.45098844532656734,0.47794312535290784,0.026954680026340494,True
2,2,delta_pr_auc,block_sensitivity,ci_upper_95,0.034069657585189594,0.05336304066999309,0.019293383084803495,True
2,2,delta_recall,block_sensitivity,ci_upper_95,0.6222385620915031,0.6525436283741368,0.03030506628263374,True
2,3,cost_reduction,block_sensitivity,ci_upper_95,15760.685,16638.194999999996,877.5099999999966,True
2,3,cost_reduction_per_100k,block_sensitivity,ci_upper_95,4706.158777550427,5015.234264636761,309.07548708633385,True
2,3,delta_cost_saving_rate,block_sensitivity,ci_upper_95,0.49639212962962936,0.5223205009276437,0.02592837129801434,True
2,3,delta_pr_auc,block_sensitivity,ci_upper_95,0.05792667714764764,0.08189816691434029,0.023971489766692652,True
2,3,delta_recall,block_sensitivity,ci_upper_95,0.6428571428571428,0.67115625,0.028299107142857216,True
2,6,cost_reduction,block_sensitivity,ci_upper_95,17170.939999999995,18034.025,863.0850000000064,True
2,6,cost_reduction_per_100k,block_sensitivity,ci_upper_95,7777.070303627535,8127.090859151665,350.02055552413003,True
2,6,delta_cost_saving_rate,block_sensitivity,ci_upper_95,0.5733808847402596,0.5984676235881484,0.025086738847888812,True
2,6,delta_pr_auc,block_sensitivity,ci_upper_95,0.09748922668892564,0.13744692291284813,0.03995769622392249,True
2,6,delta_recall,block_sensitivity,ci_upper_95,0.6889723509266721,0.7180045454545454,0.029032194527873312,True
3,4,cost_reduction,block_sensitivity,ci_upper_95,152238.89499999996,153965.53,1726.6350000000384,True
3,4,cost_reduction_per_100k,block_sensitivity,ci_upper_95,41749.30358050321,42472.32542116471,723.0218406614949,True
3,4,delta_cost_saving_rate,block_sensitivity,ci_upper_95,0.40129429313311243,0.40428382530011076,0.002989532166998321,True
3,4,delta_pr_auc,block_sensitivity,ci_upper_95,-0.017367557126743316,-0.01415516790952822,0.003212389217215096,True
3,4,delta_recall,block_sensitivity,ci_upper_95,0.42480203006851214,0.44391053829688876,0.01910850822837662,True
3,7,cost_reduction,block_sensitivity,ci_upper_95,154213.66,154682.435,468.7749999999942,True
3,7,cost_reduction_per_100k,block_sensitivity,ci_upper_95,47400.8195807681,48281.20658793956,880.3870071714628,True
3,7,delta_cost_saving_rate,block_sensitivity,ci_upper_95,0.40664621606771134,0.4082610060449626,0.0016147899772512853,True
3,7,delta_pr_auc,block_sensitivity,ci_upper_95,-0.021032162005464698,-0.0183751599579654,0.0026570020474992982,True
3,7,delta_recall,block_sensitivity,ci_upper_95,0.43025147408168646,0.447151080633183,0.016899606551496527,True
3,14,cost_reduction,block_sensitivity,ci_upper_95,152902.35499999998,154107.925,1205.570000000007,True
3,14,cost_reduction_per_100k,block_sensitivity,ci_upper_95,49904.575217090074,51416.42548989418,1511.8502728041058,True
3,14,delta_cost_saving_rate,block_sensitivity,ci_upper_95,0.404140264699381,0.40657029980253667,0.0024300351031556477,True
3,14,delta_pr_auc,block_sensitivity,ci_upper_95,-0.02933320036463316,-0.029284971435809062,4.822892882409835e-05,True
3,14,delta_recall,block_sensitivity,ci_upper_95,0.427818841122602,0.44610097856477166,0.018282137442169666,True
1,2,cost_reduction,block_sensitivity,valid_replicates,5000.0,5000.0,0.0,False
1,2,cost_reduction_per_100k,block_sensitivity,valid_replicates,5000.0,5000.0,0.0,False
1,2,delta_cost_saving_rate,block_sensitivity,valid_replicates,5000.0,5000.0,0.0,False
1,2,delta_pr_auc,block_sensitivity,valid_replicates,5000.0,5000.0,0.0,False
1,2,delta_recall,block_sensitivity,valid_replicates,5000.0,5000.0,0.0,False
1,4,cost_reduction,block_sensitivity,valid_replicates,5000.0,5000.0,0.0,False
1,4,cost_reduction_per_100k,block_sensitivity,valid_replicates,5000.0,5000.0,0.0,False
1,4,delta_cost_saving_rate,block_sensitivity,valid_replicates,5000.0,5000.0,0.0,False
1,4,delta_pr_auc,block_sensitivity,valid_replicates,5000.0,5000.0,0.0,False
1,4,delta_recall,block_sensitivity,valid_replicates,5000.0,5000.0,0.0,False
1,8,cost_reduction,block_sensitivity,valid_replicates,5000.0,5000.0,0.0,False
1,8,cost_reduction_per_100k,block_sensitivity,valid_replicates,5000.0,5000.0,0.0,False
1,8,delta_cost_saving_rate,block_sensitivity,valid_replicates,5000.0,5000.0,0.0,False
1,8,delta_pr_auc,block_sensitivity,valid_replicates,5000.0,5000.0,0.0,False
1,8,delta_recall,block_sensitivity,valid_replicates,5000.0,5000.0,0.0,False
2,2,cost_reduction,block_sensitivity,valid_replicates,5000.0,5000.0,0.0,False
2,2,cost_reduction_per_100k,block_sensitivity,valid_replicates,5000.0,5000.0,0.0,False
2,2,delta_cost_saving_rate,block_sensitivity,valid_replicates,5000.0,5000.0,0.0,False
2,2,delta_pr_auc,block_sensitivity,valid_replicates,5000.0,5000.0,0.0,False
2,2,delta_recall,block_sensitivity,valid_replicates,5000.0,5000.0,0.0,False
2,3,cost_reduction,block_sensitivity,valid_replicates,5000.0,5000.0,0.0,False
2,3,cost_reduction_per_100k,block_sensitivity,valid_replicates,5000.0,5000.0,0.0,False
2,3,delta_cost_saving_rate,block_sensitivity,valid_replicates,5000.0,5000.0,0.0,False
2,3,delta_pr_auc,block_sensitivity,valid_replicates,5000.0,5000.0,0.0,False
2,3,delta_recall,block_sensitivity,valid_replicates,5000.0,5000.0,0.0,False
2,6,cost_reduction,block_sensitivity,valid_replicates,5000.0,5000.0,0.0,False
2,6,cost_reduction_per_100k,block_sensitivity,valid_replicates,5000.0,5000.0,0.0,False
2,6,delta_cost_saving_rate,block_sensitivity,valid_replicates,5000.0,5000.0,0.0,False
2,6,delta_pr_auc,block_sensitivity,valid_replicates,5000.0,5000.0,0.0,False
2,6,delta_recall,block_sensitivity,valid_replicates,5000.0,5000.0,0.0,False
3,4,cost_reduction,block_sensitivity,valid_replicates,5000.0,5000.0,0.0,False
3,4,cost_reduction_per_100k,block_sensitivity,valid_replicates,5000.0,5000.0,0.0,False
3,4,delta_cost_saving_rate,block_sensitivity,valid_replicates,5000.0,5000.0,0.0,False
3,4,delta_pr_auc,block_sensitivity,valid_replicates,5000.0,5000.0,0.0,False
3,4,delta_recall,block_sensitivity,valid_replicates,5000.0,5000.0,0.0,False
3,7,cost_reduction,block_sensitivity,valid_replicates,5000.0,5000.0,0.0,False
3,7,cost_reduction_per_100k,block_sensitivity,valid_replicates,5000.0,5000.0,0.0,False
3,7,delta_cost_saving_rate,block_sensitivity,valid_replicates,5000.0,5000.0,0.0,False
3,7,delta_pr_auc,block_sensitivity,valid_replicates,5000.0,5000.0,0.0,False
3,7,delta_recall,block_sensitivity,valid_replicates,5000.0,5000.0,0.0,False
3,14,cost_reduction,block_sensitivity,valid_replicates,5000.0,5000.0,0.0,False
3,14,cost_reduction_per_100k,block_sensitivity,valid_replicates,5000.0,5000.0,0.0,False
3,14,delta_cost_saving_rate,block_sensitivity,valid_replicates,5000.0,5000.0,0.0,False
3,14,delta_pr_auc,block_sensitivity,valid_replicates,5000.0,5000.0,0.0,False
3,14,delta_recall,block_sensitivity,valid_replicates,5000.0,5000.0,0.0,False
1,2,cost_reduction,block_sensitivity,invalid_replicates,0.0,0.0,0.0,False
1,2,cost_reduction_per_100k,block_sensitivity,invalid_replicates,0.0,0.0,0.0,False
1,2,delta_cost_saving_rate,block_sensitivity,invalid_replicates,0.0,0.0,0.0,False
1,2,delta_pr_auc,block_sensitivity,invalid_replicates,0.0,0.0,0.0,False
1,2,delta_recall,block_sensitivity,invalid_replicates,0.0,0.0,0.0,False
1,4,cost_reduction,block_sensitivity,invalid_replicates,0.0,0.0,0.0,False
1,4,cost_reduction_per_100k,block_sensitivity,invalid_replicates,0.0,0.0,0.0,False
1,4,delta_cost_saving_rate,block_sensitivity,invalid_replicates,0.0,0.0,0.0,False
1,4,delta_pr_auc,block_sensitivity,invalid_replicates,0.0,0.0,0.0,False
1,4,delta_recall,block_sensitivity,invalid_replicates,0.0,0.0,0.0,False
1,8,cost_reduction,block_sensitivity,invalid_replicates,0.0,0.0,0.0,False
1,8,cost_reduction_per_100k,block_sensitivity,invalid_replicates,0.0,0.0,0.0,False
1,8,delta_cost_saving_rate,block_sensitivity,invalid_replicates,0.0,0.0,0.0,False
1,8,delta_pr_auc,block_sensitivity,invalid_replicates,0.0,0.0,0.0,False
1,8,delta_recall,block_sensitivity,invalid_replicates,0.0,0.0,0.0,False
2,2,cost_reduction,block_sensitivity,invalid_replicates,0.0,0.0,0.0,False
2,2,cost_reduction_per_100k,block_sensitivity,invalid_replicates,0.0,0.0,0.0,False
2,2,delta_cost_saving_rate,block_sensitivity,invalid_replicates,0.0,0.0,0.0,False
2,2,delta_pr_auc,block_sensitivity,invalid_replicates,0.0,0.0,0.0,False
2,2,delta_recall,block_sensitivity,invalid_replicates,0.0,0.0,0.0,False
2,3,cost_reduction,block_sensitivity,invalid_replicates,0.0,0.0,0.0,False
2,3,cost_reduction_per_100k,block_sensitivity,invalid_replicates,0.0,0.0,0.0,False
2,3,delta_cost_saving_rate,block_sensitivity,invalid_replicates,0.0,0.0,0.0,False
2,3,delta_pr_auc,block_sensitivity,invalid_replicates,0.0,0.0,0.0,False
2,3,delta_recall,block_sensitivity,invalid_replicates,0.0,0.0,0.0,False
2,6,cost_reduction,block_sensitivity,invalid_replicates,0.0,0.0,0.0,False
2,6,cost_reduction_per_100k,block_sensitivity,invalid_replicates,0.0,0.0,0.0,False
2,6,delta_cost_saving_rate,block_sensitivity,invalid_replicates,0.0,0.0,0.0,False
2,6,delta_pr_auc,block_sensitivity,invalid_replicates,0.0,0.0,0.0,False
2,6,delta_recall,block_sensitivity,invalid_replicates,0.0,0.0,0.0,False
3,4,cost_reduction,block_sensitivity,invalid_replicates,0.0,0.0,0.0,False
3,4,cost_reduction_per_100k,block_sensitivity,invalid_replicates,0.0,0.0,0.0,False
3,4,delta_cost_saving_rate,block_sensitivity,invalid_replicates,0.0,0.0,0.0,False
3,4,delta_pr_auc,block_sensitivity,invalid_replicates,0.0,0.0,0.0,False
3,4,delta_recall,block_sensitivity,invalid_replicates,0.0,0.0,0.0,False
3,7,cost_reduction,block_sensitivity,invalid_replicates,0.0,0.0,0.0,False
3,7,cost_reduction_per_100k,block_sensitivity,invalid_replicates,0.0,0.0,0.0,False
3,7,delta_cost_saving_rate,block_sensitivity,invalid_replicates,0.0,0.0,0.0,False
3,7,delta_pr_auc,block_sensitivity,invalid_replicates,0.0,0.0,0.0,False
3,7,delta_recall,block_sensitivity,invalid_replicates,0.0,0.0,0.0,False
3,14,cost_reduction,block_sensitivity,invalid_replicates,0.0,0.0,0.0,False
3,14,cost_reduction_per_100k,block_sensitivity,invalid_replicates,0.0,0.0,0.0,False
3,14,delta_cost_saving_rate,block_sensitivity,invalid_replicates,0.0,0.0,0.0,False
3,14,delta_pr_auc,block_sensitivity,invalid_replicates,0.0,0.0,0.0,False
3,14,delta_recall,block_sensitivity,invalid_replicates,0.0,0.0,0.0,False
