fold,metric,analysis,field,v1,v2,v2_minus_v1,changed_exact
1,cost_reduction,primary_intervals,observed_effect,18393.6,22092.0,3698.4000000000015,True
1,cost_reduction_per_100k,primary_intervals,observed_effect,2862.0999251549415,3437.5821778511536,575.4822526962121,True
1,delta_cost_saving_rate,primary_intervals,observed_effect,0.3693493975903614,0.4436144578313253,0.07426506024096391,True
1,delta_pr_auc,primary_intervals,observed_effect,0.08954575298321335,0.15358288905650697,0.06403713607329362,True
1,delta_recall,primary_intervals,observed_effect,0.48835341365461843,0.5831325301204819,0.09477911646586351,True
2,cost_reduction,primary_intervals,observed_effect,8483.6,9419.8,936.1999999999989,True
2,cost_reduction_per_100k,primary_intervals,observed_effect,1401.0668692507145,1555.6803355848788,154.6134663341643,True
2,delta_cost_saving_rate,primary_intervals,observed_effect,0.2719102564102564,0.30191666666666667,0.030006410256410265,True
2,delta_pr_auc,primary_intervals,observed_effect,-0.062190012467428876,-0.04749678705778721,0.014693225409641665,True
2,delta_recall,primary_intervals,observed_effect,0.5166666666666666,0.5506410256410257,0.033974358974359076,True
3,cost_reduction,primary_intervals,observed_effect,136478.8,138963.4,2484.600000000006,True
3,cost_reduction_per_100k,primary_intervals,observed_effect,21434.564166835502,21824.780948701395,390.2167818658927,True
3,delta_cost_saving_rate,primary_intervals,observed_effect,0.36258979808714137,0.3691907545164718,0.006600956429330451,True
3,delta_pr_auc,primary_intervals,observed_effect,-0.07584031816061916,-0.07892809896818756,-0.0030877808075683993,True
3,delta_recall,primary_intervals,observed_effect,0.38379383634431463,0.410308182784272,0.02651434643995737,True
1,cost_reduction,primary_intervals,bootstrap_mean,18386.6362,22072.62556,3685.9893599999996,True
1,cost_reduction_per_100k,primary_intervals,bootstrap_mean,3314.322334843652,3952.7846365412443,638.4623016975925,True
1,delta_cost_saving_rate,primary_intervals,bootstrap_mean,0.37312293824917425,0.44764841691661006,0.07452547866743581,True
1,delta_pr_auc,primary_intervals,bootstrap_mean,0.1073630182730295,0.17232045191719064,0.06495743364416114,True
1,delta_recall,primary_intervals,bootstrap_mean,0.491247675321349,0.5883825235141233,0.09713484819277435,True
2,cost_reduction,primary_intervals,bootstrap_mean,8903.2644,9870.77108,967.5066800000004,True
2,cost_reduction_per_100k,primary_intervals,bootstrap_mean,1765.476171493169,1940.9803349477886,175.50416345461963,True
2,delta_cost_saving_rate,primary_intervals,bootstrap_mean,0.2851910652200651,0.3163263614004693,0.031135296180404226,True
2,delta_pr_auc,primary_intervals,bootstrap_mean,-0.05148099735073889,-0.035929562610977996,0.015551434739760894,True
2,delta_recall,primary_intervals,bootstrap_mean,0.522310384527898,0.5575961114994092,0.03528572697151122,True
3,cost_reduction,primary_intervals,bootstrap_mean,136730.161,139234.32948,2504.168479999993,True
3,cost_reduction_per_100k,primary_intervals,bootstrap_mean,27681.371495287454,28217.065980487216,535.6944851997614,True
3,delta_cost_saving_rate,primary_intervals,bootstrap_mean,0.3646605929873451,0.371339852619948,0.0066792596326029074,True
3,delta_pr_auc,primary_intervals,bootstrap_mean,-0.08036701028827048,-0.08196789270224292,-0.0016008824139724376,True
3,delta_recall,primary_intervals,bootstrap_mean,0.38605803159900887,0.4119325731162187,0.02587454151720986,True
1,cost_reduction,primary_intervals,bootstrap_se,3731.5157745608844,3981.5138653611016,249.99809080021714,True
1,cost_reduction_per_100k,primary_intervals,bootstrap_se,2188.4434475885,2497.5144843036765,309.07103671517643,True
1,delta_cost_saving_rate,primary_intervals,bootstrap_se,0.06942692078694514,0.07055221492964928,0.001125294142704139,True
1,delta_pr_auc,primary_intervals,bootstrap_se,0.08173307501348462,0.08079367507313569,-0.0009393999403489312,True
1,delta_recall,primary_intervals,bootstrap_se,0.046647927235563935,0.04002611093647345,-0.006621816299090484,True
2,cost_reduction,primary_intervals,bootstrap_se,3192.9913088425888,3193.349240133551,0.35793129096236953,True
2,cost_reduction_per_100k,primary_intervals,bootstrap_se,1145.0941068894367,1183.5804271329741,38.48632024353742,True
2,delta_cost_saving_rate,primary_intervals,bootstrap_se,0.09834160127900363,0.09757562221840325,-0.0007659790606003719,True
2,delta_pr_auc,primary_intervals,bootstrap_se,0.04523068826005022,0.04863859202261157,0.0034079037625613443,True
2,delta_recall,primary_intervals,bootstrap_se,0.05569188054669133,0.05340556375997787,-0.0022863167867134618,True
3,cost_reduction,primary_intervals,bootstrap_se,8792.386120176037,7951.394998087698,-840.9911220883396,True
3,cost_reduction_per_100k,primary_intervals,bootstrap_se,8876.830181190768,9085.976309569764,209.14612837899585,True
3,delta_cost_saving_rate,primary_intervals,bootstrap_se,0.021293815391297315,0.018711709725088108,-0.002582105666209207,True
3,delta_pr_auc,primary_intervals,bootstrap_se,0.02773917065943798,0.029019478683479705,0.0012803080240417243,True
3,delta_recall,primary_intervals,bootstrap_se,0.022664238882903365,0.018032286401899696,-0.004631952481003669,True
1,cost_reduction,primary_intervals,ci_lower_95,11346.45,14296.130000000001,2949.6800000000003,True
1,cost_reduction_per_100k,primary_intervals,ci_lower_95,1209.894615587296,1535.80527269548,325.91065710818407,True
1,delta_cost_saving_rate,primary_intervals,ci_lower_95,0.2454401034122002,0.3120312748137271,0.0665911714015269,True
1,delta_pr_auc,primary_intervals,ci_lower_95,-0.02449216608690696,0.038855001678363886,0.06334716776527084,True
1,delta_recall,primary_intervals,ci_lower_95,0.40923679332715485,0.5165339246387306,0.10729713131157576,True
2,cost_reduction,primary_intervals,ci_lower_95,3079.155,4019.6600000000003,940.5050000000001,True
2,cost_reduction_per_100k,primary_intervals,ci_lower_95,396.11013219981027,520.3556397472374,124.24550754742717,True
2,delta_cost_saving_rate,primary_intervals,ci_lower_95,0.10491424177674176,0.1381176423067363,0.03320340052999453,True
2,delta_pr_auc,primary_intervals,ci_lower_95,-0.12026753644963088,-0.10777409574148833,0.012493440708142553,True
2,delta_recall,primary_intervals,ci_lower_95,0.42640410424469416,0.46560509554140134,0.03920099129670718,True
3,cost_reduction,primary_intervals,ci_lower_95,120104.05,124062.66,3958.6100000000006,True
3,cost_reduction_per_100k,primary_intervals,ci_lower_95,14104.742312080212,14286.46949917685,181.72718709663786,True
3,delta_cost_saving_rate,primary_intervals,ci_lower_95,0.3245654789893595,0.3355083603477493,0.010942881358389778,True
3,delta_pr_auc,primary_intervals,ci_lower_95,-0.13010800776883535,-0.13310963256574518,-0.003001624796909824,True
3,delta_recall,primary_intervals,ci_lower_95,0.343318023437522,0.37767964009287813,0.03436161665535614,True
1,cost_reduction,primary_intervals,ci_upper_95,25681.24,29803.694999999996,4122.4549999999945,True
1,cost_reduction_per_100k,primary_intervals,ci_upper_95,7887.352261106715,9174.613660682102,1287.2613995753873,True
1,delta_cost_saving_rate,primary_intervals,ci_upper_95,0.5146826150925486,0.5861299729508196,0.07144735785827094,True
1,delta_pr_auc,primary_intervals,ci_upper_95,0.289278156228904,0.3514581200563393,0.06217996382743529,True
1,delta_recall,primary_intervals,ci_upper_95,0.5897326917447308,0.6717056193829334,0.08197292763820263,True
2,cost_reduction,primary_intervals,ci_upper_95,15760.685,16638.194999999996,877.5099999999966,True
2,cost_reduction_per_100k,primary_intervals,ci_upper_95,4706.158777550427,5015.234264636761,309.07548708633385,True
2,delta_cost_saving_rate,primary_intervals,ci_upper_95,0.49639212962962936,0.5223205009276437,0.02592837129801434,True
2,delta_pr_auc,primary_intervals,ci_upper_95,0.05792667714764764,0.08189816691434029,0.023971489766692652,True
2,delta_recall,primary_intervals,ci_upper_95,0.6428571428571428,0.67115625,0.028299107142857216,True
3,cost_reduction,primary_intervals,ci_upper_95,154213.66,154682.435,468.7749999999942,True
3,cost_reduction_per_100k,primary_intervals,ci_upper_95,47400.8195807681,48281.20658793956,880.3870071714628,True
3,delta_cost_saving_rate,primary_intervals,ci_upper_95,0.40664621606771134,0.4082610060449626,0.0016147899772512853,True
3,delta_pr_auc,primary_intervals,ci_upper_95,-0.021032162005464698,-0.0183751599579654,0.0026570020474992982,True
3,delta_recall,primary_intervals,ci_upper_95,0.43025147408168646,0.447151080633183,0.016899606551496527,True
1,cost_reduction,primary_intervals,total_replicates,5000.0,5000.0,0.0,False
1,cost_reduction_per_100k,primary_intervals,total_replicates,5000.0,5000.0,0.0,False
1,delta_cost_saving_rate,primary_intervals,total_replicates,5000.0,5000.0,0.0,False
1,delta_pr_auc,primary_intervals,total_replicates,5000.0,5000.0,0.0,False
1,delta_recall,primary_intervals,total_replicates,5000.0,5000.0,0.0,False
2,cost_reduction,primary_intervals,total_replicates,5000.0,5000.0,0.0,False
2,cost_reduction_per_100k,primary_intervals,total_replicates,5000.0,5000.0,0.0,False
2,delta_cost_saving_rate,primary_intervals,total_replicates,5000.0,5000.0,0.0,False
2,delta_pr_auc,primary_intervals,total_replicates,5000.0,5000.0,0.0,False
2,delta_recall,primary_intervals,total_replicates,5000.0,5000.0,0.0,False
3,cost_reduction,primary_intervals,total_replicates,5000.0,5000.0,0.0,False
3,cost_reduction_per_100k,primary_intervals,total_replicates,5000.0,5000.0,0.0,False
3,delta_cost_saving_rate,primary_intervals,total_replicates,5000.0,5000.0,0.0,False
3,delta_pr_auc,primary_intervals,total_replicates,5000.0,5000.0,0.0,False
3,delta_recall,primary_intervals,total_replicates,5000.0,5000.0,0.0,False
1,cost_reduction,primary_intervals,valid_replicates,5000.0,5000.0,0.0,False
1,cost_reduction_per_100k,primary_intervals,valid_replicates,5000.0,5000.0,0.0,False
1,delta_cost_saving_rate,primary_intervals,valid_replicates,5000.0,5000.0,0.0,False
1,delta_pr_auc,primary_intervals,valid_replicates,5000.0,5000.0,0.0,False
1,delta_recall,primary_intervals,valid_replicates,5000.0,5000.0,0.0,False
2,cost_reduction,primary_intervals,valid_replicates,5000.0,5000.0,0.0,False
2,cost_reduction_per_100k,primary_intervals,valid_replicates,5000.0,5000.0,0.0,False
2,delta_cost_saving_rate,primary_intervals,valid_replicates,5000.0,5000.0,0.0,False
2,delta_pr_auc,primary_intervals,valid_replicates,5000.0,5000.0,0.0,False
2,delta_recall,primary_intervals,valid_replicates,5000.0,5000.0,0.0,False
3,cost_reduction,primary_intervals,valid_replicates,5000.0,5000.0,0.0,False
3,cost_reduction_per_100k,primary_intervals,valid_replicates,5000.0,5000.0,0.0,False
3,delta_cost_saving_rate,primary_intervals,valid_replicates,5000.0,5000.0,0.0,False
3,delta_pr_auc,primary_intervals,valid_replicates,5000.0,5000.0,0.0,False
3,delta_recall,primary_intervals,valid_replicates,5000.0,5000.0,0.0,False
1,cost_reduction,primary_intervals,invalid_replicates,0.0,0.0,0.0,False
1,cost_reduction_per_100k,primary_intervals,invalid_replicates,0.0,0.0,0.0,False
1,delta_cost_saving_rate,primary_intervals,invalid_replicates,0.0,0.0,0.0,False
1,delta_pr_auc,primary_intervals,invalid_replicates,0.0,0.0,0.0,False
1,delta_recall,primary_intervals,invalid_replicates,0.0,0.0,0.0,False
2,cost_reduction,primary_intervals,invalid_replicates,0.0,0.0,0.0,False
2,cost_reduction_per_100k,primary_intervals,invalid_replicates,0.0,0.0,0.0,False
2,delta_cost_saving_rate,primary_intervals,invalid_replicates,0.0,0.0,0.0,False
2,delta_pr_auc,primary_intervals,invalid_replicates,0.0,0.0,0.0,False
2,delta_recall,primary_intervals,invalid_replicates,0.0,0.0,0.0,False
3,cost_reduction,primary_intervals,invalid_replicates,0.0,0.0,0.0,False
3,cost_reduction_per_100k,primary_intervals,invalid_replicates,0.0,0.0,0.0,False
3,delta_cost_saving_rate,primary_intervals,invalid_replicates,0.0,0.0,0.0,False
3,delta_pr_auc,primary_intervals,invalid_replicates,0.0,0.0,0.0,False
3,delta_recall,primary_intervals,invalid_replicates,0.0,0.0,0.0,False
1,cost_reduction,primary_intervals,invalid_rate,0.0,0.0,0.0,False
1,cost_reduction_per_100k,primary_intervals,invalid_rate,0.0,0.0,0.0,False
1,delta_cost_saving_rate,primary_intervals,invalid_rate,0.0,0.0,0.0,False
1,delta_pr_auc,primary_intervals,invalid_rate,0.0,0.0,0.0,False
1,delta_recall,primary_intervals,invalid_rate,0.0,0.0,0.0,False
2,cost_reduction,primary_intervals,invalid_rate,0.0,0.0,0.0,False
2,cost_reduction_per_100k,primary_intervals,invalid_rate,0.0,0.0,0.0,False
2,delta_cost_saving_rate,primary_intervals,invalid_rate,0.0,0.0,0.0,False
2,delta_pr_auc,primary_intervals,invalid_rate,0.0,0.0,0.0,False
2,delta_recall,primary_intervals,invalid_rate,0.0,0.0,0.0,False
3,cost_reduction,primary_intervals,invalid_rate,0.0,0.0,0.0,False
3,cost_reduction_per_100k,primary_intervals,invalid_rate,0.0,0.0,0.0,False
3,delta_cost_saving_rate,primary_intervals,invalid_rate,0.0,0.0,0.0,False
3,delta_pr_auc,primary_intervals,invalid_rate,0.0,0.0,0.0,False
3,delta_recall,primary_intervals,invalid_rate,0.0,0.0,0.0,False
