dataset,fold,contrast,score_stage,q,analysis,field,v1,v2,v2_minus_v1,changed_exact
paysim,1,P_BUNDLE,clipped,0.01,priority_summaries,mean,209.582,237.08,27.49800000000002,True
paysim,1,P_BUNDLE,clipped,0.03,priority_summaries,mean,191.74,222.23,30.48999999999998,True
paysim,1,P_BUNDLE,clipped,0.05,priority_summaries,mean,150.488,174.584,24.096000000000004,True
paysim,1,P_BUNDLE,clipped,0.1,priority_summaries,mean,40.756,91.762,51.006,True
paysim,1,P_BUNDLE,platt,0.01,priority_summaries,mean,209.582,237.08,27.49800000000002,True
paysim,1,P_BUNDLE,platt,0.03,priority_summaries,mean,191.74,222.23,30.48999999999998,True
paysim,1,P_BUNDLE,platt,0.05,priority_summaries,mean,150.488,174.584,24.096000000000004,True
paysim,1,P_BUNDLE,platt,0.1,priority_summaries,mean,40.756,91.762,51.006,True
paysim,1,P_BUNDLE,raw,0.01,priority_summaries,mean,209.582,237.08,27.49800000000002,True
paysim,1,P_BUNDLE,raw,0.03,priority_summaries,mean,191.74,222.23,30.48999999999998,True
paysim,1,P_BUNDLE,raw,0.05,priority_summaries,mean,150.488,174.584,24.096000000000004,True
paysim,1,P_BUNDLE,raw,0.1,priority_summaries,mean,40.756,91.762,51.006,True
paysim,1,P_H_BASE,clipped,0.01,priority_summaries,mean,165.172,168.532,3.3600000000000136,True
paysim,1,P_H_BASE,clipped,0.03,priority_summaries,mean,149.65,172.604,22.954000000000008,True
paysim,1,P_H_BASE,clipped,0.05,priority_summaries,mean,114.25200000000001,146.014,31.762,True
paysim,1,P_H_BASE,clipped,0.1,priority_summaries,mean,11.37,62.303999999999995,50.934,True
paysim,1,P_H_BASE,platt,0.01,priority_summaries,mean,165.172,168.532,3.3600000000000136,True
paysim,1,P_H_BASE,platt,0.03,priority_summaries,mean,149.65,172.604,22.954000000000008,True
paysim,1,P_H_BASE,platt,0.05,priority_summaries,mean,114.25200000000001,146.014,31.762,True
paysim,1,P_H_BASE,platt,0.1,priority_summaries,mean,11.37,62.303999999999995,50.934,True
paysim,1,P_H_BASE,raw,0.01,priority_summaries,mean,165.172,168.532,3.3600000000000136,True
paysim,1,P_H_BASE,raw,0.03,priority_summaries,mean,149.65,172.604,22.954000000000008,True
paysim,1,P_H_BASE,raw,0.05,priority_summaries,mean,114.25200000000001,146.014,31.762,True
paysim,1,P_H_BASE,raw,0.1,priority_summaries,mean,11.37,62.303999999999995,50.934,True
paysim,1,P_H_TIME,clipped,0.01,priority_summaries,mean,81.842,111.36,29.518,True
paysim,1,P_H_TIME,clipped,0.03,priority_summaries,mean,68.482,98.736,30.254000000000005,True
paysim,1,P_H_TIME,clipped,0.05,priority_summaries,mean,32.662,71.518,38.856,True
paysim,1,P_H_TIME,clipped,0.1,priority_summaries,mean,-0.516,38.942,39.458,True
paysim,1,P_H_TIME,platt,0.01,priority_summaries,mean,81.842,111.36,29.518,True
paysim,1,P_H_TIME,platt,0.03,priority_summaries,mean,68.482,98.736,30.254000000000005,True
paysim,1,P_H_TIME,platt,0.05,priority_summaries,mean,32.662,71.518,38.856,True
paysim,1,P_H_TIME,platt,0.1,priority_summaries,mean,-0.516,38.942,39.458,True
paysim,1,P_H_TIME,raw,0.01,priority_summaries,mean,81.842,111.36,29.518,True
paysim,1,P_H_TIME,raw,0.03,priority_summaries,mean,68.482,98.736,30.254000000000005,True
paysim,1,P_H_TIME,raw,0.05,priority_summaries,mean,32.662,71.518,38.856,True
paysim,1,P_H_TIME,raw,0.1,priority_summaries,mean,-0.516,38.942,39.458,True
paysim,1,P_PRIMARY,clipped,0.01,priority_summaries,mean,203.12599999999998,239.13,36.00400000000002,True
paysim,1,P_PRIMARY,clipped,0.03,priority_summaries,mean,182.21599999999998,220.96599999999998,38.75,True
paysim,1,P_PRIMARY,clipped,0.05,priority_summaries,mean,142.278,174.84599999999998,32.567999999999984,True
paysim,1,P_PRIMARY,clipped,0.1,priority_summaries,mean,34.254,86.412,52.15800000000001,True
paysim,1,P_PRIMARY,platt,0.01,priority_summaries,mean,203.12599999999998,239.13,36.00400000000002,True
paysim,1,P_PRIMARY,platt,0.03,priority_summaries,mean,182.21599999999998,220.96599999999998,38.75,True
paysim,1,P_PRIMARY,platt,0.05,priority_summaries,mean,142.278,174.84599999999998,32.567999999999984,True
paysim,1,P_PRIMARY,platt,0.1,priority_summaries,mean,34.254,86.412,52.15800000000001,True
paysim,1,P_PRIMARY,raw,0.01,priority_summaries,mean,203.12599999999998,239.13,36.00400000000002,True
paysim,1,P_PRIMARY,raw,0.03,priority_summaries,mean,182.21599999999998,220.96599999999998,38.75,True
paysim,1,P_PRIMARY,raw,0.05,priority_summaries,mean,142.278,174.84599999999998,32.567999999999984,True
paysim,1,P_PRIMARY,raw,0.1,priority_summaries,mean,34.254,86.412,52.15800000000001,True
paysim,1,P_WEIGHT,clipped,0.01,priority_summaries,mean,-6.456,2.05,8.506,True
paysim,1,P_WEIGHT,clipped,0.03,priority_summaries,mean,-9.524,-1.264,8.26,True
paysim,1,P_WEIGHT,clipped,0.05,priority_summaries,mean,-8.21,0.262,8.472000000000001,True
paysim,1,P_WEIGHT,clipped,0.1,priority_summaries,mean,-6.502000000000001,-5.35,1.152000000000001,True
paysim,1,P_WEIGHT,platt,0.01,priority_summaries,mean,-6.456,2.05,8.506,True
paysim,1,P_WEIGHT,platt,0.03,priority_summaries,mean,-9.524,-1.264,8.26,True
paysim,1,P_WEIGHT,platt,0.05,priority_summaries,mean,-8.21,0.262,8.472000000000001,True
paysim,1,P_WEIGHT,platt,0.1,priority_summaries,mean,-6.502000000000001,-5.35,1.152000000000001,True
paysim,1,P_WEIGHT,raw,0.01,priority_summaries,mean,-6.456,2.05,8.506,True
paysim,1,P_WEIGHT,raw,0.03,priority_summaries,mean,-9.524,-1.264,8.26,True
paysim,1,P_WEIGHT,raw,0.05,priority_summaries,mean,-8.21,0.262,8.472000000000001,True
paysim,1,P_WEIGHT,raw,0.1,priority_summaries,mean,-6.502000000000001,-5.35,1.152000000000001,True
paysim,2,P_BUNDLE,clipped,0.01,priority_summaries,mean,106.706,109.818,3.1119999999999948,True
paysim,2,P_BUNDLE,clipped,0.03,priority_summaries,mean,116.806,132.244,15.438000000000002,True
paysim,2,P_BUNDLE,clipped,0.05,priority_summaries,mean,93.62200000000001,96.74799999999999,3.1259999999999764,True
paysim,2,P_BUNDLE,clipped,0.1,priority_summaries,mean,24.578000000000003,39.034,14.455999999999996,True
paysim,2,P_BUNDLE,platt,0.01,priority_summaries,mean,106.706,109.818,3.1119999999999948,True
paysim,2,P_BUNDLE,platt,0.03,priority_summaries,mean,116.806,132.244,15.438000000000002,True
paysim,2,P_BUNDLE,platt,0.05,priority_summaries,mean,93.62200000000001,96.74799999999999,3.1259999999999764,True
paysim,2,P_BUNDLE,platt,0.1,priority_summaries,mean,24.578000000000003,39.034,14.455999999999996,True
paysim,2,P_BUNDLE,raw,0.01,priority_summaries,mean,106.706,109.818,3.1119999999999948,True
paysim,2,P_BUNDLE,raw,0.03,priority_summaries,mean,116.806,132.244,15.438000000000002,True
paysim,2,P_BUNDLE,raw,0.05,priority_summaries,mean,93.62200000000001,96.74799999999999,3.1259999999999764,True
paysim,2,P_BUNDLE,raw,0.1,priority_summaries,mean,24.578000000000003,39.034,14.455999999999996,True
paysim,2,P_H_BASE,clipped,0.01,priority_summaries,mean,66.154,84.43,18.27600000000001,True
paysim,2,P_H_BASE,clipped,0.03,priority_summaries,mean,109.88799999999999,110.05799999999999,0.1700000000000017,True
paysim,2,P_H_BASE,clipped,0.05,priority_summaries,mean,88.21600000000001,75.58,-12.63600000000001,True
paysim,2,P_H_BASE,clipped,0.1,priority_summaries,mean,19.884,21.601999999999997,1.7179999999999964,True
paysim,2,P_H_BASE,platt,0.01,priority_summaries,mean,66.154,84.43,18.27600000000001,True
paysim,2,P_H_BASE,platt,0.03,priority_summaries,mean,109.88799999999999,110.05799999999999,0.1700000000000017,True
paysim,2,P_H_BASE,platt,0.05,priority_summaries,mean,88.21600000000001,75.58,-12.63600000000001,True
paysim,2,P_H_BASE,platt,0.1,priority_summaries,mean,19.884,21.601999999999997,1.7179999999999964,True
paysim,2,P_H_BASE,raw,0.01,priority_summaries,mean,66.154,84.43,18.27600000000001,True
paysim,2,P_H_BASE,raw,0.03,priority_summaries,mean,109.88799999999999,110.05799999999999,0.1700000000000017,True
paysim,2,P_H_BASE,raw,0.05,priority_summaries,mean,88.21600000000001,75.58,-12.63600000000001,True
paysim,2,P_H_BASE,raw,0.1,priority_summaries,mean,19.884,21.601999999999997,1.7179999999999964,True
paysim,2,P_H_TIME,clipped,0.01,priority_summaries,mean,48.782,55.46,6.678000000000004,True
paysim,2,P_H_TIME,clipped,0.03,priority_summaries,mean,62.32,84.132,21.812000000000005,True
paysim,2,P_H_TIME,clipped,0.05,priority_summaries,mean,42.618,63.368,20.75,True
paysim,2,P_H_TIME,clipped,0.1,priority_summaries,mean,6.506,25.831999999999997,19.325999999999997,True
paysim,2,P_H_TIME,platt,0.01,priority_summaries,mean,48.782,55.46,6.678000000000004,True
paysim,2,P_H_TIME,platt,0.03,priority_summaries,mean,62.32,84.132,21.812000000000005,True
paysim,2,P_H_TIME,platt,0.05,priority_summaries,mean,42.618,63.368,20.75,True
paysim,2,P_H_TIME,platt,0.1,priority_summaries,mean,6.506,25.831999999999997,19.325999999999997,True
paysim,2,P_H_TIME,raw,0.01,priority_summaries,mean,48.782,55.46,6.678000000000004,True
paysim,2,P_H_TIME,raw,0.03,priority_summaries,mean,62.32,84.132,21.812000000000005,True
paysim,2,P_H_TIME,raw,0.05,priority_summaries,mean,42.618,63.368,20.75,True
paysim,2,P_H_TIME,raw,0.1,priority_summaries,mean,6.506,25.831999999999997,19.325999999999997,True
paysim,2,P_PRIMARY,clipped,0.01,priority_summaries,mean,117.316,119.412,2.0960000000000036,True
paysim,2,P_PRIMARY,clipped,0.03,priority_summaries,mean,121.51,135.88,14.36999999999999,True
paysim,2,P_PRIMARY,clipped,0.05,priority_summaries,mean,98.586,100.49799999999999,1.911999999999992,True
paysim,2,P_PRIMARY,clipped,0.1,priority_summaries,mean,28.636,43.952,15.315999999999999,True
paysim,2,P_PRIMARY,platt,0.01,priority_summaries,mean,117.316,119.412,2.0960000000000036,True
paysim,2,P_PRIMARY,platt,0.03,priority_summaries,mean,121.51,135.88,14.36999999999999,True
paysim,2,P_PRIMARY,platt,0.05,priority_summaries,mean,98.586,100.49799999999999,1.911999999999992,True
paysim,2,P_PRIMARY,platt,0.1,priority_summaries,mean,28.636,43.952,15.315999999999999,True
paysim,2,P_PRIMARY,raw,0.01,priority_summaries,mean,117.316,119.412,2.0960000000000036,True
paysim,2,P_PRIMARY,raw,0.03,priority_summaries,mean,121.51,135.88,14.36999999999999,True
paysim,2,P_PRIMARY,raw,0.05,priority_summaries,mean,98.586,100.49799999999999,1.911999999999992,True
paysim,2,P_PRIMARY,raw,0.1,priority_summaries,mean,28.636,43.952,15.315999999999999,True
paysim,2,P_WEIGHT,clipped,0.01,priority_summaries,mean,10.61,9.594,-1.016,True
paysim,2,P_WEIGHT,clipped,0.03,priority_summaries,mean,4.704,3.636,-1.0679999999999996,True
paysim,2,P_WEIGHT,clipped,0.05,priority_summaries,mean,4.9639999999999995,3.75,-1.2139999999999995,True
paysim,2,P_WEIGHT,clipped,0.1,priority_summaries,mean,4.058,4.918,0.8600000000000003,True
paysim,2,P_WEIGHT,platt,0.01,priority_summaries,mean,10.61,9.594,-1.016,True
paysim,2,P_WEIGHT,platt,0.03,priority_summaries,mean,4.704,3.636,-1.0679999999999996,True
paysim,2,P_WEIGHT,platt,0.05,priority_summaries,mean,4.9639999999999995,3.75,-1.2139999999999995,True
paysim,2,P_WEIGHT,platt,0.1,priority_summaries,mean,4.058,4.918,0.8600000000000003,True
paysim,2,P_WEIGHT,raw,0.01,priority_summaries,mean,10.61,9.594,-1.016,True
paysim,2,P_WEIGHT,raw,0.03,priority_summaries,mean,4.704,3.636,-1.0679999999999996,True
paysim,2,P_WEIGHT,raw,0.05,priority_summaries,mean,4.9639999999999995,3.75,-1.2139999999999995,True
paysim,2,P_WEIGHT,raw,0.1,priority_summaries,mean,4.058,4.918,0.8600000000000003,True
paysim,3,P_BUNDLE,clipped,0.01,priority_summaries,mean,200.386,-176.592,-376.978,True
paysim,3,P_BUNDLE,clipped,0.03,priority_summaries,mean,1012.12,961.352,-50.76800000000003,True
paysim,3,P_BUNDLE,clipped,0.05,priority_summaries,mean,938.28,912.56,-25.720000000000027,True
paysim,3,P_BUNDLE,clipped,0.1,priority_summaries,mean,378.91,322.654,-56.25600000000003,True
paysim,3,P_BUNDLE,platt,0.01,priority_summaries,mean,200.386,-176.592,-376.978,True
paysim,3,P_BUNDLE,platt,0.03,priority_summaries,mean,1012.12,961.352,-50.76800000000003,True
paysim,3,P_BUNDLE,platt,0.05,priority_summaries,mean,938.28,912.56,-25.720000000000027,True
paysim,3,P_BUNDLE,platt,0.1,priority_summaries,mean,378.91,322.654,-56.25600000000003,True
paysim,3,P_BUNDLE,raw,0.01,priority_summaries,mean,194.58599999999998,-186.97,-381.556,True
paysim,3,P_BUNDLE,raw,0.03,priority_summaries,mean,1012.12,961.352,-50.76800000000003,True
paysim,3,P_BUNDLE,raw,0.05,priority_summaries,mean,938.28,912.56,-25.720000000000027,True
paysim,3,P_BUNDLE,raw,0.1,priority_summaries,mean,378.91,322.654,-56.25600000000003,True
paysim,3,P_H_BASE,clipped,0.01,priority_summaries,mean,723.034,474.272,-248.762,True
paysim,3,P_H_BASE,clipped,0.03,priority_summaries,mean,1031.114,1071.308,40.19399999999996,True
paysim,3,P_H_BASE,clipped,0.05,priority_summaries,mean,732.05,804.2639999999999,72.21399999999994,True
paysim,3,P_H_BASE,clipped,0.1,priority_summaries,mean,243.388,308.79400000000004,65.40600000000003,True
paysim,3,P_H_BASE,platt,0.01,priority_summaries,mean,723.034,474.272,-248.762,True
paysim,3,P_H_BASE,platt,0.03,priority_summaries,mean,1031.114,1071.308,40.19399999999996,True
paysim,3,P_H_BASE,platt,0.05,priority_summaries,mean,732.05,804.2639999999999,72.21399999999994,True
paysim,3,P_H_BASE,platt,0.1,priority_summaries,mean,243.388,308.79400000000004,65.40600000000003,True
paysim,3,P_H_BASE,raw,0.01,priority_summaries,mean,723.034,474.272,-248.762,True
paysim,3,P_H_BASE,raw,0.03,priority_summaries,mean,1031.114,1071.308,40.19399999999996,True
paysim,3,P_H_BASE,raw,0.05,priority_summaries,mean,732.05,804.2639999999999,72.21399999999994,True
paysim,3,P_H_BASE,raw,0.1,priority_summaries,mean,243.388,308.79400000000004,65.40600000000003,True
paysim,3,P_H_TIME,clipped,0.01,priority_summaries,mean,589.7919999999999,346.62800000000004,-243.16399999999987,True
paysim,3,P_H_TIME,clipped,0.03,priority_summaries,mean,782.2239999999999,712.408,-69.81599999999992,True
paysim,3,P_H_TIME,clipped,0.05,priority_summaries,mean,661.5160000000001,593.308,-68.20800000000008,True
paysim,3,P_H_TIME,clipped,0.1,priority_summaries,mean,287.572,203.8,-83.77199999999999,True
paysim,3,P_H_TIME,platt,0.01,priority_summaries,mean,589.7919999999999,346.62800000000004,-243.16399999999987,True
paysim,3,P_H_TIME,platt,0.03,priority_summaries,mean,782.2239999999999,712.408,-69.81599999999992,True
paysim,3,P_H_TIME,platt,0.05,priority_summaries,mean,661.5160000000001,593.308,-68.20800000000008,True
paysim,3,P_H_TIME,platt,0.1,priority_summaries,mean,287.572,203.8,-83.77199999999999,True
paysim,3,P_H_TIME,raw,0.01,priority_summaries,mean,542.982,370.29,-172.69199999999995,True
paysim,3,P_H_TIME,raw,0.03,priority_summaries,mean,782.2239999999999,712.408,-69.81599999999992,True
paysim,3,P_H_TIME,raw,0.05,priority_summaries,mean,661.5160000000001,593.308,-68.20800000000008,True
paysim,3,P_H_TIME,raw,0.1,priority_summaries,mean,287.572,203.8,-83.77199999999999,True
paysim,3,P_PRIMARY,clipped,0.01,priority_summaries,mean,302.592,165.002,-137.58999999999997,True
paysim,3,P_PRIMARY,clipped,0.03,priority_summaries,mean,1080.322,996.322,-83.99999999999989,True
paysim,3,P_PRIMARY,clipped,0.05,priority_summaries,mean,874.556,743.5360000000001,-131.01999999999998,True
paysim,3,P_PRIMARY,clipped,0.1,priority_summaries,mean,310.23400000000004,308.384,-1.8500000000000227,True
paysim,3,P_PRIMARY,platt,0.01,priority_summaries,mean,302.592,165.002,-137.58999999999997,True
paysim,3,P_PRIMARY,platt,0.03,priority_summaries,mean,1080.322,996.322,-83.99999999999989,True
paysim,3,P_PRIMARY,platt,0.05,priority_summaries,mean,874.556,743.5360000000001,-131.01999999999998,True
paysim,3,P_PRIMARY,platt,0.1,priority_summaries,mean,310.23400000000004,308.384,-1.8500000000000227,True
paysim,3,P_PRIMARY,raw,0.01,priority_summaries,mean,374.35,164.53599999999997,-209.81400000000005,True
paysim,3,P_PRIMARY,raw,0.03,priority_summaries,mean,1080.322,996.322,-83.99999999999989,True
paysim,3,P_PRIMARY,raw,0.05,priority_summaries,mean,874.556,743.5360000000001,-131.01999999999998,True
paysim,3,P_PRIMARY,raw,0.1,priority_summaries,mean,310.23400000000004,308.384,-1.8500000000000227,True
paysim,3,P_WEIGHT,clipped,0.01,priority_summaries,mean,102.206,341.594,239.38799999999998,True
paysim,3,P_WEIGHT,clipped,0.03,priority_summaries,mean,68.202,34.97,-33.232,True
paysim,3,P_WEIGHT,clipped,0.05,priority_summaries,mean,-63.724,-169.024,-105.30000000000001,True
paysim,3,P_WEIGHT,clipped,0.1,priority_summaries,mean,-68.676,-14.27,54.406000000000006,True
paysim,3,P_WEIGHT,platt,0.01,priority_summaries,mean,102.206,341.594,239.38799999999998,True
paysim,3,P_WEIGHT,platt,0.03,priority_summaries,mean,68.202,34.97,-33.232,True
paysim,3,P_WEIGHT,platt,0.05,priority_summaries,mean,-63.724,-169.024,-105.30000000000001,True
paysim,3,P_WEIGHT,platt,0.1,priority_summaries,mean,-68.676,-14.27,54.406000000000006,True
paysim,3,P_WEIGHT,raw,0.01,priority_summaries,mean,179.764,351.506,171.74199999999996,True
paysim,3,P_WEIGHT,raw,0.03,priority_summaries,mean,68.202,34.97,-33.232,True
paysim,3,P_WEIGHT,raw,0.05,priority_summaries,mean,-63.724,-169.024,-105.30000000000001,True
paysim,3,P_WEIGHT,raw,0.1,priority_summaries,mean,-68.676,-14.27,54.406000000000006,True
paysim,1,P_BUNDLE,clipped,0.01,priority_summaries,min,207.6,233.4,25.80000000000001,True
paysim,1,P_BUNDLE,clipped,0.03,priority_summaries,min,190.4,220.6,30.19999999999999,True
paysim,1,P_BUNDLE,clipped,0.05,priority_summaries,min,148.2,172.2,24.0,True
paysim,1,P_BUNDLE,clipped,0.1,priority_summaries,min,38.4,90.4,52.00000000000001,True
paysim,1,P_BUNDLE,platt,0.01,priority_summaries,min,207.6,233.4,25.80000000000001,True
paysim,1,P_BUNDLE,platt,0.03,priority_summaries,min,190.4,220.6,30.19999999999999,True
paysim,1,P_BUNDLE,platt,0.05,priority_summaries,min,148.2,172.2,24.0,True
paysim,1,P_BUNDLE,platt,0.1,priority_summaries,min,38.4,90.4,52.00000000000001,True
paysim,1,P_BUNDLE,raw,0.01,priority_summaries,min,207.6,233.4,25.80000000000001,True
paysim,1,P_BUNDLE,raw,0.03,priority_summaries,min,190.4,220.6,30.19999999999999,True
paysim,1,P_BUNDLE,raw,0.05,priority_summaries,min,148.2,172.2,24.0,True
paysim,1,P_BUNDLE,raw,0.1,priority_summaries,min,38.4,90.4,52.00000000000001,True
paysim,1,P_H_BASE,clipped,0.01,priority_summaries,min,162.0,163.4,1.4000000000000057,True
paysim,1,P_H_BASE,clipped,0.03,priority_summaries,min,147.2,171.0,23.80000000000001,True
paysim,1,P_H_BASE,clipped,0.05,priority_summaries,min,111.4,143.0,31.599999999999994,True
paysim,1,P_H_BASE,clipped,0.1,priority_summaries,min,9.6,60.6,51.0,True
paysim,1,P_H_BASE,platt,0.01,priority_summaries,min,162.0,163.4,1.4000000000000057,True
paysim,1,P_H_BASE,platt,0.03,priority_summaries,min,147.2,171.0,23.80000000000001,True
paysim,1,P_H_BASE,platt,0.05,priority_summaries,min,111.4,143.0,31.599999999999994,True
paysim,1,P_H_BASE,platt,0.1,priority_summaries,min,9.6,60.6,51.0,True
paysim,1,P_H_BASE,raw,0.01,priority_summaries,min,162.0,163.4,1.4000000000000057,True
paysim,1,P_H_BASE,raw,0.03,priority_summaries,min,147.2,171.0,23.80000000000001,True
paysim,1,P_H_BASE,raw,0.05,priority_summaries,min,111.4,143.0,31.599999999999994,True
paysim,1,P_H_BASE,raw,0.1,priority_summaries,min,9.6,60.6,51.0,True
paysim,1,P_H_TIME,clipped,0.01,priority_summaries,min,80.0,110.6,30.599999999999994,True
paysim,1,P_H_TIME,clipped,0.03,priority_summaries,min,67.6,98.0,30.400000000000006,True
paysim,1,P_H_TIME,clipped,0.05,priority_summaries,min,30.6,69.6,38.99999999999999,True
paysim,1,P_H_TIME,clipped,0.1,priority_summaries,min,-2.2,37.8,40.0,True
paysim,1,P_H_TIME,platt,0.01,priority_summaries,min,80.0,110.6,30.599999999999994,True
paysim,1,P_H_TIME,platt,0.03,priority_summaries,min,67.6,98.0,30.400000000000006,True
paysim,1,P_H_TIME,platt,0.05,priority_summaries,min,30.6,69.6,38.99999999999999,True
paysim,1,P_H_TIME,platt,0.1,priority_summaries,min,-2.2,37.8,40.0,True
paysim,1,P_H_TIME,raw,0.01,priority_summaries,min,80.0,110.6,30.599999999999994,True
paysim,1,P_H_TIME,raw,0.03,priority_summaries,min,67.6,98.0,30.400000000000006,True
paysim,1,P_H_TIME,raw,0.05,priority_summaries,min,30.6,69.6,38.99999999999999,True
paysim,1,P_H_TIME,raw,0.1,priority_summaries,min,-2.2,37.8,40.0,True
paysim,1,P_PRIMARY,clipped,0.01,priority_summaries,min,202.2,235.8,33.60000000000002,True
paysim,1,P_PRIMARY,clipped,0.03,priority_summaries,min,180.6,219.0,38.400000000000006,True
paysim,1,P_PRIMARY,clipped,0.05,priority_summaries,min,140.6,172.8,32.20000000000002,True
paysim,1,P_PRIMARY,clipped,0.1,priority_summaries,min,31.4,85.2,53.800000000000004,True
paysim,1,P_PRIMARY,platt,0.01,priority_summaries,min,202.2,235.8,33.60000000000002,True
paysim,1,P_PRIMARY,platt,0.03,priority_summaries,min,180.6,219.0,38.400000000000006,True
paysim,1,P_PRIMARY,platt,0.05,priority_summaries,min,140.6,172.8,32.20000000000002,True
paysim,1,P_PRIMARY,platt,0.1,priority_summaries,min,31.4,85.2,53.800000000000004,True
paysim,1,P_PRIMARY,raw,0.01,priority_summaries,min,202.2,235.8,33.60000000000002,True
paysim,1,P_PRIMARY,raw,0.03,priority_summaries,min,180.6,219.0,38.400000000000006,True
paysim,1,P_PRIMARY,raw,0.05,priority_summaries,min,140.6,172.8,32.20000000000002,True
paysim,1,P_PRIMARY,raw,0.1,priority_summaries,min,31.4,85.2,53.800000000000004,True
paysim,1,P_WEIGHT,clipped,0.01,priority_summaries,min,-8.0,1.0,9.0,True
paysim,1,P_WEIGHT,clipped,0.03,priority_summaries,min,-10.6,-2.4,8.2,True
paysim,1,P_WEIGHT,clipped,0.05,priority_summaries,min,-9.8,-0.8,9.0,True
paysim,1,P_WEIGHT,clipped,0.1,priority_summaries,min,-7.8,-6.4,1.3999999999999995,True
paysim,1,P_WEIGHT,platt,0.01,priority_summaries,min,-8.0,1.0,9.0,True
paysim,1,P_WEIGHT,platt,0.03,priority_summaries,min,-10.6,-2.4,8.2,True
paysim,1,P_WEIGHT,platt,0.05,priority_summaries,min,-9.8,-0.8,9.0,True
paysim,1,P_WEIGHT,platt,0.1,priority_summaries,min,-7.8,-6.4,1.3999999999999995,True
paysim,1,P_WEIGHT,raw,0.01,priority_summaries,min,-8.0,1.0,9.0,True
paysim,1,P_WEIGHT,raw,0.03,priority_summaries,min,-10.6,-2.4,8.2,True
paysim,1,P_WEIGHT,raw,0.05,priority_summaries,min,-9.8,-0.8,9.0,True
paysim,1,P_WEIGHT,raw,0.1,priority_summaries,min,-7.8,-6.4,1.3999999999999995,True
paysim,2,P_BUNDLE,clipped,0.01,priority_summaries,min,101.8,105.6,3.799999999999997,True
paysim,2,P_BUNDLE,clipped,0.03,priority_summaries,min,115.6,131.2,15.599999999999994,True
paysim,2,P_BUNDLE,clipped,0.05,priority_summaries,min,92.0,94.2,2.200000000000003,True
paysim,2,P_BUNDLE,clipped,0.1,priority_summaries,min,23.8,38.2,14.400000000000002,True
paysim,2,P_BUNDLE,platt,0.01,priority_summaries,min,101.8,105.6,3.799999999999997,True
paysim,2,P_BUNDLE,platt,0.03,priority_summaries,min,115.6,131.2,15.599999999999994,True
paysim,2,P_BUNDLE,platt,0.05,priority_summaries,min,92.0,94.2,2.200000000000003,True
paysim,2,P_BUNDLE,platt,0.1,priority_summaries,min,23.8,38.2,14.400000000000002,True
paysim,2,P_BUNDLE,raw,0.01,priority_summaries,min,101.8,105.6,3.799999999999997,True
paysim,2,P_BUNDLE,raw,0.03,priority_summaries,min,115.6,131.2,15.599999999999994,True
paysim,2,P_BUNDLE,raw,0.05,priority_summaries,min,92.0,94.2,2.200000000000003,True
paysim,2,P_BUNDLE,raw,0.1,priority_summaries,min,23.8,38.2,14.400000000000002,True
paysim,2,P_H_BASE,clipped,0.01,priority_summaries,min,62.4,79.0,16.6,True
paysim,2,P_H_BASE,clipped,0.03,priority_summaries,min,108.6,109.2,0.6000000000000085,True
paysim,2,P_H_BASE,clipped,0.05,priority_summaries,min,85.6,72.0,-13.599999999999994,True
paysim,2,P_H_BASE,clipped,0.1,priority_summaries,min,18.4,20.6,2.200000000000003,True
paysim,2,P_H_BASE,platt,0.01,priority_summaries,min,62.4,79.0,16.6,True
paysim,2,P_H_BASE,platt,0.03,priority_summaries,min,108.6,109.2,0.6000000000000085,True
paysim,2,P_H_BASE,platt,0.05,priority_summaries,min,85.6,72.0,-13.599999999999994,True
paysim,2,P_H_BASE,platt,0.1,priority_summaries,min,18.4,20.6,2.200000000000003,True
paysim,2,P_H_BASE,raw,0.01,priority_summaries,min,62.4,79.0,16.6,True
paysim,2,P_H_BASE,raw,0.03,priority_summaries,min,108.6,109.2,0.6000000000000085,True
paysim,2,P_H_BASE,raw,0.05,priority_summaries,min,85.6,72.0,-13.599999999999994,True
paysim,2,P_H_BASE,raw,0.1,priority_summaries,min,18.4,20.6,2.200000000000003,True
paysim,2,P_H_TIME,clipped,0.01,priority_summaries,min,46.8,52.8,6.0,True
paysim,2,P_H_TIME,clipped,0.03,priority_summaries,min,61.4,83.6,22.199999999999996,True
paysim,2,P_H_TIME,clipped,0.05,priority_summaries,min,41.4,61.0,19.6,True
paysim,2,P_H_TIME,clipped,0.1,priority_summaries,min,6.0,25.2,19.2,True
paysim,2,P_H_TIME,platt,0.01,priority_summaries,min,46.8,52.8,6.0,True
paysim,2,P_H_TIME,platt,0.03,priority_summaries,min,61.4,83.6,22.199999999999996,True
paysim,2,P_H_TIME,platt,0.05,priority_summaries,min,41.4,61.0,19.6,True
paysim,2,P_H_TIME,platt,0.1,priority_summaries,min,6.0,25.2,19.2,True
paysim,2,P_H_TIME,raw,0.01,priority_summaries,min,46.8,52.8,6.0,True
paysim,2,P_H_TIME,raw,0.03,priority_summaries,min,61.4,83.6,22.199999999999996,True
paysim,2,P_H_TIME,raw,0.05,priority_summaries,min,41.4,61.0,19.6,True
paysim,2,P_H_TIME,raw,0.1,priority_summaries,min,6.0,25.2,19.2,True
paysim,2,P_PRIMARY,clipped,0.01,priority_summaries,min,111.6,114.8,3.200000000000003,True
paysim,2,P_PRIMARY,clipped,0.03,priority_summaries,min,120.4,134.8,14.400000000000006,True
paysim,2,P_PRIMARY,clipped,0.05,priority_summaries,min,96.8,99.0,2.200000000000003,True
paysim,2,P_PRIMARY,clipped,0.1,priority_summaries,min,27.4,43.0,15.600000000000001,True
paysim,2,P_PRIMARY,platt,0.01,priority_summaries,min,111.6,114.8,3.200000000000003,True
paysim,2,P_PRIMARY,platt,0.03,priority_summaries,min,120.4,134.8,14.400000000000006,True
paysim,2,P_PRIMARY,platt,0.05,priority_summaries,min,96.8,99.0,2.200000000000003,True
paysim,2,P_PRIMARY,platt,0.1,priority_summaries,min,27.4,43.0,15.600000000000001,True
paysim,2,P_PRIMARY,raw,0.01,priority_summaries,min,111.6,114.8,3.200000000000003,True
paysim,2,P_PRIMARY,raw,0.03,priority_summaries,min,120.4,134.8,14.400000000000006,True
paysim,2,P_PRIMARY,raw,0.05,priority_summaries,min,96.8,99.0,2.200000000000003,True
paysim,2,P_PRIMARY,raw,0.1,priority_summaries,min,27.4,43.0,15.600000000000001,True
paysim,2,P_WEIGHT,clipped,0.01,priority_summaries,min,8.8,8.2,-0.6000000000000014,True
paysim,2,P_WEIGHT,clipped,0.03,priority_summaries,min,3.6,2.8,-0.8000000000000003,True
paysim,2,P_WEIGHT,clipped,0.05,priority_summaries,min,3.6,2.2,-1.4,True
paysim,2,P_WEIGHT,clipped,0.1,priority_summaries,min,3.2,4.2,1.0,True
paysim,2,P_WEIGHT,platt,0.01,priority_summaries,min,8.8,8.2,-0.6000000000000014,True
paysim,2,P_WEIGHT,platt,0.03,priority_summaries,min,3.6,2.8,-0.8000000000000003,True
paysim,2,P_WEIGHT,platt,0.05,priority_summaries,min,3.6,2.2,-1.4,True
paysim,2,P_WEIGHT,platt,0.1,priority_summaries,min,3.2,4.2,1.0,True
paysim,2,P_WEIGHT,raw,0.01,priority_summaries,min,8.8,8.2,-0.6000000000000014,True
paysim,2,P_WEIGHT,raw,0.03,priority_summaries,min,3.6,2.8,-0.8000000000000003,True
paysim,2,P_WEIGHT,raw,0.05,priority_summaries,min,3.6,2.2,-1.4,True
paysim,2,P_WEIGHT,raw,0.1,priority_summaries,min,3.2,4.2,1.0,True
paysim,3,P_BUNDLE,clipped,0.01,priority_summaries,min,191.4,-196.2,-387.6,True
paysim,3,P_BUNDLE,clipped,0.03,priority_summaries,min,1008.4,957.8,-50.60000000000002,True
paysim,3,P_BUNDLE,clipped,0.05,priority_summaries,min,936.2,909.6,-26.600000000000023,True
paysim,3,P_BUNDLE,clipped,0.1,priority_summaries,min,375.6,318.0,-57.60000000000002,True
paysim,3,P_BUNDLE,platt,0.01,priority_summaries,min,191.4,-196.2,-387.6,True
paysim,3,P_BUNDLE,platt,0.03,priority_summaries,min,1008.4,957.8,-50.60000000000002,True
paysim,3,P_BUNDLE,platt,0.05,priority_summaries,min,936.2,909.6,-26.600000000000023,True
paysim,3,P_BUNDLE,platt,0.1,priority_summaries,min,375.6,318.0,-57.60000000000002,True
paysim,3,P_BUNDLE,raw,0.01,priority_summaries,min,184.2,-206.4,-390.6,True
paysim,3,P_BUNDLE,raw,0.03,priority_summaries,min,1008.4,957.8,-50.60000000000002,True
paysim,3,P_BUNDLE,raw,0.05,priority_summaries,min,936.2,909.6,-26.600000000000023,True
paysim,3,P_BUNDLE,raw,0.1,priority_summaries,min,375.6,318.0,-57.60000000000002,True
paysim,3,P_H_BASE,clipped,0.01,priority_summaries,min,711.2,461.6,-249.60000000000002,True
paysim,3,P_H_BASE,clipped,0.03,priority_summaries,min,1026.4,1065.8,39.399999999999864,True
paysim,3,P_H_BASE,clipped,0.05,priority_summaries,min,724.8,797.0,72.20000000000005,True
paysim,3,P_H_BASE,clipped,0.1,priority_summaries,min,239.0,305.4,66.39999999999998,True
paysim,3,P_H_BASE,platt,0.01,priority_summaries,min,711.2,461.6,-249.60000000000002,True
paysim,3,P_H_BASE,platt,0.03,priority_summaries,min,1026.4,1065.8,39.399999999999864,True
paysim,3,P_H_BASE,platt,0.05,priority_summaries,min,724.8,797.0,72.20000000000005,True
paysim,3,P_H_BASE,platt,0.1,priority_summaries,min,239.0,305.4,66.39999999999998,True
paysim,3,P_H_BASE,raw,0.01,priority_summaries,min,711.2,461.6,-249.60000000000002,True
paysim,3,P_H_BASE,raw,0.03,priority_summaries,min,1026.4,1065.8,39.399999999999864,True
paysim,3,P_H_BASE,raw,0.05,priority_summaries,min,724.8,797.0,72.20000000000005,True
paysim,3,P_H_BASE,raw,0.1,priority_summaries,min,239.0,305.4,66.39999999999998,True
paysim,3,P_H_TIME,clipped,0.01,priority_summaries,min,557.8,305.2,-252.59999999999997,True
paysim,3,P_H_TIME,clipped,0.03,priority_summaries,min,781.2,710.8,-70.40000000000009,True
paysim,3,P_H_TIME,clipped,0.05,priority_summaries,min,659.8,591.8,-68.0,True
paysim,3,P_H_TIME,clipped,0.1,priority_summaries,min,285.6,202.0,-83.60000000000002,True
paysim,3,P_H_TIME,platt,0.01,priority_summaries,min,557.8,305.2,-252.59999999999997,True
paysim,3,P_H_TIME,platt,0.03,priority_summaries,min,781.2,710.8,-70.40000000000009,True
paysim,3,P_H_TIME,platt,0.05,priority_summaries,min,659.8,591.8,-68.0,True
paysim,3,P_H_TIME,platt,0.1,priority_summaries,min,285.6,202.0,-83.60000000000002,True
paysim,3,P_H_TIME,raw,0.01,priority_summaries,min,519.4,332.8,-186.59999999999997,True
paysim,3,P_H_TIME,raw,0.03,priority_summaries,min,781.2,710.8,-70.40000000000009,True
paysim,3,P_H_TIME,raw,0.05,priority_summaries,min,659.8,591.8,-68.0,True
paysim,3,P_H_TIME,raw,0.1,priority_summaries,min,285.6,202.0,-83.60000000000002,True
paysim,3,P_PRIMARY,clipped,0.01,priority_summaries,min,292.4,157.6,-134.79999999999998,True
paysim,3,P_PRIMARY,clipped,0.03,priority_summaries,min,1075.6,992.8,-82.79999999999995,True
paysim,3,P_PRIMARY,clipped,0.05,priority_summaries,min,871.4,740.0,-131.39999999999998,True
paysim,3,P_PRIMARY,clipped,0.1,priority_summaries,min,306.6,305.0,-1.6000000000000227,True
paysim,3,P_PRIMARY,platt,0.01,priority_summaries,min,292.4,157.6,-134.79999999999998,True
paysim,3,P_PRIMARY,platt,0.03,priority_summaries,min,1075.6,992.8,-82.79999999999995,True
paysim,3,P_PRIMARY,platt,0.05,priority_summaries,min,871.4,740.0,-131.39999999999998,True
paysim,3,P_PRIMARY,platt,0.1,priority_summaries,min,306.6,305.0,-1.6000000000000227,True
paysim,3,P_PRIMARY,raw,0.01,priority_summaries,min,367.4,158.8,-208.59999999999997,True
paysim,3,P_PRIMARY,raw,0.03,priority_summaries,min,1075.6,992.8,-82.79999999999995,True
paysim,3,P_PRIMARY,raw,0.05,priority_summaries,min,871.4,740.0,-131.39999999999998,True
paysim,3,P_PRIMARY,raw,0.1,priority_summaries,min,306.6,305.0,-1.6000000000000227,True
paysim,3,P_WEIGHT,clipped,0.01,priority_summaries,min,93.8,325.6,231.8,True
paysim,3,P_WEIGHT,clipped,0.03,priority_summaries,min,65.6,32.4,-33.199999999999996,True
paysim,3,P_WEIGHT,clipped,0.05,priority_summaries,min,-67.0,-171.2,-104.19999999999999,True
paysim,3,P_WEIGHT,clipped,0.1,priority_summaries,min,-71.0,-16.2,54.8,True
paysim,3,P_WEIGHT,platt,0.01,priority_summaries,min,93.8,325.6,231.8,True
paysim,3,P_WEIGHT,platt,0.03,priority_summaries,min,65.6,32.4,-33.199999999999996,True
paysim,3,P_WEIGHT,platt,0.05,priority_summaries,min,-67.0,-171.2,-104.19999999999999,True
paysim,3,P_WEIGHT,platt,0.1,priority_summaries,min,-71.0,-16.2,54.8,True
paysim,3,P_WEIGHT,raw,0.01,priority_summaries,min,170.0,336.2,166.2,True
paysim,3,P_WEIGHT,raw,0.03,priority_summaries,min,65.6,32.4,-33.199999999999996,True
paysim,3,P_WEIGHT,raw,0.05,priority_summaries,min,-67.0,-171.2,-104.19999999999999,True
paysim,3,P_WEIGHT,raw,0.1,priority_summaries,min,-71.0,-16.2,54.8,True
paysim,1,P_BUNDLE,clipped,0.01,priority_summaries,max,211.0,241.4,30.400000000000006,True
paysim,1,P_BUNDLE,clipped,0.03,priority_summaries,max,193.6,224.0,30.400000000000006,True
paysim,1,P_BUNDLE,clipped,0.05,priority_summaries,max,152.2,177.0,24.80000000000001,True
paysim,1,P_BUNDLE,clipped,0.1,priority_summaries,max,42.6,93.4,50.800000000000004,True
paysim,1,P_BUNDLE,platt,0.01,priority_summaries,max,211.0,241.4,30.400000000000006,True
paysim,1,P_BUNDLE,platt,0.03,priority_summaries,max,193.6,224.0,30.400000000000006,True
paysim,1,P_BUNDLE,platt,0.05,priority_summaries,max,152.2,177.0,24.80000000000001,True
paysim,1,P_BUNDLE,platt,0.1,priority_summaries,max,42.6,93.4,50.800000000000004,True
paysim,1,P_BUNDLE,raw,0.01,priority_summaries,max,211.0,241.4,30.400000000000006,True
paysim,1,P_BUNDLE,raw,0.03,priority_summaries,max,193.6,224.0,30.400000000000006,True
paysim,1,P_BUNDLE,raw,0.05,priority_summaries,max,152.2,177.0,24.80000000000001,True
paysim,1,P_BUNDLE,raw,0.1,priority_summaries,max,42.6,93.4,50.800000000000004,True
paysim,1,P_H_BASE,clipped,0.01,priority_summaries,max,168.0,173.0,5.0,True
paysim,1,P_H_BASE,clipped,0.03,priority_summaries,max,152.8,174.6,21.799999999999983,True
paysim,1,P_H_BASE,clipped,0.05,priority_summaries,max,116.8,149.6,32.8,True
paysim,1,P_H_BASE,clipped,0.1,priority_summaries,max,13.4,63.4,50.0,True
paysim,1,P_H_BASE,platt,0.01,priority_summaries,max,168.0,173.0,5.0,True
paysim,1,P_H_BASE,platt,0.03,priority_summaries,max,152.8,174.6,21.799999999999983,True
paysim,1,P_H_BASE,platt,0.05,priority_summaries,max,116.8,149.6,32.8,True
paysim,1,P_H_BASE,platt,0.1,priority_summaries,max,13.4,63.4,50.0,True
paysim,1,P_H_BASE,raw,0.01,priority_summaries,max,168.0,173.0,5.0,True
paysim,1,P_H_BASE,raw,0.03,priority_summaries,max,152.8,174.6,21.799999999999983,True
paysim,1,P_H_BASE,raw,0.05,priority_summaries,max,116.8,149.6,32.8,True
paysim,1,P_H_BASE,raw,0.1,priority_summaries,max,13.4,63.4,50.0,True
paysim,1,P_H_TIME,clipped,0.01,priority_summaries,max,83.4,112.2,28.799999999999997,True
paysim,1,P_H_TIME,clipped,0.03,priority_summaries,max,69.8,100.6,30.799999999999997,True
paysim,1,P_H_TIME,clipped,0.05,priority_summaries,max,34.4,73.2,38.800000000000004,True
paysim,1,P_H_TIME,clipped,0.1,priority_summaries,max,0.8,40.4,39.6,True
paysim,1,P_H_TIME,platt,0.01,priority_summaries,max,83.4,112.2,28.799999999999997,True
paysim,1,P_H_TIME,platt,0.03,priority_summaries,max,69.8,100.6,30.799999999999997,True
paysim,1,P_H_TIME,platt,0.05,priority_summaries,max,34.4,73.2,38.800000000000004,True
paysim,1,P_H_TIME,platt,0.1,priority_summaries,max,0.8,40.4,39.6,True
paysim,1,P_H_TIME,raw,0.01,priority_summaries,max,83.4,112.2,28.799999999999997,True
paysim,1,P_H_TIME,raw,0.03,priority_summaries,max,69.8,100.6,30.799999999999997,True
paysim,1,P_H_TIME,raw,0.05,priority_summaries,max,34.4,73.2,38.800000000000004,True
paysim,1,P_H_TIME,raw,0.1,priority_summaries,max,0.8,40.4,39.6,True
paysim,1,P_PRIMARY,clipped,0.01,priority_summaries,max,204.0,243.6,39.599999999999994,True
paysim,1,P_PRIMARY,clipped,0.03,priority_summaries,max,184.4,223.0,38.599999999999994,True
paysim,1,P_PRIMARY,clipped,0.05,priority_summaries,max,143.0,176.4,33.400000000000006,True
paysim,1,P_PRIMARY,clipped,0.1,priority_summaries,max,37.0,88.0,51.0,True
paysim,1,P_PRIMARY,platt,0.01,priority_summaries,max,204.0,243.6,39.599999999999994,True
paysim,1,P_PRIMARY,platt,0.03,priority_summaries,max,184.4,223.0,38.599999999999994,True
paysim,1,P_PRIMARY,platt,0.05,priority_summaries,max,143.0,176.4,33.400000000000006,True
paysim,1,P_PRIMARY,platt,0.1,priority_summaries,max,37.0,88.0,51.0,True
paysim,1,P_PRIMARY,raw,0.01,priority_summaries,max,204.0,243.6,39.599999999999994,True
paysim,1,P_PRIMARY,raw,0.03,priority_summaries,max,184.4,223.0,38.599999999999994,True
paysim,1,P_PRIMARY,raw,0.05,priority_summaries,max,143.0,176.4,33.400000000000006,True
paysim,1,P_PRIMARY,raw,0.1,priority_summaries,max,37.0,88.0,51.0,True
paysim,1,P_WEIGHT,clipped,0.01,priority_summaries,max,-4.8,3.4,8.2,True
paysim,1,P_WEIGHT,clipped,0.03,priority_summaries,max,-8.2,-0.2,7.999999999999999,True
paysim,1,P_WEIGHT,clipped,0.05,priority_summaries,max,-6.6,1.4,8.0,True
paysim,1,P_WEIGHT,clipped,0.1,priority_summaries,max,-5.2,-4.2,1.0,True
paysim,1,P_WEIGHT,platt,0.01,priority_summaries,max,-4.8,3.4,8.2,True
paysim,1,P_WEIGHT,platt,0.03,priority_summaries,max,-8.2,-0.2,7.999999999999999,True
paysim,1,P_WEIGHT,platt,0.05,priority_summaries,max,-6.6,1.4,8.0,True
paysim,1,P_WEIGHT,platt,0.1,priority_summaries,max,-5.2,-4.2,1.0,True
paysim,1,P_WEIGHT,raw,0.01,priority_summaries,max,-4.8,3.4,8.2,True
paysim,1,P_WEIGHT,raw,0.03,priority_summaries,max,-8.2,-0.2,7.999999999999999,True
paysim,1,P_WEIGHT,raw,0.05,priority_summaries,max,-6.6,1.4,8.0,True
paysim,1,P_WEIGHT,raw,0.1,priority_summaries,max,-5.2,-4.2,1.0,True
paysim,2,P_BUNDLE,clipped,0.01,priority_summaries,max,112.2,114.2,2.0,True
paysim,2,P_BUNDLE,clipped,0.03,priority_summaries,max,117.8,133.2,15.399999999999991,True
paysim,2,P_BUNDLE,clipped,0.05,priority_summaries,max,95.6,99.0,3.4000000000000057,True
paysim,2,P_BUNDLE,clipped,0.1,priority_summaries,max,25.6,39.8,14.199999999999996,True
paysim,2,P_BUNDLE,platt,0.01,priority_summaries,max,112.2,114.2,2.0,True
paysim,2,P_BUNDLE,platt,0.03,priority_summaries,max,117.8,133.2,15.399999999999991,True
paysim,2,P_BUNDLE,platt,0.05,priority_summaries,max,95.6,99.0,3.4000000000000057,True
paysim,2,P_BUNDLE,platt,0.1,priority_summaries,max,25.6,39.8,14.199999999999996,True
paysim,2,P_BUNDLE,raw,0.01,priority_summaries,max,112.2,114.2,2.0,True
paysim,2,P_BUNDLE,raw,0.03,priority_summaries,max,117.8,133.2,15.399999999999991,True
paysim,2,P_BUNDLE,raw,0.05,priority_summaries,max,95.6,99.0,3.4000000000000057,True
paysim,2,P_BUNDLE,raw,0.1,priority_summaries,max,25.6,39.8,14.199999999999996,True
paysim,2,P_H_BASE,clipped,0.01,priority_summaries,max,72.2,89.4,17.200000000000003,True
paysim,2,P_H_BASE,clipped,0.03,priority_summaries,max,111.4,111.4,0.0,False
paysim,2,P_H_BASE,clipped,0.05,priority_summaries,max,91.8,78.2,-13.599999999999994,True
paysim,2,P_H_BASE,clipped,0.1,priority_summaries,max,22.0,22.6,0.6000000000000014,True
paysim,2,P_H_BASE,platt,0.01,priority_summaries,max,72.2,89.4,17.200000000000003,True
paysim,2,P_H_BASE,platt,0.03,priority_summaries,max,111.4,111.4,0.0,False
paysim,2,P_H_BASE,platt,0.05,priority_summaries,max,91.8,78.2,-13.599999999999994,True
paysim,2,P_H_BASE,platt,0.1,priority_summaries,max,22.0,22.6,0.6000000000000014,True
paysim,2,P_H_BASE,raw,0.01,priority_summaries,max,72.2,89.4,17.200000000000003,True
paysim,2,P_H_BASE,raw,0.03,priority_summaries,max,111.4,111.4,0.0,False
paysim,2,P_H_BASE,raw,0.05,priority_summaries,max,91.8,78.2,-13.599999999999994,True
paysim,2,P_H_BASE,raw,0.1,priority_summaries,max,22.0,22.6,0.6000000000000014,True
paysim,2,P_H_TIME,clipped,0.01,priority_summaries,max,50.8,58.4,7.600000000000001,True
paysim,2,P_H_TIME,clipped,0.03,priority_summaries,max,63.0,84.8,21.799999999999997,True
paysim,2,P_H_TIME,clipped,0.05,priority_summaries,max,44.0,65.4,21.400000000000006,True
paysim,2,P_H_TIME,clipped,0.1,priority_summaries,max,6.6,26.4,19.799999999999997,True
paysim,2,P_H_TIME,platt,0.01,priority_summaries,max,50.8,58.4,7.600000000000001,True
paysim,2,P_H_TIME,platt,0.03,priority_summaries,max,63.0,84.8,21.799999999999997,True
paysim,2,P_H_TIME,platt,0.05,priority_summaries,max,44.0,65.4,21.400000000000006,True
paysim,2,P_H_TIME,platt,0.1,priority_summaries,max,6.6,26.4,19.799999999999997,True
paysim,2,P_H_TIME,raw,0.01,priority_summaries,max,50.8,58.4,7.600000000000001,True
paysim,2,P_H_TIME,raw,0.03,priority_summaries,max,63.0,84.8,21.799999999999997,True
paysim,2,P_H_TIME,raw,0.05,priority_summaries,max,44.0,65.4,21.400000000000006,True
paysim,2,P_H_TIME,raw,0.1,priority_summaries,max,6.6,26.4,19.799999999999997,True
paysim,2,P_PRIMARY,clipped,0.01,priority_summaries,max,123.6,123.4,-0.19999999999998863,True
paysim,2,P_PRIMARY,clipped,0.03,priority_summaries,max,122.8,137.0,14.200000000000003,True
paysim,2,P_PRIMARY,clipped,0.05,priority_summaries,max,100.4,101.6,1.1999999999999886,True
paysim,2,P_PRIMARY,clipped,0.1,priority_summaries,max,31.0,45.8,14.799999999999997,True
paysim,2,P_PRIMARY,platt,0.01,priority_summaries,max,123.6,123.4,-0.19999999999998863,True
paysim,2,P_PRIMARY,platt,0.03,priority_summaries,max,122.8,137.0,14.200000000000003,True
paysim,2,P_PRIMARY,platt,0.05,priority_summaries,max,100.4,101.6,1.1999999999999886,True
paysim,2,P_PRIMARY,platt,0.1,priority_summaries,max,31.0,45.8,14.799999999999997,True
paysim,2,P_PRIMARY,raw,0.01,priority_summaries,max,123.6,123.4,-0.19999999999998863,True
paysim,2,P_PRIMARY,raw,0.03,priority_summaries,max,122.8,137.0,14.200000000000003,True
paysim,2,P_PRIMARY,raw,0.05,priority_summaries,max,100.4,101.6,1.1999999999999886,True
paysim,2,P_PRIMARY,raw,0.1,priority_summaries,max,31.0,45.8,14.799999999999997,True
paysim,2,P_WEIGHT,clipped,0.01,priority_summaries,max,12.0,11.4,-0.5999999999999996,True
paysim,2,P_WEIGHT,clipped,0.03,priority_summaries,max,5.8,4.2,-1.5999999999999996,True
paysim,2,P_WEIGHT,clipped,0.05,priority_summaries,max,6.8,5.0,-1.7999999999999998,True
paysim,2,P_WEIGHT,clipped,0.1,priority_summaries,max,5.8,6.4,0.6000000000000005,True
paysim,2,P_WEIGHT,platt,0.01,priority_summaries,max,12.0,11.4,-0.5999999999999996,True
paysim,2,P_WEIGHT,platt,0.03,priority_summaries,max,5.8,4.2,-1.5999999999999996,True
paysim,2,P_WEIGHT,platt,0.05,priority_summaries,max,6.8,5.0,-1.7999999999999998,True
paysim,2,P_WEIGHT,platt,0.1,priority_summaries,max,5.8,6.4,0.6000000000000005,True
paysim,2,P_WEIGHT,raw,0.01,priority_summaries,max,12.0,11.4,-0.5999999999999996,True
paysim,2,P_WEIGHT,raw,0.03,priority_summaries,max,5.8,4.2,-1.5999999999999996,True
paysim,2,P_WEIGHT,raw,0.05,priority_summaries,max,6.8,5.0,-1.7999999999999998,True
paysim,2,P_WEIGHT,raw,0.1,priority_summaries,max,5.8,6.4,0.6000000000000005,True
paysim,3,P_BUNDLE,clipped,0.01,priority_summaries,max,211.0,-159.0,-370.0,True
paysim,3,P_BUNDLE,clipped,0.03,priority_summaries,max,1015.6,967.6,-48.0,True
paysim,3,P_BUNDLE,clipped,0.05,priority_summaries,max,940.2,916.6,-23.600000000000023,True
paysim,3,P_BUNDLE,clipped,0.1,priority_summaries,max,382.4,325.8,-56.599999999999966,True
paysim,3,P_BUNDLE,platt,0.01,priority_summaries,max,211.0,-159.0,-370.0,True
paysim,3,P_BUNDLE,platt,0.03,priority_summaries,max,1015.6,967.6,-48.0,True
paysim,3,P_BUNDLE,platt,0.05,priority_summaries,max,940.2,916.6,-23.600000000000023,True
paysim,3,P_BUNDLE,platt,0.1,priority_summaries,max,382.4,325.8,-56.599999999999966,True
paysim,3,P_BUNDLE,raw,0.01,priority_summaries,max,204.6,-172.2,-376.79999999999995,True
paysim,3,P_BUNDLE,raw,0.03,priority_summaries,max,1015.6,967.6,-48.0,True
paysim,3,P_BUNDLE,raw,0.05,priority_summaries,max,940.2,916.6,-23.600000000000023,True
paysim,3,P_BUNDLE,raw,0.1,priority_summaries,max,382.4,325.8,-56.599999999999966,True
paysim,3,P_H_BASE,clipped,0.01,priority_summaries,max,735.0,488.6,-246.39999999999998,True
paysim,3,P_H_BASE,clipped,0.03,priority_summaries,max,1035.8,1076.2,40.40000000000009,True
paysim,3,P_H_BASE,clipped,0.05,priority_summaries,max,741.6,810.8,69.19999999999993,True
paysim,3,P_H_BASE,clipped,0.1,priority_summaries,max,248.6,311.4,62.79999999999998,True
paysim,3,P_H_BASE,platt,0.01,priority_summaries,max,735.0,488.6,-246.39999999999998,True
paysim,3,P_H_BASE,platt,0.03,priority_summaries,max,1035.8,1076.2,40.40000000000009,True
paysim,3,P_H_BASE,platt,0.05,priority_summaries,max,741.6,810.8,69.19999999999993,True
paysim,3,P_H_BASE,platt,0.1,priority_summaries,max,248.6,311.4,62.79999999999998,True
paysim,3,P_H_BASE,raw,0.01,priority_summaries,max,735.0,488.6,-246.39999999999998,True
paysim,3,P_H_BASE,raw,0.03,priority_summaries,max,1035.8,1076.2,40.40000000000009,True
paysim,3,P_H_BASE,raw,0.05,priority_summaries,max,741.6,810.8,69.19999999999993,True
paysim,3,P_H_BASE,raw,0.1,priority_summaries,max,248.6,311.4,62.79999999999998,True
paysim,3,P_H_TIME,clipped,0.01,priority_summaries,max,618.2,375.2,-243.00000000000006,True
paysim,3,P_H_TIME,clipped,0.03,priority_summaries,max,783.6,714.8,-68.80000000000007,True
paysim,3,P_H_TIME,clipped,0.05,priority_summaries,max,663.6,596.0,-67.60000000000002,True
paysim,3,P_H_TIME,clipped,0.1,priority_summaries,max,288.8,205.6,-83.20000000000002,True
paysim,3,P_H_TIME,platt,0.01,priority_summaries,max,618.2,375.2,-243.00000000000006,True
paysim,3,P_H_TIME,platt,0.03,priority_summaries,max,783.6,714.8,-68.80000000000007,True
paysim,3,P_H_TIME,platt,0.05,priority_summaries,max,663.6,596.0,-67.60000000000002,True
paysim,3,P_H_TIME,platt,0.1,priority_summaries,max,288.8,205.6,-83.20000000000002,True
paysim,3,P_H_TIME,raw,0.01,priority_summaries,max,569.0,395.4,-173.60000000000002,True
paysim,3,P_H_TIME,raw,0.03,priority_summaries,max,783.6,714.8,-68.80000000000007,True
paysim,3,P_H_TIME,raw,0.05,priority_summaries,max,663.6,596.0,-67.60000000000002,True
paysim,3,P_H_TIME,raw,0.1,priority_summaries,max,288.8,205.6,-83.20000000000002,True
paysim,3,P_PRIMARY,clipped,0.01,priority_summaries,max,312.0,171.8,-140.2,True
paysim,3,P_PRIMARY,clipped,0.03,priority_summaries,max,1084.2,1002.0,-82.20000000000005,True
paysim,3,P_PRIMARY,clipped,0.05,priority_summaries,max,878.8,747.0,-131.79999999999995,True
paysim,3,P_PRIMARY,clipped,0.1,priority_summaries,max,315.0,311.8,-3.1999999999999886,True
paysim,3,P_PRIMARY,platt,0.01,priority_summaries,max,312.0,171.8,-140.2,True
paysim,3,P_PRIMARY,platt,0.03,priority_summaries,max,1084.2,1002.0,-82.20000000000005,True
paysim,3,P_PRIMARY,platt,0.05,priority_summaries,max,878.8,747.0,-131.79999999999995,True
paysim,3,P_PRIMARY,platt,0.1,priority_summaries,max,315.0,311.8,-3.1999999999999886,True
paysim,3,P_PRIMARY,raw,0.01,priority_summaries,max,380.0,169.0,-211.0,True
paysim,3,P_PRIMARY,raw,0.03,priority_summaries,max,1084.2,1002.0,-82.20000000000005,True
paysim,3,P_PRIMARY,raw,0.05,priority_summaries,max,878.8,747.0,-131.79999999999995,True
paysim,3,P_PRIMARY,raw,0.1,priority_summaries,max,315.0,311.8,-3.1999999999999886,True
paysim,3,P_WEIGHT,clipped,0.01,priority_summaries,max,111.4,358.2,246.79999999999998,True
paysim,3,P_WEIGHT,clipped,0.03,priority_summaries,max,70.4,37.0,-33.400000000000006,True
paysim,3,P_WEIGHT,clipped,0.05,priority_summaries,max,-60.4,-166.8,-106.4,True
paysim,3,P_WEIGHT,clipped,0.1,priority_summaries,max,-66.8,-12.8,54.0,True
paysim,3,P_WEIGHT,platt,0.01,priority_summaries,max,111.4,358.2,246.79999999999998,True
paysim,3,P_WEIGHT,platt,0.03,priority_summaries,max,70.4,37.0,-33.400000000000006,True
paysim,3,P_WEIGHT,platt,0.05,priority_summaries,max,-60.4,-166.8,-106.4,True
paysim,3,P_WEIGHT,platt,0.1,priority_summaries,max,-66.8,-12.8,54.0,True
paysim,3,P_WEIGHT,raw,0.01,priority_summaries,max,188.2,370.8,182.60000000000002,True
paysim,3,P_WEIGHT,raw,0.03,priority_summaries,max,70.4,37.0,-33.400000000000006,True
paysim,3,P_WEIGHT,raw,0.05,priority_summaries,max,-60.4,-166.8,-106.4,True
paysim,3,P_WEIGHT,raw,0.1,priority_summaries,max,-66.8,-12.8,54.0,True
paysim,1,P_BUNDLE,clipped,0.01,priority_summaries,count,100.0,100.0,0.0,False
paysim,1,P_BUNDLE,clipped,0.03,priority_summaries,count,100.0,100.0,0.0,False
paysim,1,P_BUNDLE,clipped,0.05,priority_summaries,count,100.0,100.0,0.0,False
paysim,1,P_BUNDLE,clipped,0.1,priority_summaries,count,100.0,100.0,0.0,False
paysim,1,P_BUNDLE,platt,0.01,priority_summaries,count,100.0,100.0,0.0,False
paysim,1,P_BUNDLE,platt,0.03,priority_summaries,count,100.0,100.0,0.0,False
paysim,1,P_BUNDLE,platt,0.05,priority_summaries,count,100.0,100.0,0.0,False
paysim,1,P_BUNDLE,platt,0.1,priority_summaries,count,100.0,100.0,0.0,False
paysim,1,P_BUNDLE,raw,0.01,priority_summaries,count,100.0,100.0,0.0,False
paysim,1,P_BUNDLE,raw,0.03,priority_summaries,count,100.0,100.0,0.0,False
paysim,1,P_BUNDLE,raw,0.05,priority_summaries,count,100.0,100.0,0.0,False
paysim,1,P_BUNDLE,raw,0.1,priority_summaries,count,100.0,100.0,0.0,False
paysim,1,P_H_BASE,clipped,0.01,priority_summaries,count,100.0,100.0,0.0,False
paysim,1,P_H_BASE,clipped,0.03,priority_summaries,count,100.0,100.0,0.0,False
paysim,1,P_H_BASE,clipped,0.05,priority_summaries,count,100.0,100.0,0.0,False
paysim,1,P_H_BASE,clipped,0.1,priority_summaries,count,100.0,100.0,0.0,False
paysim,1,P_H_BASE,platt,0.01,priority_summaries,count,100.0,100.0,0.0,False
paysim,1,P_H_BASE,platt,0.03,priority_summaries,count,100.0,100.0,0.0,False
paysim,1,P_H_BASE,platt,0.05,priority_summaries,count,100.0,100.0,0.0,False
paysim,1,P_H_BASE,platt,0.1,priority_summaries,count,100.0,100.0,0.0,False
paysim,1,P_H_BASE,raw,0.01,priority_summaries,count,100.0,100.0,0.0,False
paysim,1,P_H_BASE,raw,0.03,priority_summaries,count,100.0,100.0,0.0,False
paysim,1,P_H_BASE,raw,0.05,priority_summaries,count,100.0,100.0,0.0,False
paysim,1,P_H_BASE,raw,0.1,priority_summaries,count,100.0,100.0,0.0,False
paysim,1,P_H_TIME,clipped,0.01,priority_summaries,count,100.0,100.0,0.0,False
paysim,1,P_H_TIME,clipped,0.03,priority_summaries,count,100.0,100.0,0.0,False
paysim,1,P_H_TIME,clipped,0.05,priority_summaries,count,100.0,100.0,0.0,False
paysim,1,P_H_TIME,clipped,0.1,priority_summaries,count,100.0,100.0,0.0,False
paysim,1,P_H_TIME,platt,0.01,priority_summaries,count,100.0,100.0,0.0,False
paysim,1,P_H_TIME,platt,0.03,priority_summaries,count,100.0,100.0,0.0,False
paysim,1,P_H_TIME,platt,0.05,priority_summaries,count,100.0,100.0,0.0,False
paysim,1,P_H_TIME,platt,0.1,priority_summaries,count,100.0,100.0,0.0,False
paysim,1,P_H_TIME,raw,0.01,priority_summaries,count,100.0,100.0,0.0,False
paysim,1,P_H_TIME,raw,0.03,priority_summaries,count,100.0,100.0,0.0,False
paysim,1,P_H_TIME,raw,0.05,priority_summaries,count,100.0,100.0,0.0,False
paysim,1,P_H_TIME,raw,0.1,priority_summaries,count,100.0,100.0,0.0,False
paysim,1,P_PRIMARY,clipped,0.01,priority_summaries,count,100.0,100.0,0.0,False
paysim,1,P_PRIMARY,clipped,0.03,priority_summaries,count,100.0,100.0,0.0,False
paysim,1,P_PRIMARY,clipped,0.05,priority_summaries,count,100.0,100.0,0.0,False
paysim,1,P_PRIMARY,clipped,0.1,priority_summaries,count,100.0,100.0,0.0,False
paysim,1,P_PRIMARY,platt,0.01,priority_summaries,count,100.0,100.0,0.0,False
paysim,1,P_PRIMARY,platt,0.03,priority_summaries,count,100.0,100.0,0.0,False
paysim,1,P_PRIMARY,platt,0.05,priority_summaries,count,100.0,100.0,0.0,False
paysim,1,P_PRIMARY,platt,0.1,priority_summaries,count,100.0,100.0,0.0,False
paysim,1,P_PRIMARY,raw,0.01,priority_summaries,count,100.0,100.0,0.0,False
paysim,1,P_PRIMARY,raw,0.03,priority_summaries,count,100.0,100.0,0.0,False
paysim,1,P_PRIMARY,raw,0.05,priority_summaries,count,100.0,100.0,0.0,False
paysim,1,P_PRIMARY,raw,0.1,priority_summaries,count,100.0,100.0,0.0,False
paysim,1,P_WEIGHT,clipped,0.01,priority_summaries,count,100.0,100.0,0.0,False
paysim,1,P_WEIGHT,clipped,0.03,priority_summaries,count,100.0,100.0,0.0,False
paysim,1,P_WEIGHT,clipped,0.05,priority_summaries,count,100.0,100.0,0.0,False
paysim,1,P_WEIGHT,clipped,0.1,priority_summaries,count,100.0,100.0,0.0,False
paysim,1,P_WEIGHT,platt,0.01,priority_summaries,count,100.0,100.0,0.0,False
paysim,1,P_WEIGHT,platt,0.03,priority_summaries,count,100.0,100.0,0.0,False
paysim,1,P_WEIGHT,platt,0.05,priority_summaries,count,100.0,100.0,0.0,False
paysim,1,P_WEIGHT,platt,0.1,priority_summaries,count,100.0,100.0,0.0,False
paysim,1,P_WEIGHT,raw,0.01,priority_summaries,count,100.0,100.0,0.0,False
paysim,1,P_WEIGHT,raw,0.03,priority_summaries,count,100.0,100.0,0.0,False
paysim,1,P_WEIGHT,raw,0.05,priority_summaries,count,100.0,100.0,0.0,False
paysim,1,P_WEIGHT,raw,0.1,priority_summaries,count,100.0,100.0,0.0,False
paysim,2,P_BUNDLE,clipped,0.01,priority_summaries,count,100.0,100.0,0.0,False
paysim,2,P_BUNDLE,clipped,0.03,priority_summaries,count,100.0,100.0,0.0,False
paysim,2,P_BUNDLE,clipped,0.05,priority_summaries,count,100.0,100.0,0.0,False
paysim,2,P_BUNDLE,clipped,0.1,priority_summaries,count,100.0,100.0,0.0,False
paysim,2,P_BUNDLE,platt,0.01,priority_summaries,count,100.0,100.0,0.0,False
paysim,2,P_BUNDLE,platt,0.03,priority_summaries,count,100.0,100.0,0.0,False
paysim,2,P_BUNDLE,platt,0.05,priority_summaries,count,100.0,100.0,0.0,False
paysim,2,P_BUNDLE,platt,0.1,priority_summaries,count,100.0,100.0,0.0,False
paysim,2,P_BUNDLE,raw,0.01,priority_summaries,count,100.0,100.0,0.0,False
paysim,2,P_BUNDLE,raw,0.03,priority_summaries,count,100.0,100.0,0.0,False
paysim,2,P_BUNDLE,raw,0.05,priority_summaries,count,100.0,100.0,0.0,False
paysim,2,P_BUNDLE,raw,0.1,priority_summaries,count,100.0,100.0,0.0,False
paysim,2,P_H_BASE,clipped,0.01,priority_summaries,count,100.0,100.0,0.0,False
paysim,2,P_H_BASE,clipped,0.03,priority_summaries,count,100.0,100.0,0.0,False
paysim,2,P_H_BASE,clipped,0.05,priority_summaries,count,100.0,100.0,0.0,False
paysim,2,P_H_BASE,clipped,0.1,priority_summaries,count,100.0,100.0,0.0,False
paysim,2,P_H_BASE,platt,0.01,priority_summaries,count,100.0,100.0,0.0,False
paysim,2,P_H_BASE,platt,0.03,priority_summaries,count,100.0,100.0,0.0,False
paysim,2,P_H_BASE,platt,0.05,priority_summaries,count,100.0,100.0,0.0,False
paysim,2,P_H_BASE,platt,0.1,priority_summaries,count,100.0,100.0,0.0,False
paysim,2,P_H_BASE,raw,0.01,priority_summaries,count,100.0,100.0,0.0,False
paysim,2,P_H_BASE,raw,0.03,priority_summaries,count,100.0,100.0,0.0,False
paysim,2,P_H_BASE,raw,0.05,priority_summaries,count,100.0,100.0,0.0,False
paysim,2,P_H_BASE,raw,0.1,priority_summaries,count,100.0,100.0,0.0,False
paysim,2,P_H_TIME,clipped,0.01,priority_summaries,count,100.0,100.0,0.0,False
paysim,2,P_H_TIME,clipped,0.03,priority_summaries,count,100.0,100.0,0.0,False
paysim,2,P_H_TIME,clipped,0.05,priority_summaries,count,100.0,100.0,0.0,False
paysim,2,P_H_TIME,clipped,0.1,priority_summaries,count,100.0,100.0,0.0,False
paysim,2,P_H_TIME,platt,0.01,priority_summaries,count,100.0,100.0,0.0,False
paysim,2,P_H_TIME,platt,0.03,priority_summaries,count,100.0,100.0,0.0,False
paysim,2,P_H_TIME,platt,0.05,priority_summaries,count,100.0,100.0,0.0,False
paysim,2,P_H_TIME,platt,0.1,priority_summaries,count,100.0,100.0,0.0,False
paysim,2,P_H_TIME,raw,0.01,priority_summaries,count,100.0,100.0,0.0,False
paysim,2,P_H_TIME,raw,0.03,priority_summaries,count,100.0,100.0,0.0,False
paysim,2,P_H_TIME,raw,0.05,priority_summaries,count,100.0,100.0,0.0,False
paysim,2,P_H_TIME,raw,0.1,priority_summaries,count,100.0,100.0,0.0,False
paysim,2,P_PRIMARY,clipped,0.01,priority_summaries,count,100.0,100.0,0.0,False
paysim,2,P_PRIMARY,clipped,0.03,priority_summaries,count,100.0,100.0,0.0,False
paysim,2,P_PRIMARY,clipped,0.05,priority_summaries,count,100.0,100.0,0.0,False
paysim,2,P_PRIMARY,clipped,0.1,priority_summaries,count,100.0,100.0,0.0,False
paysim,2,P_PRIMARY,platt,0.01,priority_summaries,count,100.0,100.0,0.0,False
paysim,2,P_PRIMARY,platt,0.03,priority_summaries,count,100.0,100.0,0.0,False
paysim,2,P_PRIMARY,platt,0.05,priority_summaries,count,100.0,100.0,0.0,False
paysim,2,P_PRIMARY,platt,0.1,priority_summaries,count,100.0,100.0,0.0,False
paysim,2,P_PRIMARY,raw,0.01,priority_summaries,count,100.0,100.0,0.0,False
paysim,2,P_PRIMARY,raw,0.03,priority_summaries,count,100.0,100.0,0.0,False
paysim,2,P_PRIMARY,raw,0.05,priority_summaries,count,100.0,100.0,0.0,False
paysim,2,P_PRIMARY,raw,0.1,priority_summaries,count,100.0,100.0,0.0,False
paysim,2,P_WEIGHT,clipped,0.01,priority_summaries,count,100.0,100.0,0.0,False
paysim,2,P_WEIGHT,clipped,0.03,priority_summaries,count,100.0,100.0,0.0,False
paysim,2,P_WEIGHT,clipped,0.05,priority_summaries,count,100.0,100.0,0.0,False
paysim,2,P_WEIGHT,clipped,0.1,priority_summaries,count,100.0,100.0,0.0,False
paysim,2,P_WEIGHT,platt,0.01,priority_summaries,count,100.0,100.0,0.0,False
paysim,2,P_WEIGHT,platt,0.03,priority_summaries,count,100.0,100.0,0.0,False
paysim,2,P_WEIGHT,platt,0.05,priority_summaries,count,100.0,100.0,0.0,False
paysim,2,P_WEIGHT,platt,0.1,priority_summaries,count,100.0,100.0,0.0,False
paysim,2,P_WEIGHT,raw,0.01,priority_summaries,count,100.0,100.0,0.0,False
paysim,2,P_WEIGHT,raw,0.03,priority_summaries,count,100.0,100.0,0.0,False
paysim,2,P_WEIGHT,raw,0.05,priority_summaries,count,100.0,100.0,0.0,False
paysim,2,P_WEIGHT,raw,0.1,priority_summaries,count,100.0,100.0,0.0,False
paysim,3,P_BUNDLE,clipped,0.01,priority_summaries,count,100.0,100.0,0.0,False
paysim,3,P_BUNDLE,clipped,0.03,priority_summaries,count,100.0,100.0,0.0,False
paysim,3,P_BUNDLE,clipped,0.05,priority_summaries,count,100.0,100.0,0.0,False
paysim,3,P_BUNDLE,clipped,0.1,priority_summaries,count,100.0,100.0,0.0,False
paysim,3,P_BUNDLE,platt,0.01,priority_summaries,count,100.0,100.0,0.0,False
paysim,3,P_BUNDLE,platt,0.03,priority_summaries,count,100.0,100.0,0.0,False
paysim,3,P_BUNDLE,platt,0.05,priority_summaries,count,100.0,100.0,0.0,False
paysim,3,P_BUNDLE,platt,0.1,priority_summaries,count,100.0,100.0,0.0,False
paysim,3,P_BUNDLE,raw,0.01,priority_summaries,count,100.0,100.0,0.0,False
paysim,3,P_BUNDLE,raw,0.03,priority_summaries,count,100.0,100.0,0.0,False
paysim,3,P_BUNDLE,raw,0.05,priority_summaries,count,100.0,100.0,0.0,False
paysim,3,P_BUNDLE,raw,0.1,priority_summaries,count,100.0,100.0,0.0,False
paysim,3,P_H_BASE,clipped,0.01,priority_summaries,count,100.0,100.0,0.0,False
paysim,3,P_H_BASE,clipped,0.03,priority_summaries,count,100.0,100.0,0.0,False
paysim,3,P_H_BASE,clipped,0.05,priority_summaries,count,100.0,100.0,0.0,False
paysim,3,P_H_BASE,clipped,0.1,priority_summaries,count,100.0,100.0,0.0,False
paysim,3,P_H_BASE,platt,0.01,priority_summaries,count,100.0,100.0,0.0,False
paysim,3,P_H_BASE,platt,0.03,priority_summaries,count,100.0,100.0,0.0,False
paysim,3,P_H_BASE,platt,0.05,priority_summaries,count,100.0,100.0,0.0,False
paysim,3,P_H_BASE,platt,0.1,priority_summaries,count,100.0,100.0,0.0,False
paysim,3,P_H_BASE,raw,0.01,priority_summaries,count,100.0,100.0,0.0,False
paysim,3,P_H_BASE,raw,0.03,priority_summaries,count,100.0,100.0,0.0,False
paysim,3,P_H_BASE,raw,0.05,priority_summaries,count,100.0,100.0,0.0,False
paysim,3,P_H_BASE,raw,0.1,priority_summaries,count,100.0,100.0,0.0,False
paysim,3,P_H_TIME,clipped,0.01,priority_summaries,count,100.0,100.0,0.0,False
paysim,3,P_H_TIME,clipped,0.03,priority_summaries,count,100.0,100.0,0.0,False
paysim,3,P_H_TIME,clipped,0.05,priority_summaries,count,100.0,100.0,0.0,False
paysim,3,P_H_TIME,clipped,0.1,priority_summaries,count,100.0,100.0,0.0,False
paysim,3,P_H_TIME,platt,0.01,priority_summaries,count,100.0,100.0,0.0,False
paysim,3,P_H_TIME,platt,0.03,priority_summaries,count,100.0,100.0,0.0,False
paysim,3,P_H_TIME,platt,0.05,priority_summaries,count,100.0,100.0,0.0,False
paysim,3,P_H_TIME,platt,0.1,priority_summaries,count,100.0,100.0,0.0,False
paysim,3,P_H_TIME,raw,0.01,priority_summaries,count,100.0,100.0,0.0,False
paysim,3,P_H_TIME,raw,0.03,priority_summaries,count,100.0,100.0,0.0,False
paysim,3,P_H_TIME,raw,0.05,priority_summaries,count,100.0,100.0,0.0,False
paysim,3,P_H_TIME,raw,0.1,priority_summaries,count,100.0,100.0,0.0,False
paysim,3,P_PRIMARY,clipped,0.01,priority_summaries,count,100.0,100.0,0.0,False
paysim,3,P_PRIMARY,clipped,0.03,priority_summaries,count,100.0,100.0,0.0,False
paysim,3,P_PRIMARY,clipped,0.05,priority_summaries,count,100.0,100.0,0.0,False
paysim,3,P_PRIMARY,clipped,0.1,priority_summaries,count,100.0,100.0,0.0,False
paysim,3,P_PRIMARY,platt,0.01,priority_summaries,count,100.0,100.0,0.0,False
paysim,3,P_PRIMARY,platt,0.03,priority_summaries,count,100.0,100.0,0.0,False
paysim,3,P_PRIMARY,platt,0.05,priority_summaries,count,100.0,100.0,0.0,False
paysim,3,P_PRIMARY,platt,0.1,priority_summaries,count,100.0,100.0,0.0,False
paysim,3,P_PRIMARY,raw,0.01,priority_summaries,count,100.0,100.0,0.0,False
paysim,3,P_PRIMARY,raw,0.03,priority_summaries,count,100.0,100.0,0.0,False
paysim,3,P_PRIMARY,raw,0.05,priority_summaries,count,100.0,100.0,0.0,False
paysim,3,P_PRIMARY,raw,0.1,priority_summaries,count,100.0,100.0,0.0,False
paysim,3,P_WEIGHT,clipped,0.01,priority_summaries,count,100.0,100.0,0.0,False
paysim,3,P_WEIGHT,clipped,0.03,priority_summaries,count,100.0,100.0,0.0,False
paysim,3,P_WEIGHT,clipped,0.05,priority_summaries,count,100.0,100.0,0.0,False
paysim,3,P_WEIGHT,clipped,0.1,priority_summaries,count,100.0,100.0,0.0,False
paysim,3,P_WEIGHT,platt,0.01,priority_summaries,count,100.0,100.0,0.0,False
paysim,3,P_WEIGHT,platt,0.03,priority_summaries,count,100.0,100.0,0.0,False
paysim,3,P_WEIGHT,platt,0.05,priority_summaries,count,100.0,100.0,0.0,False
paysim,3,P_WEIGHT,platt,0.1,priority_summaries,count,100.0,100.0,0.0,False
paysim,3,P_WEIGHT,raw,0.01,priority_summaries,count,100.0,100.0,0.0,False
paysim,3,P_WEIGHT,raw,0.03,priority_summaries,count,100.0,100.0,0.0,False
paysim,3,P_WEIGHT,raw,0.05,priority_summaries,count,100.0,100.0,0.0,False
paysim,3,P_WEIGHT,raw,0.1,priority_summaries,count,100.0,100.0,0.0,False
