metric,analysis,field,v1,v2,v2_minus_v1,changed_exact
cost_reduction,secondary_overall_intervals,observed_effect,54452.0,56825.06666666666,2373.0666666666584,True
cost_reduction_per_100k,secondary_overall_intervals,observed_effect,8565.91032041372,8939.347820712475,373.4375002987563,True
delta_cost_saving_rate,secondary_overall_intervals,observed_effect,0.3346164840292531,0.37157395967148793,0.03695747564223484,True
delta_pr_auc,secondary_overall_intervals,observed_effect,-0.01616152588161156,0.009052667676844067,0.02521419355845563,True
delta_recall,secondary_overall_intervals,observed_effect,0.46293797222186656,0.5146939128485932,0.05175594062672667,True
cost_reduction,secondary_overall_intervals,bootstrap_mean,54673.353866666665,57059.24204,2385.888173333333,True
cost_reduction_per_100k,secondary_overall_intervals,bootstrap_mean,10920.390000541425,11370.276983992084,449.8869834506586,True
delta_cost_saving_rate,secondary_overall_intervals,bootstrap_mean,0.3409915321521948,0.3784382103123425,0.037446678160147684,True
delta_pr_auc,secondary_overall_intervals,bootstrap_mean,-0.008161663121993288,0.018140998867989915,0.026302661989983205,True
delta_recall,secondary_overall_intervals,bootstrap_mean,0.46653869714941865,0.5193037360432504,0.05276503889383177,True
cost_reduction,secondary_overall_intervals,bootstrap_se,3335.0905049276375,3136.656052849962,-198.43445207767536,True
cost_reduction_per_100k,secondary_overall_intervals,bootstrap_se,3071.7674879237225,3167.0000318260672,95.23254390234479,True
delta_cost_saving_rate,secondary_overall_intervals,bootstrap_se,0.04073279084725076,0.040601821710897365,-0.00013096913635339547,True
delta_pr_auc,secondary_overall_intervals,bootstrap_se,0.03244021168157965,0.03286283215406007,0.0004226204724804214,True
delta_recall,secondary_overall_intervals,bootstrap_se,0.02536771633961152,0.023101626716158785,-0.0022660896234527363,True
cost_reduction,secondary_overall_intervals,ci_lower_95,48339.22666666667,51105.293333333335,2766.0666666666657,True
cost_reduction_per_100k,secondary_overall_intervals,ci_lower_95,6264.788131884233,6553.8604008640605,289.07226897982764,True
delta_cost_saving_rate,secondary_overall_intervals,ci_lower_95,0.2661868061061004,0.3024030243872931,0.0362162182811927,True
delta_pr_auc,secondary_overall_intervals,ci_lower_95,-0.06347790128171789,-0.03831193835109006,0.025165962930627832,True
delta_recall,secondary_overall_intervals,ci_lower_95,0.4215454032273646,0.47772370884510656,0.05617830561774195,True
cost_reduction,secondary_overall_intervals,ci_upper_95,61246.89166666668,63358.70833333333,2111.816666666651,True
cost_reduction_per_100k,secondary_overall_intervals,ci_upper_95,17798.75683876079,18316.594775488178,517.8379367273883,True
delta_cost_saving_rate,secondary_overall_intervals,ci_upper_95,0.42481118820905894,0.4617682114686937,0.036957023259634736,True
delta_pr_auc,secondary_overall_intervals,ci_upper_95,0.061261917630947,0.08908114472305362,0.027819227092106616,True
delta_recall,secondary_overall_intervals,ci_upper_95,0.5199720217092708,0.5676104882025886,0.04763846649331782,True
cost_reduction,secondary_overall_intervals,total_replicates,5000.0,5000.0,0.0,False
cost_reduction_per_100k,secondary_overall_intervals,total_replicates,5000.0,5000.0,0.0,False
delta_cost_saving_rate,secondary_overall_intervals,total_replicates,5000.0,5000.0,0.0,False
delta_pr_auc,secondary_overall_intervals,total_replicates,5000.0,5000.0,0.0,False
delta_recall,secondary_overall_intervals,total_replicates,5000.0,5000.0,0.0,False
cost_reduction,secondary_overall_intervals,valid_replicates,5000.0,5000.0,0.0,False
cost_reduction_per_100k,secondary_overall_intervals,valid_replicates,5000.0,5000.0,0.0,False
delta_cost_saving_rate,secondary_overall_intervals,valid_replicates,5000.0,5000.0,0.0,False
delta_pr_auc,secondary_overall_intervals,valid_replicates,5000.0,5000.0,0.0,False
delta_recall,secondary_overall_intervals,valid_replicates,5000.0,5000.0,0.0,False
cost_reduction,secondary_overall_intervals,invalid_replicates,0.0,0.0,0.0,False
cost_reduction_per_100k,secondary_overall_intervals,invalid_replicates,0.0,0.0,0.0,False
delta_cost_saving_rate,secondary_overall_intervals,invalid_replicates,0.0,0.0,0.0,False
delta_pr_auc,secondary_overall_intervals,invalid_replicates,0.0,0.0,0.0,False
delta_recall,secondary_overall_intervals,invalid_replicates,0.0,0.0,0.0,False
cost_reduction,secondary_overall_intervals,invalid_rate,0.0,0.0,0.0,False
cost_reduction_per_100k,secondary_overall_intervals,invalid_rate,0.0,0.0,0.0,False
delta_cost_saving_rate,secondary_overall_intervals,invalid_rate,0.0,0.0,0.0,False
delta_pr_auc,secondary_overall_intervals,invalid_rate,0.0,0.0,0.0,False
delta_recall,secondary_overall_intervals,invalid_rate,0.0,0.0,0.0,False
