dataset,fold,contrast,score_stage,q,positive,negative,zero,minimum,maximum,mean,interpretation
ieee_cis,1,I_ENTITY,raw_probability,0.01,1.0,0.0,0.0,1.2,1.2,1.2,Empirical fractions of 100 shared label-free priorities; not probabilities over future data or confidence intervals
ieee_cis,1,I_ENTITY,raw_probability,0.03,0.0,1.0,0.0,-2.6,-2.6,-2.6,Empirical fractions of 100 shared label-free priorities; not probabilities over future data or confidence intervals
ieee_cis,1,I_ENTITY,raw_probability,0.05,0.0,1.0,0.0,-4.2,-4.2,-4.2,Empirical fractions of 100 shared label-free priorities; not probabilities over future data or confidence intervals
ieee_cis,1,I_ENTITY,raw_probability,0.1,0.0,1.0,0.0,-16.8,-16.8,-16.8,Empirical fractions of 100 shared label-free priorities; not probabilities over future data or confidence intervals
ieee_cis,1,I_HISTORY,raw_probability,0.01,0.0,1.0,0.0,-3.6,-3.6,-3.6,Empirical fractions of 100 shared label-free priorities; not probabilities over future data or confidence intervals
ieee_cis,1,I_HISTORY,raw_probability,0.03,1.0,0.0,0.0,3.4,3.4,3.4,Empirical fractions of 100 shared label-free priorities; not probabilities over future data or confidence intervals
ieee_cis,1,I_HISTORY,raw_probability,0.05,1.0,0.0,0.0,24.6,24.6,24.6,Empirical fractions of 100 shared label-free priorities; not probabilities over future data or confidence intervals
ieee_cis,1,I_HISTORY,raw_probability,0.1,1.0,0.0,0.0,14.8,14.8,14.8,Empirical fractions of 100 shared label-free priorities; not probabilities over future data or confidence intervals
ieee_cis,1,I_PRIMARY,raw_probability,0.01,0.0,1.0,0.0,-1.6,-1.6,-1.6,Empirical fractions of 100 shared label-free priorities; not probabilities over future data or confidence intervals
ieee_cis,1,I_PRIMARY,raw_probability,0.03,0.0,1.0,0.0,-19.8,-19.8,-19.8,Empirical fractions of 100 shared label-free priorities; not probabilities over future data or confidence intervals
ieee_cis,1,I_PRIMARY,raw_probability,0.05,1.0,0.0,0.0,2.4,2.4,2.4,Empirical fractions of 100 shared label-free priorities; not probabilities over future data or confidence intervals
ieee_cis,1,I_PRIMARY,raw_probability,0.1,1.0,0.0,0.0,15.6,15.6,15.6,Empirical fractions of 100 shared label-free priorities; not probabilities over future data or confidence intervals
ieee_cis,1,I_WEIGHT,raw_probability,0.01,1.0,0.0,0.0,2.0,2.0,2.0,Empirical fractions of 100 shared label-free priorities; not probabilities over future data or confidence intervals
ieee_cis,1,I_WEIGHT,raw_probability,0.03,0.0,1.0,0.0,-23.2,-23.2,-23.2,Empirical fractions of 100 shared label-free priorities; not probabilities over future data or confidence intervals
ieee_cis,1,I_WEIGHT,raw_probability,0.05,0.0,1.0,0.0,-22.2,-22.2,-22.2,Empirical fractions of 100 shared label-free priorities; not probabilities over future data or confidence intervals
ieee_cis,1,I_WEIGHT,raw_probability,0.1,1.0,0.0,0.0,0.8,0.8,0.8,Empirical fractions of 100 shared label-free priorities; not probabilities over future data or confidence intervals
ieee_cis,2,I_ENTITY,raw_probability,0.01,0.0,1.0,0.0,-1.8,-1.8,-1.8,Empirical fractions of 100 shared label-free priorities; not probabilities over future data or confidence intervals
ieee_cis,2,I_ENTITY,raw_probability,0.03,0.0,1.0,0.0,-6.6,-6.6,-6.6,Empirical fractions of 100 shared label-free priorities; not probabilities over future data or confidence intervals
ieee_cis,2,I_ENTITY,raw_probability,0.05,0.0,1.0,0.0,-4.2,-4.2,-4.2,Empirical fractions of 100 shared label-free priorities; not probabilities over future data or confidence intervals
ieee_cis,2,I_ENTITY,raw_probability,0.1,0.0,1.0,0.0,-0.4,-0.4,-0.4,Empirical fractions of 100 shared label-free priorities; not probabilities over future data or confidence intervals
ieee_cis,2,I_HISTORY,raw_probability,0.01,1.0,0.0,0.0,0.4,0.4,0.4,Empirical fractions of 100 shared label-free priorities; not probabilities over future data or confidence intervals
ieee_cis,2,I_HISTORY,raw_probability,0.03,0.0,1.0,0.0,-3.4,-3.4,-3.4,Empirical fractions of 100 shared label-free priorities; not probabilities over future data or confidence intervals
ieee_cis,2,I_HISTORY,raw_probability,0.05,0.0,1.0,0.0,-1.2,-1.2,-1.2,Empirical fractions of 100 shared label-free priorities; not probabilities over future data or confidence intervals
ieee_cis,2,I_HISTORY,raw_probability,0.1,0.0,1.0,0.0,-13.4,-13.4,-13.4,Empirical fractions of 100 shared label-free priorities; not probabilities over future data or confidence intervals
ieee_cis,2,I_PRIMARY,raw_probability,0.01,1.0,0.0,0.0,4.8,4.8,4.8,Empirical fractions of 100 shared label-free priorities; not probabilities over future data or confidence intervals
ieee_cis,2,I_PRIMARY,raw_probability,0.03,1.0,0.0,0.0,1.6,1.6,1.6,Empirical fractions of 100 shared label-free priorities; not probabilities over future data or confidence intervals
ieee_cis,2,I_PRIMARY,raw_probability,0.05,1.0,0.0,0.0,1.0,1.0,1.0,Empirical fractions of 100 shared label-free priorities; not probabilities over future data or confidence intervals
ieee_cis,2,I_PRIMARY,raw_probability,0.1,0.0,1.0,0.0,-14.8,-14.8,-14.8,Empirical fractions of 100 shared label-free priorities; not probabilities over future data or confidence intervals
ieee_cis,2,I_WEIGHT,raw_probability,0.01,1.0,0.0,0.0,4.4,4.4,4.4,Empirical fractions of 100 shared label-free priorities; not probabilities over future data or confidence intervals
ieee_cis,2,I_WEIGHT,raw_probability,0.03,1.0,0.0,0.0,5.0,5.0,5.0,Empirical fractions of 100 shared label-free priorities; not probabilities over future data or confidence intervals
ieee_cis,2,I_WEIGHT,raw_probability,0.05,1.0,0.0,0.0,2.2,2.2,2.2,Empirical fractions of 100 shared label-free priorities; not probabilities over future data or confidence intervals
ieee_cis,2,I_WEIGHT,raw_probability,0.1,0.0,1.0,0.0,-1.4,-1.4,-1.4,Empirical fractions of 100 shared label-free priorities; not probabilities over future data or confidence intervals
ieee_cis,3,I_ENTITY,raw_probability,0.01,0.0,1.0,0.0,-2.8,-2.8,-2.8,Empirical fractions of 100 shared label-free priorities; not probabilities over future data or confidence intervals
ieee_cis,3,I_ENTITY,raw_probability,0.03,0.0,1.0,0.0,-2.6,-2.6,-2.6,Empirical fractions of 100 shared label-free priorities; not probabilities over future data or confidence intervals
ieee_cis,3,I_ENTITY,raw_probability,0.05,1.0,0.0,0.0,3.4,3.4,3.4,Empirical fractions of 100 shared label-free priorities; not probabilities over future data or confidence intervals
ieee_cis,3,I_ENTITY,raw_probability,0.1,1.0,0.0,0.0,6.0,6.0,6.0,Empirical fractions of 100 shared label-free priorities; not probabilities over future data or confidence intervals
ieee_cis,3,I_HISTORY,raw_probability,0.01,1.0,0.0,0.0,0.8,0.8,0.8,Empirical fractions of 100 shared label-free priorities; not probabilities over future data or confidence intervals
ieee_cis,3,I_HISTORY,raw_probability,0.03,0.0,1.0,0.0,-81.6,-81.6,-81.6,Empirical fractions of 100 shared label-free priorities; not probabilities over future data or confidence intervals
ieee_cis,3,I_HISTORY,raw_probability,0.05,0.0,1.0,0.0,-16.4,-16.4,-16.4,Empirical fractions of 100 shared label-free priorities; not probabilities over future data or confidence intervals
ieee_cis,3,I_HISTORY,raw_probability,0.1,1.0,0.0,0.0,5.2,5.2,5.2,Empirical fractions of 100 shared label-free priorities; not probabilities over future data or confidence intervals
ieee_cis,3,I_PRIMARY,raw_probability,0.01,1.0,0.0,0.0,1.0,1.0,1.0,Empirical fractions of 100 shared label-free priorities; not probabilities over future data or confidence intervals
ieee_cis,3,I_PRIMARY,raw_probability,0.03,1.0,0.0,0.0,18.6,18.6,18.6,Empirical fractions of 100 shared label-free priorities; not probabilities over future data or confidence intervals
ieee_cis,3,I_PRIMARY,raw_probability,0.05,1.0,0.0,0.0,122.4,122.4,122.4,Empirical fractions of 100 shared label-free priorities; not probabilities over future data or confidence intervals
ieee_cis,3,I_PRIMARY,raw_probability,0.1,1.0,0.0,0.0,30.6,30.6,30.6,Empirical fractions of 100 shared label-free priorities; not probabilities over future data or confidence intervals
ieee_cis,3,I_WEIGHT,raw_probability,0.01,1.0,0.0,0.0,0.2,0.2,0.2,Empirical fractions of 100 shared label-free priorities; not probabilities over future data or confidence intervals
ieee_cis,3,I_WEIGHT,raw_probability,0.03,1.0,0.0,0.0,100.2,100.2,100.2,Empirical fractions of 100 shared label-free priorities; not probabilities over future data or confidence intervals
ieee_cis,3,I_WEIGHT,raw_probability,0.05,1.0,0.0,0.0,138.8,138.8,138.8,Empirical fractions of 100 shared label-free priorities; not probabilities over future data or confidence intervals
ieee_cis,3,I_WEIGHT,raw_probability,0.1,1.0,0.0,0.0,25.4,25.4,25.4,Empirical fractions of 100 shared label-free priorities; not probabilities over future data or confidence intervals
paysim,1,P_BUNDLE,clipped,0.01,1.0,0.0,0.0,207.6,211.0,209.58200000000002,Empirical fractions of 100 shared label-free priorities; not probabilities over future data or confidence intervals
paysim,1,P_BUNDLE,clipped,0.03,1.0,0.0,0.0,190.4,193.6,191.74,Empirical fractions of 100 shared label-free priorities; not probabilities over future data or confidence intervals
paysim,1,P_BUNDLE,clipped,0.05,1.0,0.0,0.0,148.2,152.2,150.488,Empirical fractions of 100 shared label-free priorities; not probabilities over future data or confidence intervals
paysim,1,P_BUNDLE,clipped,0.1,1.0,0.0,0.0,38.4,42.6,40.756,Empirical fractions of 100 shared label-free priorities; not probabilities over future data or confidence intervals
paysim,1,P_BUNDLE,platt,0.01,1.0,0.0,0.0,207.6,211.0,209.58200000000002,Empirical fractions of 100 shared label-free priorities; not probabilities over future data or confidence intervals
paysim,1,P_BUNDLE,platt,0.03,1.0,0.0,0.0,190.4,193.6,191.74,Empirical fractions of 100 shared label-free priorities; not probabilities over future data or confidence intervals
paysim,1,P_BUNDLE,platt,0.05,1.0,0.0,0.0,148.2,152.2,150.488,Empirical fractions of 100 shared label-free priorities; not probabilities over future data or confidence intervals
paysim,1,P_BUNDLE,platt,0.1,1.0,0.0,0.0,38.4,42.6,40.756,Empirical fractions of 100 shared label-free priorities; not probabilities over future data or confidence intervals
paysim,1,P_BUNDLE,raw,0.01,1.0,0.0,0.0,207.6,211.0,209.58200000000002,Empirical fractions of 100 shared label-free priorities; not probabilities over future data or confidence intervals
paysim,1,P_BUNDLE,raw,0.03,1.0,0.0,0.0,190.4,193.6,191.74,Empirical fractions of 100 shared label-free priorities; not probabilities over future data or confidence intervals
paysim,1,P_BUNDLE,raw,0.05,1.0,0.0,0.0,148.2,152.2,150.488,Empirical fractions of 100 shared label-free priorities; not probabilities over future data or confidence intervals
paysim,1,P_BUNDLE,raw,0.1,1.0,0.0,0.0,38.4,42.6,40.756,Empirical fractions of 100 shared label-free priorities; not probabilities over future data or confidence intervals
paysim,1,P_H_BASE,clipped,0.01,1.0,0.0,0.0,162.0,168.0,165.172,Empirical fractions of 100 shared label-free priorities; not probabilities over future data or confidence intervals
paysim,1,P_H_BASE,clipped,0.03,1.0,0.0,0.0,147.2,152.8,149.65,Empirical fractions of 100 shared label-free priorities; not probabilities over future data or confidence intervals
paysim,1,P_H_BASE,clipped,0.05,1.0,0.0,0.0,111.4,116.8,114.252,Empirical fractions of 100 shared label-free priorities; not probabilities over future data or confidence intervals
paysim,1,P_H_BASE,clipped,0.1,1.0,0.0,0.0,9.6,13.4,11.370000000000001,Empirical fractions of 100 shared label-free priorities; not probabilities over future data or confidence intervals
paysim,1,P_H_BASE,platt,0.01,1.0,0.0,0.0,162.0,168.0,165.172,Empirical fractions of 100 shared label-free priorities; not probabilities over future data or confidence intervals
paysim,1,P_H_BASE,platt,0.03,1.0,0.0,0.0,147.2,152.8,149.65,Empirical fractions of 100 shared label-free priorities; not probabilities over future data or confidence intervals
paysim,1,P_H_BASE,platt,0.05,1.0,0.0,0.0,111.4,116.8,114.252,Empirical fractions of 100 shared label-free priorities; not probabilities over future data or confidence intervals
paysim,1,P_H_BASE,platt,0.1,1.0,0.0,0.0,9.6,13.4,11.370000000000001,Empirical fractions of 100 shared label-free priorities; not probabilities over future data or confidence intervals
paysim,1,P_H_BASE,raw,0.01,1.0,0.0,0.0,162.0,168.0,165.172,Empirical fractions of 100 shared label-free priorities; not probabilities over future data or confidence intervals
paysim,1,P_H_BASE,raw,0.03,1.0,0.0,0.0,147.2,152.8,149.65,Empirical fractions of 100 shared label-free priorities; not probabilities over future data or confidence intervals
paysim,1,P_H_BASE,raw,0.05,1.0,0.0,0.0,111.4,116.8,114.252,Empirical fractions of 100 shared label-free priorities; not probabilities over future data or confidence intervals
paysim,1,P_H_BASE,raw,0.1,1.0,0.0,0.0,9.6,13.4,11.370000000000001,Empirical fractions of 100 shared label-free priorities; not probabilities over future data or confidence intervals
paysim,1,P_H_TIME,clipped,0.01,1.0,0.0,0.0,80.0,83.4,81.842,Empirical fractions of 100 shared label-free priorities; not probabilities over future data or confidence intervals
paysim,1,P_H_TIME,clipped,0.03,1.0,0.0,0.0,67.6,69.8,68.482,Empirical fractions of 100 shared label-free priorities; not probabilities over future data or confidence intervals
paysim,1,P_H_TIME,clipped,0.05,1.0,0.0,0.0,30.6,34.4,32.662,Empirical fractions of 100 shared label-free priorities; not probabilities over future data or confidence intervals
paysim,1,P_H_TIME,clipped,0.1,0.25,0.71,0.04,-2.2,0.8,-0.516,Empirical fractions of 100 shared label-free priorities; not probabilities over future data or confidence intervals
paysim,1,P_H_TIME,platt,0.01,1.0,0.0,0.0,80.0,83.4,81.842,Empirical fractions of 100 shared label-free priorities; not probabilities over future data or confidence intervals
paysim,1,P_H_TIME,platt,0.03,1.0,0.0,0.0,67.6,69.8,68.482,Empirical fractions of 100 shared label-free priorities; not probabilities over future data or confidence intervals
paysim,1,P_H_TIME,platt,0.05,1.0,0.0,0.0,30.6,34.4,32.662,Empirical fractions of 100 shared label-free priorities; not probabilities over future data or confidence intervals
paysim,1,P_H_TIME,platt,0.1,0.25,0.71,0.04,-2.2,0.8,-0.516,Empirical fractions of 100 shared label-free priorities; not probabilities over future data or confidence intervals
paysim,1,P_H_TIME,raw,0.01,1.0,0.0,0.0,80.0,83.4,81.842,Empirical fractions of 100 shared label-free priorities; not probabilities over future data or confidence intervals
paysim,1,P_H_TIME,raw,0.03,1.0,0.0,0.0,67.6,69.8,68.482,Empirical fractions of 100 shared label-free priorities; not probabilities over future data or confidence intervals
paysim,1,P_H_TIME,raw,0.05,1.0,0.0,0.0,30.6,34.4,32.662,Empirical fractions of 100 shared label-free priorities; not probabilities over future data or confidence intervals
paysim,1,P_H_TIME,raw,0.1,0.25,0.71,0.04,-2.2,0.8,-0.516,Empirical fractions of 100 shared label-free priorities; not probabilities over future data or confidence intervals
paysim,1,P_PRIMARY,clipped,0.01,1.0,0.0,0.0,202.2,204.0,203.126,Empirical fractions of 100 shared label-free priorities; not probabilities over future data or confidence intervals
paysim,1,P_PRIMARY,clipped,0.03,1.0,0.0,0.0,180.6,184.4,182.216,Empirical fractions of 100 shared label-free priorities; not probabilities over future data or confidence intervals
paysim,1,P_PRIMARY,clipped,0.05,1.0,0.0,0.0,140.6,143.0,142.278,Empirical fractions of 100 shared label-free priorities; not probabilities over future data or confidence intervals
paysim,1,P_PRIMARY,clipped,0.1,1.0,0.0,0.0,31.4,37.0,34.254000000000005,Empirical fractions of 100 shared label-free priorities; not probabilities over future data or confidence intervals
paysim,1,P_PRIMARY,platt,0.01,1.0,0.0,0.0,202.2,204.0,203.126,Empirical fractions of 100 shared label-free priorities; not probabilities over future data or confidence intervals
paysim,1,P_PRIMARY,platt,0.03,1.0,0.0,0.0,180.6,184.4,182.216,Empirical fractions of 100 shared label-free priorities; not probabilities over future data or confidence intervals
paysim,1,P_PRIMARY,platt,0.05,1.0,0.0,0.0,140.6,143.0,142.278,Empirical fractions of 100 shared label-free priorities; not probabilities over future data or confidence intervals
paysim,1,P_PRIMARY,platt,0.1,1.0,0.0,0.0,31.4,37.0,34.254000000000005,Empirical fractions of 100 shared label-free priorities; not probabilities over future data or confidence intervals
paysim,1,P_PRIMARY,raw,0.01,1.0,0.0,0.0,202.2,204.0,203.126,Empirical fractions of 100 shared label-free priorities; not probabilities over future data or confidence intervals
paysim,1,P_PRIMARY,raw,0.03,1.0,0.0,0.0,180.6,184.4,182.216,Empirical fractions of 100 shared label-free priorities; not probabilities over future data or confidence intervals
paysim,1,P_PRIMARY,raw,0.05,1.0,0.0,0.0,140.6,143.0,142.278,Empirical fractions of 100 shared label-free priorities; not probabilities over future data or confidence intervals
paysim,1,P_PRIMARY,raw,0.1,1.0,0.0,0.0,31.4,37.0,34.254000000000005,Empirical fractions of 100 shared label-free priorities; not probabilities over future data or confidence intervals
paysim,1,P_WEIGHT,clipped,0.01,0.0,1.0,0.0,-8.0,-4.8,-6.456,Empirical fractions of 100 shared label-free priorities; not probabilities over future data or confidence intervals
paysim,1,P_WEIGHT,clipped,0.03,0.0,1.0,0.0,-10.6,-8.2,-9.524,Empirical fractions of 100 shared label-free priorities; not probabilities over future data or confidence intervals
paysim,1,P_WEIGHT,clipped,0.05,0.0,1.0,0.0,-9.8,-6.6,-8.209999999999999,Empirical fractions of 100 shared label-free priorities; not probabilities over future data or confidence intervals
paysim,1,P_WEIGHT,clipped,0.1,0.0,1.0,0.0,-7.8,-5.2,-6.502,Empirical fractions of 100 shared label-free priorities; not probabilities over future data or confidence intervals
paysim,1,P_WEIGHT,platt,0.01,0.0,1.0,0.0,-8.0,-4.8,-6.456,Empirical fractions of 100 shared label-free priorities; not probabilities over future data or confidence intervals
paysim,1,P_WEIGHT,platt,0.03,0.0,1.0,0.0,-10.6,-8.2,-9.524,Empirical fractions of 100 shared label-free priorities; not probabilities over future data or confidence intervals
paysim,1,P_WEIGHT,platt,0.05,0.0,1.0,0.0,-9.8,-6.6,-8.209999999999999,Empirical fractions of 100 shared label-free priorities; not probabilities over future data or confidence intervals
paysim,1,P_WEIGHT,platt,0.1,0.0,1.0,0.0,-7.8,-5.2,-6.502,Empirical fractions of 100 shared label-free priorities; not probabilities over future data or confidence intervals
paysim,1,P_WEIGHT,raw,0.01,0.0,1.0,0.0,-8.0,-4.8,-6.456,Empirical fractions of 100 shared label-free priorities; not probabilities over future data or confidence intervals
paysim,1,P_WEIGHT,raw,0.03,0.0,1.0,0.0,-10.6,-8.2,-9.524,Empirical fractions of 100 shared label-free priorities; not probabilities over future data or confidence intervals
paysim,1,P_WEIGHT,raw,0.05,0.0,1.0,0.0,-9.8,-6.6,-8.209999999999999,Empirical fractions of 100 shared label-free priorities; not probabilities over future data or confidence intervals
paysim,1,P_WEIGHT,raw,0.1,0.0,1.0,0.0,-7.8,-5.2,-6.502,Empirical fractions of 100 shared label-free priorities; not probabilities over future data or confidence intervals
paysim,2,P_BUNDLE,clipped,0.01,1.0,0.0,0.0,101.8,112.2,106.70599999999999,Empirical fractions of 100 shared label-free priorities; not probabilities over future data or confidence intervals
paysim,2,P_BUNDLE,clipped,0.03,1.0,0.0,0.0,115.6,117.8,116.806,Empirical fractions of 100 shared label-free priorities; not probabilities over future data or confidence intervals
paysim,2,P_BUNDLE,clipped,0.05,1.0,0.0,0.0,92.0,95.6,93.622,Empirical fractions of 100 shared label-free priorities; not probabilities over future data or confidence intervals
paysim,2,P_BUNDLE,clipped,0.1,1.0,0.0,0.0,23.8,25.6,24.578,Empirical fractions of 100 shared label-free priorities; not probabilities over future data or confidence intervals
paysim,2,P_BUNDLE,platt,0.01,1.0,0.0,0.0,101.8,112.2,106.70599999999999,Empirical fractions of 100 shared label-free priorities; not probabilities over future data or confidence intervals
paysim,2,P_BUNDLE,platt,0.03,1.0,0.0,0.0,115.6,117.8,116.806,Empirical fractions of 100 shared label-free priorities; not probabilities over future data or confidence intervals
paysim,2,P_BUNDLE,platt,0.05,1.0,0.0,0.0,92.0,95.6,93.622,Empirical fractions of 100 shared label-free priorities; not probabilities over future data or confidence intervals
paysim,2,P_BUNDLE,platt,0.1,1.0,0.0,0.0,23.8,25.6,24.578,Empirical fractions of 100 shared label-free priorities; not probabilities over future data or confidence intervals
paysim,2,P_BUNDLE,raw,0.01,1.0,0.0,0.0,101.8,112.2,106.70599999999999,Empirical fractions of 100 shared label-free priorities; not probabilities over future data or confidence intervals
paysim,2,P_BUNDLE,raw,0.03,1.0,0.0,0.0,115.6,117.8,116.806,Empirical fractions of 100 shared label-free priorities; not probabilities over future data or confidence intervals
paysim,2,P_BUNDLE,raw,0.05,1.0,0.0,0.0,92.0,95.6,93.622,Empirical fractions of 100 shared label-free priorities; not probabilities over future data or confidence intervals
paysim,2,P_BUNDLE,raw,0.1,1.0,0.0,0.0,23.8,25.6,24.578,Empirical fractions of 100 shared label-free priorities; not probabilities over future data or confidence intervals
paysim,2,P_H_BASE,clipped,0.01,1.0,0.0,0.0,62.4,72.2,66.154,Empirical fractions of 100 shared label-free priorities; not probabilities over future data or confidence intervals
paysim,2,P_H_BASE,clipped,0.03,1.0,0.0,0.0,108.6,111.4,109.888,Empirical fractions of 100 shared label-free priorities; not probabilities over future data or confidence intervals
paysim,2,P_H_BASE,clipped,0.05,1.0,0.0,0.0,85.6,91.8,88.216,Empirical fractions of 100 shared label-free priorities; not probabilities over future data or confidence intervals
paysim,2,P_H_BASE,clipped,0.1,1.0,0.0,0.0,18.4,22.0,19.884,Empirical fractions of 100 shared label-free priorities; not probabilities over future data or confidence intervals
paysim,2,P_H_BASE,platt,0.01,1.0,0.0,0.0,62.4,72.2,66.154,Empirical fractions of 100 shared label-free priorities; not probabilities over future data or confidence intervals
paysim,2,P_H_BASE,platt,0.03,1.0,0.0,0.0,108.6,111.4,109.888,Empirical fractions of 100 shared label-free priorities; not probabilities over future data or confidence intervals
paysim,2,P_H_BASE,platt,0.05,1.0,0.0,0.0,85.6,91.8,88.216,Empirical fractions of 100 shared label-free priorities; not probabilities over future data or confidence intervals
paysim,2,P_H_BASE,platt,0.1,1.0,0.0,0.0,18.4,22.0,19.884,Empirical fractions of 100 shared label-free priorities; not probabilities over future data or confidence intervals
paysim,2,P_H_BASE,raw,0.01,1.0,0.0,0.0,62.4,72.2,66.154,Empirical fractions of 100 shared label-free priorities; not probabilities over future data or confidence intervals
paysim,2,P_H_BASE,raw,0.03,1.0,0.0,0.0,108.6,111.4,109.888,Empirical fractions of 100 shared label-free priorities; not probabilities over future data or confidence intervals
paysim,2,P_H_BASE,raw,0.05,1.0,0.0,0.0,85.6,91.8,88.216,Empirical fractions of 100 shared label-free priorities; not probabilities over future data or confidence intervals
paysim,2,P_H_BASE,raw,0.1,1.0,0.0,0.0,18.4,22.0,19.884,Empirical fractions of 100 shared label-free priorities; not probabilities over future data or confidence intervals
paysim,2,P_H_TIME,clipped,0.01,1.0,0.0,0.0,46.8,50.8,48.782,Empirical fractions of 100 shared label-free priorities; not probabilities over future data or confidence intervals
paysim,2,P_H_TIME,clipped,0.03,1.0,0.0,0.0,61.4,63.0,62.32000000000001,Empirical fractions of 100 shared label-free priorities; not probabilities over future data or confidence intervals
paysim,2,P_H_TIME,clipped,0.05,1.0,0.0,0.0,41.4,44.0,42.618,Empirical fractions of 100 shared label-free priorities; not probabilities over future data or confidence intervals
paysim,2,P_H_TIME,clipped,0.1,1.0,0.0,0.0,6.0,6.6,6.506,Empirical fractions of 100 shared label-free priorities; not probabilities over future data or confidence intervals
paysim,2,P_H_TIME,platt,0.01,1.0,0.0,0.0,46.8,50.8,48.782,Empirical fractions of 100 shared label-free priorities; not probabilities over future data or confidence intervals
paysim,2,P_H_TIME,platt,0.03,1.0,0.0,0.0,61.4,63.0,62.32000000000001,Empirical fractions of 100 shared label-free priorities; not probabilities over future data or confidence intervals
paysim,2,P_H_TIME,platt,0.05,1.0,0.0,0.0,41.4,44.0,42.618,Empirical fractions of 100 shared label-free priorities; not probabilities over future data or confidence intervals
paysim,2,P_H_TIME,platt,0.1,1.0,0.0,0.0,6.0,6.6,6.506,Empirical fractions of 100 shared label-free priorities; not probabilities over future data or confidence intervals
paysim,2,P_H_TIME,raw,0.01,1.0,0.0,0.0,46.8,50.8,48.782,Empirical fractions of 100 shared label-free priorities; not probabilities over future data or confidence intervals
paysim,2,P_H_TIME,raw,0.03,1.0,0.0,0.0,61.4,63.0,62.32000000000001,Empirical fractions of 100 shared label-free priorities; not probabilities over future data or confidence intervals
paysim,2,P_H_TIME,raw,0.05,1.0,0.0,0.0,41.4,44.0,42.618,Empirical fractions of 100 shared label-free priorities; not probabilities over future data or confidence intervals
paysim,2,P_H_TIME,raw,0.1,1.0,0.0,0.0,6.0,6.6,6.506,Empirical fractions of 100 shared label-free priorities; not probabilities over future data or confidence intervals
paysim,2,P_PRIMARY,clipped,0.01,1.0,0.0,0.0,111.6,123.6,117.316,Empirical fractions of 100 shared label-free priorities; not probabilities over future data or confidence intervals
paysim,2,P_PRIMARY,clipped,0.03,1.0,0.0,0.0,120.4,122.8,121.50999999999999,Empirical fractions of 100 shared label-free priorities; not probabilities over future data or confidence intervals
paysim,2,P_PRIMARY,clipped,0.05,1.0,0.0,0.0,96.8,100.4,98.586,Empirical fractions of 100 shared label-free priorities; not probabilities over future data or confidence intervals
paysim,2,P_PRIMARY,clipped,0.1,1.0,0.0,0.0,27.4,31.0,28.636000000000003,Empirical fractions of 100 shared label-free priorities; not probabilities over future data or confidence intervals
paysim,2,P_PRIMARY,platt,0.01,1.0,0.0,0.0,111.6,123.6,117.316,Empirical fractions of 100 shared label-free priorities; not probabilities over future data or confidence intervals
paysim,2,P_PRIMARY,platt,0.03,1.0,0.0,0.0,120.4,122.8,121.50999999999999,Empirical fractions of 100 shared label-free priorities; not probabilities over future data or confidence intervals
paysim,2,P_PRIMARY,platt,0.05,1.0,0.0,0.0,96.8,100.4,98.586,Empirical fractions of 100 shared label-free priorities; not probabilities over future data or confidence intervals
paysim,2,P_PRIMARY,platt,0.1,1.0,0.0,0.0,27.4,31.0,28.636000000000003,Empirical fractions of 100 shared label-free priorities; not probabilities over future data or confidence intervals
paysim,2,P_PRIMARY,raw,0.01,1.0,0.0,0.0,111.6,123.6,117.316,Empirical fractions of 100 shared label-free priorities; not probabilities over future data or confidence intervals
paysim,2,P_PRIMARY,raw,0.03,1.0,0.0,0.0,120.4,122.8,121.50999999999999,Empirical fractions of 100 shared label-free priorities; not probabilities over future data or confidence intervals
paysim,2,P_PRIMARY,raw,0.05,1.0,0.0,0.0,96.8,100.4,98.586,Empirical fractions of 100 shared label-free priorities; not probabilities over future data or confidence intervals
paysim,2,P_PRIMARY,raw,0.1,1.0,0.0,0.0,27.4,31.0,28.636000000000003,Empirical fractions of 100 shared label-free priorities; not probabilities over future data or confidence intervals
paysim,2,P_WEIGHT,clipped,0.01,1.0,0.0,0.0,8.8,12.0,10.61,Empirical fractions of 100 shared label-free priorities; not probabilities over future data or confidence intervals
paysim,2,P_WEIGHT,clipped,0.03,1.0,0.0,0.0,3.6,5.8,4.704,Empirical fractions of 100 shared label-free priorities; not probabilities over future data or confidence intervals
paysim,2,P_WEIGHT,clipped,0.05,1.0,0.0,0.0,3.6,6.8,4.964,Empirical fractions of 100 shared label-free priorities; not probabilities over future data or confidence intervals
paysim,2,P_WEIGHT,clipped,0.1,1.0,0.0,0.0,3.2,5.8,4.058,Empirical fractions of 100 shared label-free priorities; not probabilities over future data or confidence intervals
paysim,2,P_WEIGHT,platt,0.01,1.0,0.0,0.0,8.8,12.0,10.61,Empirical fractions of 100 shared label-free priorities; not probabilities over future data or confidence intervals
paysim,2,P_WEIGHT,platt,0.03,1.0,0.0,0.0,3.6,5.8,4.704,Empirical fractions of 100 shared label-free priorities; not probabilities over future data or confidence intervals
paysim,2,P_WEIGHT,platt,0.05,1.0,0.0,0.0,3.6,6.8,4.964,Empirical fractions of 100 shared label-free priorities; not probabilities over future data or confidence intervals
paysim,2,P_WEIGHT,platt,0.1,1.0,0.0,0.0,3.2,5.8,4.058,Empirical fractions of 100 shared label-free priorities; not probabilities over future data or confidence intervals
paysim,2,P_WEIGHT,raw,0.01,1.0,0.0,0.0,8.8,12.0,10.61,Empirical fractions of 100 shared label-free priorities; not probabilities over future data or confidence intervals
paysim,2,P_WEIGHT,raw,0.03,1.0,0.0,0.0,3.6,5.8,4.704,Empirical fractions of 100 shared label-free priorities; not probabilities over future data or confidence intervals
paysim,2,P_WEIGHT,raw,0.05,1.0,0.0,0.0,3.6,6.8,4.964,Empirical fractions of 100 shared label-free priorities; not probabilities over future data or confidence intervals
paysim,2,P_WEIGHT,raw,0.1,1.0,0.0,0.0,3.2,5.8,4.058,Empirical fractions of 100 shared label-free priorities; not probabilities over future data or confidence intervals
paysim,3,P_BUNDLE,clipped,0.01,1.0,0.0,0.0,191.4,211.0,200.386,Empirical fractions of 100 shared label-free priorities; not probabilities over future data or confidence intervals
paysim,3,P_BUNDLE,clipped,0.03,1.0,0.0,0.0,1008.4,1015.6,1012.1200000000001,Empirical fractions of 100 shared label-free priorities; not probabilities over future data or confidence intervals
paysim,3,P_BUNDLE,clipped,0.05,1.0,0.0,0.0,936.2,940.2,938.28,Empirical fractions of 100 shared label-free priorities; not probabilities over future data or confidence intervals
paysim,3,P_BUNDLE,clipped,0.1,1.0,0.0,0.0,375.6,382.4,378.90999999999997,Empirical fractions of 100 shared label-free priorities; not probabilities over future data or confidence intervals
paysim,3,P_BUNDLE,platt,0.01,1.0,0.0,0.0,191.4,211.0,200.386,Empirical fractions of 100 shared label-free priorities; not probabilities over future data or confidence intervals
paysim,3,P_BUNDLE,platt,0.03,1.0,0.0,0.0,1008.4,1015.6,1012.1200000000001,Empirical fractions of 100 shared label-free priorities; not probabilities over future data or confidence intervals
paysim,3,P_BUNDLE,platt,0.05,1.0,0.0,0.0,936.2,940.2,938.28,Empirical fractions of 100 shared label-free priorities; not probabilities over future data or confidence intervals
paysim,3,P_BUNDLE,platt,0.1,1.0,0.0,0.0,375.6,382.4,378.90999999999997,Empirical fractions of 100 shared label-free priorities; not probabilities over future data or confidence intervals
paysim,3,P_BUNDLE,raw,0.01,1.0,0.0,0.0,184.2,204.6,194.58599999999998,Empirical fractions of 100 shared label-free priorities; not probabilities over future data or confidence intervals
paysim,3,P_BUNDLE,raw,0.03,1.0,0.0,0.0,1008.4,1015.6,1012.1200000000001,Empirical fractions of 100 shared label-free priorities; not probabilities over future data or confidence intervals
paysim,3,P_BUNDLE,raw,0.05,1.0,0.0,0.0,936.2,940.2,938.28,Empirical fractions of 100 shared label-free priorities; not probabilities over future data or confidence intervals
paysim,3,P_BUNDLE,raw,0.1,1.0,0.0,0.0,375.6,382.4,378.90999999999997,Empirical fractions of 100 shared label-free priorities; not probabilities over future data or confidence intervals
paysim,3,P_H_BASE,clipped,0.01,1.0,0.0,0.0,711.2,735.0,723.034,Empirical fractions of 100 shared label-free priorities; not probabilities over future data or confidence intervals
paysim,3,P_H_BASE,clipped,0.03,1.0,0.0,0.0,1026.4,1035.8,1031.114,Empirical fractions of 100 shared label-free priorities; not probabilities over future data or confidence intervals
paysim,3,P_H_BASE,clipped,0.05,1.0,0.0,0.0,724.8,741.6,732.05,Empirical fractions of 100 shared label-free priorities; not probabilities over future data or confidence intervals
paysim,3,P_H_BASE,clipped,0.1,1.0,0.0,0.0,239.0,248.6,243.388,Empirical fractions of 100 shared label-free priorities; not probabilities over future data or confidence intervals
paysim,3,P_H_BASE,platt,0.01,1.0,0.0,0.0,711.2,735.0,723.034,Empirical fractions of 100 shared label-free priorities; not probabilities over future data or confidence intervals
paysim,3,P_H_BASE,platt,0.03,1.0,0.0,0.0,1026.4,1035.8,1031.114,Empirical fractions of 100 shared label-free priorities; not probabilities over future data or confidence intervals
paysim,3,P_H_BASE,platt,0.05,1.0,0.0,0.0,724.8,741.6,732.05,Empirical fractions of 100 shared label-free priorities; not probabilities over future data or confidence intervals
paysim,3,P_H_BASE,platt,0.1,1.0,0.0,0.0,239.0,248.6,243.388,Empirical fractions of 100 shared label-free priorities; not probabilities over future data or confidence intervals
paysim,3,P_H_BASE,raw,0.01,1.0,0.0,0.0,711.2,735.0,723.034,Empirical fractions of 100 shared label-free priorities; not probabilities over future data or confidence intervals
paysim,3,P_H_BASE,raw,0.03,1.0,0.0,0.0,1026.4,1035.8,1031.114,Empirical fractions of 100 shared label-free priorities; not probabilities over future data or confidence intervals
paysim,3,P_H_BASE,raw,0.05,1.0,0.0,0.0,724.8,741.6,732.05,Empirical fractions of 100 shared label-free priorities; not probabilities over future data or confidence intervals
paysim,3,P_H_BASE,raw,0.1,1.0,0.0,0.0,239.0,248.6,243.388,Empirical fractions of 100 shared label-free priorities; not probabilities over future data or confidence intervals
paysim,3,P_H_TIME,clipped,0.01,1.0,0.0,0.0,557.8,618.2,589.792,Empirical fractions of 100 shared label-free priorities; not probabilities over future data or confidence intervals
paysim,3,P_H_TIME,clipped,0.03,1.0,0.0,0.0,781.2,783.6,782.2239999999999,Empirical fractions of 100 shared label-free priorities; not probabilities over future data or confidence intervals
paysim,3,P_H_TIME,clipped,0.05,1.0,0.0,0.0,659.8,663.6,661.516,Empirical fractions of 100 shared label-free priorities; not probabilities over future data or confidence intervals
paysim,3,P_H_TIME,clipped,0.1,1.0,0.0,0.0,285.6,288.8,287.572,Empirical fractions of 100 shared label-free priorities; not probabilities over future data or confidence intervals
paysim,3,P_H_TIME,platt,0.01,1.0,0.0,0.0,557.8,618.2,589.792,Empirical fractions of 100 shared label-free priorities; not probabilities over future data or confidence intervals
paysim,3,P_H_TIME,platt,0.03,1.0,0.0,0.0,781.2,783.6,782.2239999999999,Empirical fractions of 100 shared label-free priorities; not probabilities over future data or confidence intervals
paysim,3,P_H_TIME,platt,0.05,1.0,0.0,0.0,659.8,663.6,661.516,Empirical fractions of 100 shared label-free priorities; not probabilities over future data or confidence intervals
paysim,3,P_H_TIME,platt,0.1,1.0,0.0,0.0,285.6,288.8,287.572,Empirical fractions of 100 shared label-free priorities; not probabilities over future data or confidence intervals
paysim,3,P_H_TIME,raw,0.01,1.0,0.0,0.0,519.4,569.0,542.982,Empirical fractions of 100 shared label-free priorities; not probabilities over future data or confidence intervals
paysim,3,P_H_TIME,raw,0.03,1.0,0.0,0.0,781.2,783.6,782.2239999999999,Empirical fractions of 100 shared label-free priorities; not probabilities over future data or confidence intervals
paysim,3,P_H_TIME,raw,0.05,1.0,0.0,0.0,659.8,663.6,661.516,Empirical fractions of 100 shared label-free priorities; not probabilities over future data or confidence intervals
paysim,3,P_H_TIME,raw,0.1,1.0,0.0,0.0,285.6,288.8,287.572,Empirical fractions of 100 shared label-free priorities; not probabilities over future data or confidence intervals
paysim,3,P_PRIMARY,clipped,0.01,1.0,0.0,0.0,292.4,312.0,302.592,Empirical fractions of 100 shared label-free priorities; not probabilities over future data or confidence intervals
paysim,3,P_PRIMARY,clipped,0.03,1.0,0.0,0.0,1075.6,1084.2,1080.322,Empirical fractions of 100 shared label-free priorities; not probabilities over future data or confidence intervals
paysim,3,P_PRIMARY,clipped,0.05,1.0,0.0,0.0,871.4,878.8,874.5559999999999,Empirical fractions of 100 shared label-free priorities; not probabilities over future data or confidence intervals
paysim,3,P_PRIMARY,clipped,0.1,1.0,0.0,0.0,306.6,315.0,310.23400000000004,Empirical fractions of 100 shared label-free priorities; not probabilities over future data or confidence intervals
paysim,3,P_PRIMARY,platt,0.01,1.0,0.0,0.0,292.4,312.0,302.592,Empirical fractions of 100 shared label-free priorities; not probabilities over future data or confidence intervals
paysim,3,P_PRIMARY,platt,0.03,1.0,0.0,0.0,1075.6,1084.2,1080.322,Empirical fractions of 100 shared label-free priorities; not probabilities over future data or confidence intervals
paysim,3,P_PRIMARY,platt,0.05,1.0,0.0,0.0,871.4,878.8,874.5559999999999,Empirical fractions of 100 shared label-free priorities; not probabilities over future data or confidence intervals
paysim,3,P_PRIMARY,platt,0.1,1.0,0.0,0.0,306.6,315.0,310.23400000000004,Empirical fractions of 100 shared label-free priorities; not probabilities over future data or confidence intervals
paysim,3,P_PRIMARY,raw,0.01,1.0,0.0,0.0,367.4,380.0,374.35,Empirical fractions of 100 shared label-free priorities; not probabilities over future data or confidence intervals
paysim,3,P_PRIMARY,raw,0.03,1.0,0.0,0.0,1075.6,1084.2,1080.322,Empirical fractions of 100 shared label-free priorities; not probabilities over future data or confidence intervals
paysim,3,P_PRIMARY,raw,0.05,1.0,0.0,0.0,871.4,878.8,874.5559999999999,Empirical fractions of 100 shared label-free priorities; not probabilities over future data or confidence intervals
paysim,3,P_PRIMARY,raw,0.1,1.0,0.0,0.0,306.6,315.0,310.23400000000004,Empirical fractions of 100 shared label-free priorities; not probabilities over future data or confidence intervals
paysim,3,P_WEIGHT,clipped,0.01,1.0,0.0,0.0,93.8,111.4,102.20599999999999,Empirical fractions of 100 shared label-free priorities; not probabilities over future data or confidence intervals
paysim,3,P_WEIGHT,clipped,0.03,1.0,0.0,0.0,65.6,70.4,68.202,Empirical fractions of 100 shared label-free priorities; not probabilities over future data or confidence intervals
paysim,3,P_WEIGHT,clipped,0.05,0.0,1.0,0.0,-67.0,-60.4,-63.724000000000004,Empirical fractions of 100 shared label-free priorities; not probabilities over future data or confidence intervals
paysim,3,P_WEIGHT,clipped,0.1,0.0,1.0,0.0,-71.0,-66.8,-68.676,Empirical fractions of 100 shared label-free priorities; not probabilities over future data or confidence intervals
paysim,3,P_WEIGHT,platt,0.01,1.0,0.0,0.0,93.8,111.4,102.20599999999999,Empirical fractions of 100 shared label-free priorities; not probabilities over future data or confidence intervals
paysim,3,P_WEIGHT,platt,0.03,1.0,0.0,0.0,65.6,70.4,68.202,Empirical fractions of 100 shared label-free priorities; not probabilities over future data or confidence intervals
paysim,3,P_WEIGHT,platt,0.05,0.0,1.0,0.0,-67.0,-60.4,-63.724000000000004,Empirical fractions of 100 shared label-free priorities; not probabilities over future data or confidence intervals
paysim,3,P_WEIGHT,platt,0.1,0.0,1.0,0.0,-71.0,-66.8,-68.676,Empirical fractions of 100 shared label-free priorities; not probabilities over future data or confidence intervals
paysim,3,P_WEIGHT,raw,0.01,1.0,0.0,0.0,170.0,188.2,179.764,Empirical fractions of 100 shared label-free priorities; not probabilities over future data or confidence intervals
paysim,3,P_WEIGHT,raw,0.03,1.0,0.0,0.0,65.6,70.4,68.202,Empirical fractions of 100 shared label-free priorities; not probabilities over future data or confidence intervals
paysim,3,P_WEIGHT,raw,0.05,0.0,1.0,0.0,-67.0,-60.4,-63.724000000000004,Empirical fractions of 100 shared label-free priorities; not probabilities over future data or confidence intervals
paysim,3,P_WEIGHT,raw,0.1,0.0,1.0,0.0,-71.0,-66.8,-68.676,Empirical fractions of 100 shared label-free priorities; not probabilities over future data or confidence intervals
