metric,observed_effect,bootstrap_mean,bootstrap_se,ci_lower_95,ci_upper_95,total_replicates,valid_replicates,invalid_replicates,invalid_rate,ci_crosses_zero,invalid_rate_warning,fold
delta_recall,0.5831325301204819,0.5883825235141233,0.04002611093647345,0.5165339246387306,0.6717056193829334,5000,5000,0,0.0,False,False,1
cost_reduction,22092.0,22072.62556,3981.5138653611016,14296.130000000001,29803.694999999996,5000,5000,0,0.0,False,False,1
cost_reduction_per_100k,3437.5821778511536,3952.7846365412443,2497.5144843036765,1535.80527269548,9174.613660682102,5000,5000,0,0.0,False,False,1
delta_cost_saving_rate,0.4436144578313253,0.44764841691661006,0.07055221492964928,0.3120312748137271,0.5861299729508196,5000,5000,0,0.0,False,False,1
delta_pr_auc,0.15358288905650697,0.17232045191719064,0.08079367507313569,0.038855001678363886,0.3514581200563393,5000,5000,0,0.0,False,False,1
delta_recall,0.5506410256410257,0.5575961114994092,0.05340556375997787,0.46560509554140134,0.67115625,5000,5000,0,0.0,False,False,2
cost_reduction,9419.8,9870.77108,3193.349240133551,4019.6600000000003,16638.194999999996,5000,5000,0,0.0,False,False,2
cost_reduction_per_100k,1555.6803355848788,1940.9803349477886,1183.5804271329741,520.3556397472374,5015.234264636761,5000,5000,0,0.0,False,False,2
delta_cost_saving_rate,0.30191666666666667,0.3163263614004693,0.09757562221840325,0.1381176423067363,0.5223205009276437,5000,5000,0,0.0,False,False,2
delta_pr_auc,-0.04749678705778721,-0.035929562610977996,0.04863859202261157,-0.10777409574148833,0.08189816691434029,5000,5000,0,0.0,True,False,2
delta_recall,0.410308182784272,0.4119325731162187,0.018032286401899696,0.37767964009287813,0.447151080633183,5000,5000,0,0.0,False,False,3
cost_reduction,138963.4,139234.32948,7951.394998087698,124062.66,154682.435,5000,5000,0,0.0,False,False,3
cost_reduction_per_100k,21824.780948701395,28217.065980487216,9085.976309569764,14286.46949917685,48281.20658793956,5000,5000,0,0.0,False,False,3
delta_cost_saving_rate,0.3691907545164718,0.371339852619948,0.018711709725088108,0.3355083603477493,0.4082610060449626,5000,5000,0,0.0,False,False,3
delta_pr_auc,-0.07892809896818756,-0.08196789270224292,0.029019478683479705,-0.13310963256574518,-0.0183751599579654,5000,5000,0,0.0,False,False,3
