dataset,fold,contrast,role,score_stage,decision_rule,family,metric,estimate,ci_lower,ci_upper,draws,valid,invalid,ci_type
paysim,1,P_H_BASE,core,raw,fixed_budget,LR,delta_ap,0.01528459649536518,0.008000545642342954,0.038562486102086506,5000,5000,0,pointwise_95_percentile_conditional_fixed_models_and_windows
paysim,1,P_H_BASE,core,raw,fixed_budget,LightGBM,delta_ap,0.030683561810482186,0.005552822297924147,0.08544766427207816,5000,5000,0,pointwise_95_percentile_conditional_fixed_models_and_windows
paysim,1,P_H_BASE,core,raw,fixed_budget,LR_minus_LightGBM,delta_ap,-0.015398965315117006,-0.058682437915573205,0.006828439360805965,5000,5000,0,pointwise_95_percentile_conditional_fixed_models_and_windows
paysim,1,P_H_BASE,core,raw,fixed_budget,LR,delta_tp,134.0,100.0,165.0,5000,5000,0,pointwise_95_percentile_conditional_fixed_models_and_windows
paysim,1,P_H_BASE,core,raw,fixed_budget,LightGBM,delta_tp,170.6,136.4,202.4,5000,5000,0,pointwise_95_percentile_conditional_fixed_models_and_windows
paysim,1,P_H_BASE,core,raw,fixed_budget,LR_minus_LightGBM,delta_tp,-36.599999999999994,-63.80000000000001,-16.19999999999999,5000,5000,0,pointwise_95_percentile_conditional_fixed_models_and_windows
paysim,1,P_H_BASE,core,raw,fixed_budget,LR,delta_recall,0.26907630522088355,0.22395720108695652,0.30257908898873387,5000,5000,0,pointwise_95_percentile_conditional_fixed_models_and_windows
paysim,1,P_H_BASE,core,raw,fixed_budget,LightGBM,delta_recall,0.342570281124498,0.30933026315789475,0.3790612449799197,5000,5000,0,pointwise_95_percentile_conditional_fixed_models_and_windows
paysim,1,P_H_BASE,core,raw,fixed_budget,LR_minus_LightGBM,delta_recall,-0.07349397590361445,-0.13055717054263566,-0.03281608420395198,5000,5000,0,pointwise_95_percentile_conditional_fixed_models_and_windows
paysim,1,P_H_BASE,core,clipped,fixed_budget,LR,delta_ap,0.015284566289572667,0.008000512475334624,0.038562486102086506,5000,5000,0,pointwise_95_percentile_conditional_fixed_models_and_windows
paysim,1,P_H_BASE,core,clipped,fixed_budget,LightGBM,delta_ap,0.011412095813206647,-0.016045041201075985,0.07180794087962222,5000,5000,0,pointwise_95_percentile_conditional_fixed_models_and_windows
paysim,1,P_H_BASE,core,clipped,fixed_budget,LR_minus_LightGBM,delta_ap,0.0038724704763660207,-0.04453929090244529,0.028859515435067876,5000,5000,0,pointwise_95_percentile_conditional_fixed_models_and_windows
paysim,1,P_H_BASE,core,clipped,fixed_budget,LR,delta_tp,134.0,100.0,165.0,5000,5000,0,pointwise_95_percentile_conditional_fixed_models_and_windows
paysim,1,P_H_BASE,core,clipped,fixed_budget,LightGBM,delta_tp,170.6,136.4,202.4,5000,5000,0,pointwise_95_percentile_conditional_fixed_models_and_windows
paysim,1,P_H_BASE,core,clipped,fixed_budget,LR_minus_LightGBM,delta_tp,-36.599999999999994,-63.80000000000001,-16.19999999999999,5000,5000,0,pointwise_95_percentile_conditional_fixed_models_and_windows
paysim,1,P_H_BASE,core,clipped,fixed_budget,LR,delta_recall,0.26907630522088355,0.22395720108695652,0.30257908898873387,5000,5000,0,pointwise_95_percentile_conditional_fixed_models_and_windows
paysim,1,P_H_BASE,core,clipped,fixed_budget,LightGBM,delta_recall,0.342570281124498,0.30933026315789475,0.3790612449799197,5000,5000,0,pointwise_95_percentile_conditional_fixed_models_and_windows
paysim,1,P_H_BASE,core,clipped,fixed_budget,LR_minus_LightGBM,delta_recall,-0.07349397590361445,-0.13055717054263566,-0.03281608420395198,5000,5000,0,pointwise_95_percentile_conditional_fixed_models_and_windows
paysim,1,P_H_BASE,core,platt,fixed_budget,LR,delta_ap,0.015284566289572667,0.008000512475334624,0.038562486102086506,5000,5000,0,pointwise_95_percentile_conditional_fixed_models_and_windows
paysim,1,P_H_BASE,core,platt,fixed_budget,LightGBM,delta_ap,0.011412095813206647,-0.016045041201075985,0.07180794087962222,5000,5000,0,pointwise_95_percentile_conditional_fixed_models_and_windows
paysim,1,P_H_BASE,core,platt,fixed_budget,LR_minus_LightGBM,delta_ap,0.0038724704763660207,-0.04453929090244529,0.028859515435067876,5000,5000,0,pointwise_95_percentile_conditional_fixed_models_and_windows
paysim,1,P_H_BASE,core,platt,fixed_budget,LR,delta_tp,134.0,100.0,165.0,5000,5000,0,pointwise_95_percentile_conditional_fixed_models_and_windows
paysim,1,P_H_BASE,core,platt,fixed_budget,LightGBM,delta_tp,170.6,136.4,202.4,5000,5000,0,pointwise_95_percentile_conditional_fixed_models_and_windows
paysim,1,P_H_BASE,core,platt,fixed_budget,LR_minus_LightGBM,delta_tp,-36.599999999999994,-63.80000000000001,-16.19999999999999,5000,5000,0,pointwise_95_percentile_conditional_fixed_models_and_windows
paysim,1,P_H_BASE,core,platt,fixed_budget,LR,delta_recall,0.26907630522088355,0.22395720108695652,0.30257908898873387,5000,5000,0,pointwise_95_percentile_conditional_fixed_models_and_windows
paysim,1,P_H_BASE,core,platt,fixed_budget,LightGBM,delta_recall,0.342570281124498,0.30933026315789475,0.3790612449799197,5000,5000,0,pointwise_95_percentile_conditional_fixed_models_and_windows
paysim,1,P_H_BASE,core,platt,fixed_budget,LR_minus_LightGBM,delta_recall,-0.07349397590361445,-0.13055717054263566,-0.03281608420395198,5000,5000,0,pointwise_95_percentile_conditional_fixed_models_and_windows
paysim,1,P_H_TIME,core,raw,fixed_budget,LR,delta_ap,0.016217085204129164,0.008271243088035358,0.04579400809405885,5000,5000,0,pointwise_95_percentile_conditional_fixed_models_and_windows
paysim,1,P_H_TIME,core,raw,fixed_budget,LightGBM,delta_ap,-0.03906970168180014,-0.09167251775253654,0.03128288779340084,5000,5000,0,pointwise_95_percentile_conditional_fixed_models_and_windows
paysim,1,P_H_TIME,core,raw,fixed_budget,LR_minus_LightGBM,delta_ap,0.05528678688592931,-0.009397863206036694,0.11458324935410615,5000,5000,0,pointwise_95_percentile_conditional_fixed_models_and_windows
paysim,1,P_H_TIME,core,raw,fixed_budget,LR,delta_tp,34.0,-2.0,99.0,5000,5000,0,pointwise_95_percentile_conditional_fixed_models_and_windows
paysim,1,P_H_TIME,core,raw,fixed_budget,LightGBM,delta_tp,99.0,59.19500000000001,140.6,5000,5000,0,pointwise_95_percentile_conditional_fixed_models_and_windows
paysim,1,P_H_TIME,core,raw,fixed_budget,LR_minus_LightGBM,delta_tp,-65.0,-91.205,-19.79500000000007,5000,5000,0,pointwise_95_percentile_conditional_fixed_models_and_windows
paysim,1,P_H_TIME,core,raw,fixed_budget,LR,delta_recall,0.06827309236947798,-0.003861755029070204,0.1860931423386051,5000,5000,0,pointwise_95_percentile_conditional_fixed_models_and_windows
paysim,1,P_H_TIME,core,raw,fixed_budget,LightGBM,delta_recall,0.19879518072289157,0.13106130433001514,0.265390625,5000,5000,0,pointwise_95_percentile_conditional_fixed_models_and_windows
paysim,1,P_H_TIME,core,raw,fixed_budget,LR_minus_LightGBM,delta_recall,-0.13052208835341358,-0.17641,-0.037871900826446404,5000,5000,0,pointwise_95_percentile_conditional_fixed_models_and_windows
paysim,1,P_H_TIME,core,clipped,fixed_budget,LR,delta_ap,0.01621707821801096,0.008271242773949142,0.04579400809405885,5000,5000,0,pointwise_95_percentile_conditional_fixed_models_and_windows
paysim,1,P_H_TIME,core,clipped,fixed_budget,LightGBM,delta_ap,-0.05941636689612788,-0.10968896637635775,0.00976431171356842,5000,5000,0,pointwise_95_percentile_conditional_fixed_models_and_windows
paysim,1,P_H_TIME,core,clipped,fixed_budget,LR_minus_LightGBM,delta_ap,0.07563344511413883,0.013127277438567867,0.13455731741498606,5000,5000,0,pointwise_95_percentile_conditional_fixed_models_and_windows
paysim,1,P_H_TIME,core,clipped,fixed_budget,LR,delta_tp,34.0,-2.0,99.0,5000,5000,0,pointwise_95_percentile_conditional_fixed_models_and_windows
paysim,1,P_H_TIME,core,clipped,fixed_budget,LightGBM,delta_tp,99.0,59.19500000000001,140.6,5000,5000,0,pointwise_95_percentile_conditional_fixed_models_and_windows
paysim,1,P_H_TIME,core,clipped,fixed_budget,LR_minus_LightGBM,delta_tp,-65.0,-91.205,-19.79500000000007,5000,5000,0,pointwise_95_percentile_conditional_fixed_models_and_windows
paysim,1,P_H_TIME,core,clipped,fixed_budget,LR,delta_recall,0.06827309236947798,-0.003861755029070204,0.1860931423386051,5000,5000,0,pointwise_95_percentile_conditional_fixed_models_and_windows
paysim,1,P_H_TIME,core,clipped,fixed_budget,LightGBM,delta_recall,0.19879518072289157,0.13106130433001514,0.265390625,5000,5000,0,pointwise_95_percentile_conditional_fixed_models_and_windows
paysim,1,P_H_TIME,core,clipped,fixed_budget,LR_minus_LightGBM,delta_recall,-0.13052208835341358,-0.17641,-0.037871900826446404,5000,5000,0,pointwise_95_percentile_conditional_fixed_models_and_windows
paysim,1,P_H_TIME,core,platt,fixed_budget,LR,delta_ap,0.01621707821801096,0.008271242773949142,0.04579400809405885,5000,5000,0,pointwise_95_percentile_conditional_fixed_models_and_windows
paysim,1,P_H_TIME,core,platt,fixed_budget,LightGBM,delta_ap,-0.05941636689612788,-0.10968896637635775,0.00976431171356842,5000,5000,0,pointwise_95_percentile_conditional_fixed_models_and_windows
paysim,1,P_H_TIME,core,platt,fixed_budget,LR_minus_LightGBM,delta_ap,0.07563344511413883,0.013127277438567867,0.13455731741498606,5000,5000,0,pointwise_95_percentile_conditional_fixed_models_and_windows
paysim,1,P_H_TIME,core,platt,fixed_budget,LR,delta_tp,34.0,-2.0,99.0,5000,5000,0,pointwise_95_percentile_conditional_fixed_models_and_windows
paysim,1,P_H_TIME,core,platt,fixed_budget,LightGBM,delta_tp,99.0,59.19500000000001,140.6,5000,5000,0,pointwise_95_percentile_conditional_fixed_models_and_windows
paysim,1,P_H_TIME,core,platt,fixed_budget,LR_minus_LightGBM,delta_tp,-65.0,-91.205,-19.79500000000007,5000,5000,0,pointwise_95_percentile_conditional_fixed_models_and_windows
paysim,1,P_H_TIME,core,platt,fixed_budget,LR,delta_recall,0.06827309236947798,-0.003861755029070204,0.1860931423386051,5000,5000,0,pointwise_95_percentile_conditional_fixed_models_and_windows
paysim,1,P_H_TIME,core,platt,fixed_budget,LightGBM,delta_recall,0.19879518072289157,0.13106130433001514,0.265390625,5000,5000,0,pointwise_95_percentile_conditional_fixed_models_and_windows
paysim,1,P_H_TIME,core,platt,fixed_budget,LR_minus_LightGBM,delta_recall,-0.13052208835341358,-0.17641,-0.037871900826446404,5000,5000,0,pointwise_95_percentile_conditional_fixed_models_and_windows
paysim,1,P_WEIGHT,core,raw,fixed_budget,LR,delta_ap,-0.0002847582193357817,-0.0015961506598399379,-3.280894820592073e-05,5000,5000,0,pointwise_95_percentile_conditional_fixed_models_and_windows
paysim,1,P_WEIGHT,core,raw,fixed_budget,LightGBM,delta_ap,0.0179528268970779,-0.014267546247092032,0.03911403784554106,5000,5000,0,pointwise_95_percentile_conditional_fixed_models_and_windows
paysim,1,P_WEIGHT,core,raw,fixed_budget,LR_minus_LightGBM,delta_ap,-0.01823758511641368,-0.039827119995421156,0.013502415461134334,5000,5000,0,pointwise_95_percentile_conditional_fixed_models_and_windows
paysim,1,P_WEIGHT,core,raw,fixed_budget,LR,delta_tp,1.0,-4.0,4.0,5000,5000,0,pointwise_95_percentile_conditional_fixed_models_and_windows
paysim,1,P_WEIGHT,core,raw,fixed_budget,LightGBM,delta_tp,-1.2,-7.2,8.0,5000,5000,0,pointwise_95_percentile_conditional_fixed_models_and_windows
paysim,1,P_WEIGHT,core,raw,fixed_budget,LR_minus_LightGBM,delta_tp,2.2,-9.2,8.6,5000,5000,0,pointwise_95_percentile_conditional_fixed_models_and_windows
paysim,1,P_WEIGHT,core,raw,fixed_budget,LR,delta_recall,0.00200803212851397,-0.007692307692307693,0.008547008547008548,5000,5000,0,pointwise_95_percentile_conditional_fixed_models_and_windows
paysim,1,P_WEIGHT,core,raw,fixed_budget,LightGBM,delta_recall,-0.002409638554216853,-0.014347190257000385,0.01681447838665759,5000,5000,0,pointwise_95_percentile_conditional_fixed_models_and_windows
paysim,1,P_WEIGHT,core,raw,fixed_budget,LR_minus_LightGBM,delta_recall,0.0044176706827308235,-0.01914893617021277,0.017268000116036176,5000,5000,0,pointwise_95_percentile_conditional_fixed_models_and_windows
paysim,1,P_WEIGHT,core,clipped,fixed_budget,LR,delta_ap,-0.00028475188198927304,-0.0015961506663877563,-3.2803830719632525e-05,5000,5000,0,pointwise_95_percentile_conditional_fixed_models_and_windows
paysim,1,P_WEIGHT,core,clipped,fixed_budget,LightGBM,delta_ap,0.018985537743194936,-0.006802774184603122,0.037217122436319305,5000,5000,0,pointwise_95_percentile_conditional_fixed_models_and_windows
paysim,1,P_WEIGHT,core,clipped,fixed_budget,LR_minus_LightGBM,delta_ap,-0.01927028962518421,-0.03783770819822287,0.006486370688997147,5000,5000,0,pointwise_95_percentile_conditional_fixed_models_and_windows
paysim,1,P_WEIGHT,core,clipped,fixed_budget,LR,delta_tp,1.0,-4.0,4.0,5000,5000,0,pointwise_95_percentile_conditional_fixed_models_and_windows
paysim,1,P_WEIGHT,core,clipped,fixed_budget,LightGBM,delta_tp,-1.2,-7.2,8.0,5000,5000,0,pointwise_95_percentile_conditional_fixed_models_and_windows
paysim,1,P_WEIGHT,core,clipped,fixed_budget,LR_minus_LightGBM,delta_tp,2.2,-9.2,8.6,5000,5000,0,pointwise_95_percentile_conditional_fixed_models_and_windows
paysim,1,P_WEIGHT,core,clipped,fixed_budget,LR,delta_recall,0.00200803212851397,-0.007692307692307693,0.008547008547008548,5000,5000,0,pointwise_95_percentile_conditional_fixed_models_and_windows
paysim,1,P_WEIGHT,core,clipped,fixed_budget,LightGBM,delta_recall,-0.002409638554216853,-0.014347190257000385,0.01681447838665759,5000,5000,0,pointwise_95_percentile_conditional_fixed_models_and_windows
paysim,1,P_WEIGHT,core,clipped,fixed_budget,LR_minus_LightGBM,delta_recall,0.0044176706827308235,-0.01914893617021277,0.017268000116036176,5000,5000,0,pointwise_95_percentile_conditional_fixed_models_and_windows
paysim,1,P_WEIGHT,core,platt,fixed_budget,LR,delta_ap,-0.00028475188198927304,-0.0015961506663877563,-3.2803830719632525e-05,5000,5000,0,pointwise_95_percentile_conditional_fixed_models_and_windows
paysim,1,P_WEIGHT,core,platt,fixed_budget,LightGBM,delta_ap,0.018985537743194936,-0.006802774184603122,0.037217122436319305,5000,5000,0,pointwise_95_percentile_conditional_fixed_models_and_windows
paysim,1,P_WEIGHT,core,platt,fixed_budget,LR_minus_LightGBM,delta_ap,-0.01927028962518421,-0.03783770819822287,0.006486370688997147,5000,5000,0,pointwise_95_percentile_conditional_fixed_models_and_windows
paysim,1,P_WEIGHT,core,platt,fixed_budget,LR,delta_tp,1.0,-4.0,4.0,5000,5000,0,pointwise_95_percentile_conditional_fixed_models_and_windows
paysim,1,P_WEIGHT,core,platt,fixed_budget,LightGBM,delta_tp,-1.2,-7.2,8.0,5000,5000,0,pointwise_95_percentile_conditional_fixed_models_and_windows
paysim,1,P_WEIGHT,core,platt,fixed_budget,LR_minus_LightGBM,delta_tp,2.2,-9.2,8.6,5000,5000,0,pointwise_95_percentile_conditional_fixed_models_and_windows
paysim,1,P_WEIGHT,core,platt,fixed_budget,LR,delta_recall,0.00200803212851397,-0.007692307692307693,0.008547008547008548,5000,5000,0,pointwise_95_percentile_conditional_fixed_models_and_windows
paysim,1,P_WEIGHT,core,platt,fixed_budget,LightGBM,delta_recall,-0.002409638554216853,-0.014347190257000385,0.01681447838665759,5000,5000,0,pointwise_95_percentile_conditional_fixed_models_and_windows
paysim,1,P_WEIGHT,core,platt,fixed_budget,LR_minus_LightGBM,delta_recall,0.0044176706827308235,-0.01914893617021277,0.017268000116036176,5000,5000,0,pointwise_95_percentile_conditional_fixed_models_and_windows
paysim,1,P_BUNDLE,auxiliary,raw,fixed_budget,LR,delta_ap,0.026984109832742315,0.010866662311354629,0.10345700134481524,5000,5000,0,pointwise_95_percentile_conditional_fixed_models_and_windows
paysim,1,P_BUNDLE,auxiliary,raw,fixed_budget,LightGBM,delta_ap,0.16318520438039802,0.04108813343398022,0.3766757018687756,5000,5000,0,pointwise_95_percentile_conditional_fixed_models_and_windows
paysim,1,P_BUNDLE,auxiliary,raw,fixed_budget,LR_minus_LightGBM,delta_ap,-0.1362010945476557,-0.3043689383914077,-0.02627499671978404,5000,5000,0,pointwise_95_percentile_conditional_fixed_models_and_windows
paysim,1,P_BUNDLE,auxiliary,raw,fixed_budget,LR,delta_tp,105.0,70.0,159.0,5000,5000,0,pointwise_95_percentile_conditional_fixed_models_and_windows
paysim,1,P_BUNDLE,auxiliary,raw,fixed_budget,LightGBM,delta_tp,219.4,172.2,266.2049999999999,5000,5000,0,pointwise_95_percentile_conditional_fixed_models_and_windows
paysim,1,P_BUNDLE,auxiliary,raw,fixed_budget,LR_minus_LightGBM,delta_tp,-114.4,-158.805,-58.19999999999999,5000,5000,0,pointwise_95_percentile_conditional_fixed_models_and_windows
paysim,1,P_BUNDLE,auxiliary,raw,fixed_budget,LR,delta_recall,0.21084337349397597,0.13992537313432835,0.3127351135969905,5000,5000,0,pointwise_95_percentile_conditional_fixed_models_and_windows
paysim,1,P_BUNDLE,auxiliary,raw,fixed_budget,LightGBM,delta_recall,0.4405622489959839,0.3814320675105485,0.5130526403464932,5000,5000,0,pointwise_95_percentile_conditional_fixed_models_and_windows
paysim,1,P_BUNDLE,auxiliary,raw,fixed_budget,LR_minus_LightGBM,delta_recall,-0.22971887550200792,-0.3040904371234457,-0.12412099427414512,5000,5000,0,pointwise_95_percentile_conditional_fixed_models_and_windows
paysim,1,P_BUNDLE,auxiliary,clipped,fixed_budget,LR,delta_ap,0.026984102846624124,0.010866662074613431,0.10345700134481524,5000,5000,0,pointwise_95_percentile_conditional_fixed_models_and_windows
paysim,1,P_BUNDLE,auxiliary,clipped,fixed_budget,LightGBM,delta_ap,0.13459735131331205,0.02322017826542078,0.345031949386373,5000,5000,0,pointwise_95_percentile_conditional_fixed_models_and_windows
paysim,1,P_BUNDLE,auxiliary,clipped,fixed_budget,LR_minus_LightGBM,delta_ap,-0.10761324846668792,-0.27281083413810625,-0.008847585715186033,5000,5000,0,pointwise_95_percentile_conditional_fixed_models_and_windows
paysim,1,P_BUNDLE,auxiliary,clipped,fixed_budget,LR,delta_tp,105.0,70.0,159.0,5000,5000,0,pointwise_95_percentile_conditional_fixed_models_and_windows
paysim,1,P_BUNDLE,auxiliary,clipped,fixed_budget,LightGBM,delta_tp,219.4,172.2,266.2049999999999,5000,5000,0,pointwise_95_percentile_conditional_fixed_models_and_windows
paysim,1,P_BUNDLE,auxiliary,clipped,fixed_budget,LR_minus_LightGBM,delta_tp,-114.4,-158.805,-58.19999999999999,5000,5000,0,pointwise_95_percentile_conditional_fixed_models_and_windows
paysim,1,P_BUNDLE,auxiliary,clipped,fixed_budget,LR,delta_recall,0.21084337349397597,0.13992537313432835,0.3127351135969905,5000,5000,0,pointwise_95_percentile_conditional_fixed_models_and_windows
paysim,1,P_BUNDLE,auxiliary,clipped,fixed_budget,LightGBM,delta_recall,0.4405622489959839,0.3814320675105485,0.5130526403464932,5000,5000,0,pointwise_95_percentile_conditional_fixed_models_and_windows
paysim,1,P_BUNDLE,auxiliary,clipped,fixed_budget,LR_minus_LightGBM,delta_recall,-0.22971887550200792,-0.3040904371234457,-0.12412099427414512,5000,5000,0,pointwise_95_percentile_conditional_fixed_models_and_windows
paysim,1,P_BUNDLE,auxiliary,platt,fixed_budget,LR,delta_ap,0.026984102846624124,0.010866662074613431,0.10345700134481524,5000,5000,0,pointwise_95_percentile_conditional_fixed_models_and_windows
paysim,1,P_BUNDLE,auxiliary,platt,fixed_budget,LightGBM,delta_ap,0.13459735131331205,0.02322017826542078,0.345031949386373,5000,5000,0,pointwise_95_percentile_conditional_fixed_models_and_windows
paysim,1,P_BUNDLE,auxiliary,platt,fixed_budget,LR_minus_LightGBM,delta_ap,-0.10761324846668792,-0.27281083413810625,-0.008847585715186033,5000,5000,0,pointwise_95_percentile_conditional_fixed_models_and_windows
paysim,1,P_BUNDLE,auxiliary,platt,fixed_budget,LR,delta_tp,105.0,70.0,159.0,5000,5000,0,pointwise_95_percentile_conditional_fixed_models_and_windows
paysim,1,P_BUNDLE,auxiliary,platt,fixed_budget,LightGBM,delta_tp,219.4,172.2,266.2049999999999,5000,5000,0,pointwise_95_percentile_conditional_fixed_models_and_windows
paysim,1,P_BUNDLE,auxiliary,platt,fixed_budget,LR_minus_LightGBM,delta_tp,-114.4,-158.805,-58.19999999999999,5000,5000,0,pointwise_95_percentile_conditional_fixed_models_and_windows
paysim,1,P_BUNDLE,auxiliary,platt,fixed_budget,LR,delta_recall,0.21084337349397597,0.13992537313432835,0.3127351135969905,5000,5000,0,pointwise_95_percentile_conditional_fixed_models_and_windows
paysim,1,P_BUNDLE,auxiliary,platt,fixed_budget,LightGBM,delta_recall,0.4405622489959839,0.3814320675105485,0.5130526403464932,5000,5000,0,pointwise_95_percentile_conditional_fixed_models_and_windows
paysim,1,P_BUNDLE,auxiliary,platt,fixed_budget,LR_minus_LightGBM,delta_recall,-0.22971887550200792,-0.3040904371234457,-0.12412099427414512,5000,5000,0,pointwise_95_percentile_conditional_fixed_models_and_windows
paysim,1,P_PRIMARY,auxiliary,raw,fixed_budget,LR,delta_ap,0.026699351613406534,0.0107060056986587,0.10199953032510262,5000,5000,0,pointwise_95_percentile_conditional_fixed_models_and_windows
paysim,1,P_PRIMARY,auxiliary,raw,fixed_budget,LightGBM,delta_ap,0.1811380312774759,0.05840914815280067,0.3779971652899933,5000,5000,0,pointwise_95_percentile_conditional_fixed_models_and_windows
paysim,1,P_PRIMARY,auxiliary,raw,fixed_budget,LR_minus_LightGBM,delta_ap,-0.15443867966406938,-0.3049136663519831,-0.04467257789430233,5000,5000,0,pointwise_95_percentile_conditional_fixed_models_and_windows
paysim,1,P_PRIMARY,auxiliary,raw,fixed_budget,LR,delta_tp,106.0,70.0,159.0,5000,5000,0,pointwise_95_percentile_conditional_fixed_models_and_windows
paysim,1,P_PRIMARY,auxiliary,raw,fixed_budget,LightGBM,delta_tp,218.2,171.4,266.4,5000,5000,0,pointwise_95_percentile_conditional_fixed_models_and_windows
paysim,1,P_PRIMARY,auxiliary,raw,fixed_budget,LR_minus_LightGBM,delta_tp,-112.19999999999999,-156.805,-56.995000000000076,5000,5000,0,pointwise_95_percentile_conditional_fixed_models_and_windows
paysim,1,P_PRIMARY,auxiliary,raw,fixed_budget,LR,delta_recall,0.21285140562248994,0.14054632709944256,0.3125,5000,5000,0,pointwise_95_percentile_conditional_fixed_models_and_windows
paysim,1,P_PRIMARY,auxiliary,raw,fixed_budget,LightGBM,delta_recall,0.4381526104417671,0.3765436694451585,0.5204202686915887,5000,5000,0,pointwise_95_percentile_conditional_fixed_models_and_windows
paysim,1,P_PRIMARY,auxiliary,raw,fixed_budget,LR_minus_LightGBM,delta_recall,-0.22530120481927718,-0.3058653255071486,-0.12192813765182188,5000,5000,0,pointwise_95_percentile_conditional_fixed_models_and_windows
paysim,1,P_PRIMARY,auxiliary,clipped,fixed_budget,LR,delta_ap,0.02669935096463485,0.010706005512611782,0.10199953032510262,5000,5000,0,pointwise_95_percentile_conditional_fixed_models_and_windows
paysim,1,P_PRIMARY,auxiliary,clipped,fixed_budget,LightGBM,delta_ap,0.15358288905650697,0.038855001678363886,0.3514581200563393,5000,5000,0,pointwise_95_percentile_conditional_fixed_models_and_windows
paysim,1,P_PRIMARY,auxiliary,clipped,fixed_budget,LR_minus_LightGBM,delta_ap,-0.1268835380918721,-0.27821118555355157,-0.024590173783984058,5000,5000,0,pointwise_95_percentile_conditional_fixed_models_and_windows
paysim,1,P_PRIMARY,auxiliary,clipped,fixed_budget,LR,delta_tp,106.0,70.0,159.0,5000,5000,0,pointwise_95_percentile_conditional_fixed_models_and_windows
paysim,1,P_PRIMARY,auxiliary,clipped,fixed_budget,LightGBM,delta_tp,218.2,171.4,266.4,5000,5000,0,pointwise_95_percentile_conditional_fixed_models_and_windows
paysim,1,P_PRIMARY,auxiliary,clipped,fixed_budget,LR_minus_LightGBM,delta_tp,-112.19999999999999,-156.805,-56.995000000000076,5000,5000,0,pointwise_95_percentile_conditional_fixed_models_and_windows
paysim,1,P_PRIMARY,auxiliary,clipped,fixed_budget,LR,delta_recall,0.21285140562248994,0.14054632709944256,0.3125,5000,5000,0,pointwise_95_percentile_conditional_fixed_models_and_windows
paysim,1,P_PRIMARY,auxiliary,clipped,fixed_budget,LightGBM,delta_recall,0.4381526104417671,0.3765436694451585,0.5204202686915887,5000,5000,0,pointwise_95_percentile_conditional_fixed_models_and_windows
paysim,1,P_PRIMARY,auxiliary,clipped,fixed_budget,LR_minus_LightGBM,delta_recall,-0.22530120481927718,-0.3058653255071486,-0.12192813765182188,5000,5000,0,pointwise_95_percentile_conditional_fixed_models_and_windows
paysim,1,P_PRIMARY,auxiliary,platt,fixed_budget,LR,delta_ap,0.02669935096463485,0.010706005512611782,0.10199953032510262,5000,5000,0,pointwise_95_percentile_conditional_fixed_models_and_windows
paysim,1,P_PRIMARY,auxiliary,platt,fixed_budget,LightGBM,delta_ap,0.15358288905650697,0.038855001678363886,0.3514581200563393,5000,5000,0,pointwise_95_percentile_conditional_fixed_models_and_windows
paysim,1,P_PRIMARY,auxiliary,platt,fixed_budget,LR_minus_LightGBM,delta_ap,-0.1268835380918721,-0.27821118555355157,-0.024590173783984058,5000,5000,0,pointwise_95_percentile_conditional_fixed_models_and_windows
paysim,1,P_PRIMARY,auxiliary,platt,fixed_budget,LR,delta_tp,106.0,70.0,159.0,5000,5000,0,pointwise_95_percentile_conditional_fixed_models_and_windows
paysim,1,P_PRIMARY,auxiliary,platt,fixed_budget,LightGBM,delta_tp,218.2,171.4,266.4,5000,5000,0,pointwise_95_percentile_conditional_fixed_models_and_windows
paysim,1,P_PRIMARY,auxiliary,platt,fixed_budget,LR_minus_LightGBM,delta_tp,-112.19999999999999,-156.805,-56.995000000000076,5000,5000,0,pointwise_95_percentile_conditional_fixed_models_and_windows
paysim,1,P_PRIMARY,auxiliary,platt,fixed_budget,LR,delta_recall,0.21285140562248994,0.14054632709944256,0.3125,5000,5000,0,pointwise_95_percentile_conditional_fixed_models_and_windows
paysim,1,P_PRIMARY,auxiliary,platt,fixed_budget,LightGBM,delta_recall,0.4381526104417671,0.3765436694451585,0.5204202686915887,5000,5000,0,pointwise_95_percentile_conditional_fixed_models_and_windows
paysim,1,P_PRIMARY,auxiliary,platt,fixed_budget,LR_minus_LightGBM,delta_recall,-0.22530120481927718,-0.3058653255071486,-0.12192813765182188,5000,5000,0,pointwise_95_percentile_conditional_fixed_models_and_windows
paysim,1,P_PRIMARY,auxiliary,platt,threshold_transfer,LR,delta_ap,0.02669935096463485,0.010706005512611782,0.10199953032510262,5000,5000,0,pointwise_95_percentile_conditional_fixed_models_and_windows
paysim,1,P_PRIMARY,auxiliary,platt,threshold_transfer,LightGBM,delta_ap,0.15358288905650697,0.038855001678363886,0.3514581200563393,5000,5000,0,pointwise_95_percentile_conditional_fixed_models_and_windows
paysim,1,P_PRIMARY,auxiliary,platt,threshold_transfer,LR_minus_LightGBM,delta_ap,-0.1268835380918721,-0.27821118555355157,-0.024590173783984058,5000,5000,0,pointwise_95_percentile_conditional_fixed_models_and_windows
paysim,1,P_PRIMARY,auxiliary,platt,threshold_transfer,LR,delta_recall,0.10642570281124497,0.048968182209592696,0.18398562734336787,5000,5000,0,pointwise_95_percentile_conditional_fixed_models_and_windows
paysim,1,P_PRIMARY,auxiliary,platt,threshold_transfer,LightGBM,delta_recall,0.5831325301204819,0.5165339246387306,0.6717056193829334,5000,5000,0,pointwise_95_percentile_conditional_fixed_models_and_windows
paysim,1,P_PRIMARY,auxiliary,platt,threshold_transfer,LR_minus_LightGBM,delta_recall,-0.47670682730923697,-0.5245880160550457,-0.4336277745538953,5000,5000,0,pointwise_95_percentile_conditional_fixed_models_and_windows
paysim,1,P_PRIMARY,auxiliary,platt,threshold_transfer,LR,cost_reduction,5069.0,2061.65,8617.399999999994,5000,5000,0,pointwise_95_percentile_conditional_fixed_models_and_windows
paysim,1,P_PRIMARY,auxiliary,platt,threshold_transfer,LightGBM,cost_reduction,22092.0,14296.130000000001,29803.694999999996,5000,5000,0,pointwise_95_percentile_conditional_fixed_models_and_windows
paysim,1,P_PRIMARY,auxiliary,platt,threshold_transfer,LR_minus_LightGBM,cost_reduction,-17023.0,-22883.205,-10907.440000000004,5000,5000,0,pointwise_95_percentile_conditional_fixed_models_and_windows
paysim,1,P_PRIMARY,auxiliary,platt,threshold_transfer,LR,delta_alert_rate,0.00044191261022529784,-0.00020000106273441372,0.0016532090798031549,5000,5000,0,pointwise_95_percentile_conditional_fixed_models_and_windows
paysim,1,P_PRIMARY,auxiliary,platt,threshold_transfer,LightGBM,delta_alert_rate,0.01126316985160139,0.010341090519488831,0.013614032340039309,5000,5000,0,pointwise_95_percentile_conditional_fixed_models_and_windows
paysim,1,P_PRIMARY,auxiliary,platt,threshold_transfer,LR_minus_LightGBM,delta_alert_rate,-0.010821257241376092,-0.012811565071294736,-0.009549567830792237,5000,5000,0,pointwise_95_percentile_conditional_fixed_models_and_windows
paysim,2,P_H_BASE,core,raw,fixed_budget,LR,delta_ap,0.004848402638717615,0.0026757640423940333,0.02156709206072342,5000,5000,0,pointwise_95_percentile_conditional_fixed_models_and_windows
paysim,2,P_H_BASE,core,raw,fixed_budget,LightGBM,delta_ap,-0.04813070660123299,-0.06888547322544783,-0.025726958779853436,5000,5000,0,pointwise_95_percentile_conditional_fixed_models_and_windows
paysim,2,P_H_BASE,core,raw,fixed_budget,LR_minus_LightGBM,delta_ap,0.052979109239950604,0.03399688358634287,0.07578860413212707,5000,5000,0,pointwise_95_percentile_conditional_fixed_models_and_windows
paysim,2,P_H_BASE,core,raw,fixed_budget,LR,delta_tp,124.0,99.0,148.0,5000,5000,0,pointwise_95_percentile_conditional_fixed_models_and_windows
paysim,2,P_H_BASE,core,raw,fixed_budget,LightGBM,delta_tp,109.8,87.8,141.00999999999985,5000,5000,0,pointwise_95_percentile_conditional_fixed_models_and_windows
paysim,2,P_H_BASE,core,raw,fixed_budget,LR_minus_LightGBM,delta_tp,14.200000000000003,-0.5999999999999943,28.799999999999997,5000,5000,0,pointwise_95_percentile_conditional_fixed_models_and_windows
paysim,2,P_H_BASE,core,raw,fixed_budget,LR,delta_recall,0.39743589743589747,0.34920260557053007,0.44311926147704583,5000,5000,0,pointwise_95_percentile_conditional_fixed_models_and_windows
paysim,2,P_H_BASE,core,raw,fixed_budget,LightGBM,delta_recall,0.3519230769230769,0.2905043091839482,0.42829211338531514,5000,5000,0,pointwise_95_percentile_conditional_fixed_models_and_windows
paysim,2,P_H_BASE,core,raw,fixed_budget,LR_minus_LightGBM,delta_recall,0.04551282051282057,-0.0020704328686720072,0.08720952089526145,5000,5000,0,pointwise_95_percentile_conditional_fixed_models_and_windows
paysim,2,P_H_BASE,core,clipped,fixed_budget,LR,delta_ap,0.004848374873202773,0.0026757193407900624,0.021567052314058564,5000,5000,0,pointwise_95_percentile_conditional_fixed_models_and_windows
paysim,2,P_H_BASE,core,clipped,fixed_budget,LightGBM,delta_ap,-0.06665910084715344,-0.09063473340898115,-0.04034240508387438,5000,5000,0,pointwise_95_percentile_conditional_fixed_models_and_windows
paysim,2,P_H_BASE,core,clipped,fixed_budget,LR_minus_LightGBM,delta_ap,0.07150747572035622,0.0477691276862825,0.09886026783407136,5000,5000,0,pointwise_95_percentile_conditional_fixed_models_and_windows
paysim,2,P_H_BASE,core,clipped,fixed_budget,LR,delta_tp,124.0,99.0,148.0,5000,5000,0,pointwise_95_percentile_conditional_fixed_models_and_windows
paysim,2,P_H_BASE,core,clipped,fixed_budget,LightGBM,delta_tp,109.8,87.8,141.00999999999985,5000,5000,0,pointwise_95_percentile_conditional_fixed_models_and_windows
paysim,2,P_H_BASE,core,clipped,fixed_budget,LR_minus_LightGBM,delta_tp,14.200000000000003,-0.5999999999999943,28.799999999999997,5000,5000,0,pointwise_95_percentile_conditional_fixed_models_and_windows
paysim,2,P_H_BASE,core,clipped,fixed_budget,LR,delta_recall,0.39743589743589747,0.34920260557053007,0.44311926147704583,5000,5000,0,pointwise_95_percentile_conditional_fixed_models_and_windows
paysim,2,P_H_BASE,core,clipped,fixed_budget,LightGBM,delta_recall,0.3519230769230769,0.2905043091839482,0.42829211338531514,5000,5000,0,pointwise_95_percentile_conditional_fixed_models_and_windows
paysim,2,P_H_BASE,core,clipped,fixed_budget,LR_minus_LightGBM,delta_recall,0.04551282051282057,-0.0020704328686720072,0.08720952089526145,5000,5000,0,pointwise_95_percentile_conditional_fixed_models_and_windows
paysim,2,P_H_BASE,core,platt,fixed_budget,LR,delta_ap,0.004848374873202773,0.0026757193407900624,0.021567052314058564,5000,5000,0,pointwise_95_percentile_conditional_fixed_models_and_windows
paysim,2,P_H_BASE,core,platt,fixed_budget,LightGBM,delta_ap,-0.06665910084715344,-0.09063473340898115,-0.04034240508387438,5000,5000,0,pointwise_95_percentile_conditional_fixed_models_and_windows
paysim,2,P_H_BASE,core,platt,fixed_budget,LR_minus_LightGBM,delta_ap,0.07150747572035622,0.0477691276862825,0.09886026783407136,5000,5000,0,pointwise_95_percentile_conditional_fixed_models_and_windows
paysim,2,P_H_BASE,core,platt,fixed_budget,LR,delta_tp,124.0,99.0,148.0,5000,5000,0,pointwise_95_percentile_conditional_fixed_models_and_windows
paysim,2,P_H_BASE,core,platt,fixed_budget,LightGBM,delta_tp,109.8,87.8,141.00999999999985,5000,5000,0,pointwise_95_percentile_conditional_fixed_models_and_windows
paysim,2,P_H_BASE,core,platt,fixed_budget,LR_minus_LightGBM,delta_tp,14.200000000000003,-0.5999999999999943,28.799999999999997,5000,5000,0,pointwise_95_percentile_conditional_fixed_models_and_windows
paysim,2,P_H_BASE,core,platt,fixed_budget,LR,delta_recall,0.39743589743589747,0.34920260557053007,0.44311926147704583,5000,5000,0,pointwise_95_percentile_conditional_fixed_models_and_windows
paysim,2,P_H_BASE,core,platt,fixed_budget,LightGBM,delta_recall,0.3519230769230769,0.2905043091839482,0.42829211338531514,5000,5000,0,pointwise_95_percentile_conditional_fixed_models_and_windows
paysim,2,P_H_BASE,core,platt,fixed_budget,LR_minus_LightGBM,delta_recall,0.04551282051282057,-0.0020704328686720072,0.08720952089526145,5000,5000,0,pointwise_95_percentile_conditional_fixed_models_and_windows
paysim,2,P_H_TIME,core,raw,fixed_budget,LR,delta_ap,0.005170947714968286,0.002391805946615314,0.023883038892393304,5000,5000,0,pointwise_95_percentile_conditional_fixed_models_and_windows
paysim,2,P_H_TIME,core,raw,fixed_budget,LightGBM,delta_ap,-0.01596532104481848,-0.10447330899260993,0.04467467627304909,5000,5000,0,pointwise_95_percentile_conditional_fixed_models_and_windows
paysim,2,P_H_TIME,core,raw,fixed_budget,LR_minus_LightGBM,delta_ap,0.021136268759786768,-0.03314421080483208,0.11109336712423556,5000,5000,0,pointwise_95_percentile_conditional_fixed_models_and_windows
paysim,2,P_H_TIME,core,raw,fixed_budget,LR,delta_tp,74.0,21.0,117.0,5000,5000,0,pointwise_95_percentile_conditional_fixed_models_and_windows
paysim,2,P_H_TIME,core,raw,fixed_budget,LightGBM,delta_tp,84.2,49.8,117.4,5000,5000,0,pointwise_95_percentile_conditional_fixed_models_and_windows
paysim,2,P_H_TIME,core,raw,fixed_budget,LR_minus_LightGBM,delta_tp,-10.200000000000003,-39.2,11.200000000000003,5000,5000,0,pointwise_95_percentile_conditional_fixed_models_and_windows
paysim,2,P_H_TIME,core,raw,fixed_budget,LR,delta_recall,0.23717948717948717,0.07241067719152473,0.3432511192173768,5000,5000,0,pointwise_95_percentile_conditional_fixed_models_and_windows
paysim,2,P_H_TIME,core,raw,fixed_budget,LightGBM,delta_recall,0.26987179487179486,0.1643206054351565,0.35949886642735684,5000,5000,0,pointwise_95_percentile_conditional_fixed_models_and_windows
paysim,2,P_H_TIME,core,raw,fixed_budget,LR_minus_LightGBM,delta_recall,-0.03269230769230769,-0.13733525179856118,0.03390829804396048,5000,5000,0,pointwise_95_percentile_conditional_fixed_models_and_windows
paysim,2,P_H_TIME,core,clipped,fixed_budget,LR,delta_ap,0.005170924391371835,0.002391787011866879,0.02388297039184654,5000,5000,0,pointwise_95_percentile_conditional_fixed_models_and_windows
paysim,2,P_H_TIME,core,clipped,fixed_budget,LightGBM,delta_ap,0.00919416999323815,-0.1492919760476589,0.11932244697747237,5000,5000,0,pointwise_95_percentile_conditional_fixed_models_and_windows
paysim,2,P_H_TIME,core,clipped,fixed_budget,LR_minus_LightGBM,delta_ap,-0.004023245601866315,-0.10966641667720896,0.15660129473393125,5000,5000,0,pointwise_95_percentile_conditional_fixed_models_and_windows
paysim,2,P_H_TIME,core,clipped,fixed_budget,LR,delta_tp,74.0,21.0,117.0,5000,5000,0,pointwise_95_percentile_conditional_fixed_models_and_windows
paysim,2,P_H_TIME,core,clipped,fixed_budget,LightGBM,delta_tp,84.2,49.8,117.4,5000,5000,0,pointwise_95_percentile_conditional_fixed_models_and_windows
paysim,2,P_H_TIME,core,clipped,fixed_budget,LR_minus_LightGBM,delta_tp,-10.200000000000003,-39.2,11.200000000000003,5000,5000,0,pointwise_95_percentile_conditional_fixed_models_and_windows
paysim,2,P_H_TIME,core,clipped,fixed_budget,LR,delta_recall,0.23717948717948717,0.07241067719152473,0.3432511192173768,5000,5000,0,pointwise_95_percentile_conditional_fixed_models_and_windows
paysim,2,P_H_TIME,core,clipped,fixed_budget,LightGBM,delta_recall,0.26987179487179486,0.1643206054351565,0.35949886642735684,5000,5000,0,pointwise_95_percentile_conditional_fixed_models_and_windows
paysim,2,P_H_TIME,core,clipped,fixed_budget,LR_minus_LightGBM,delta_recall,-0.03269230769230769,-0.13733525179856118,0.03390829804396048,5000,5000,0,pointwise_95_percentile_conditional_fixed_models_and_windows
paysim,2,P_H_TIME,core,platt,fixed_budget,LR,delta_ap,0.005170924391371835,0.002391787011866879,0.02388297039184654,5000,5000,0,pointwise_95_percentile_conditional_fixed_models_and_windows
paysim,2,P_H_TIME,core,platt,fixed_budget,LightGBM,delta_ap,0.00919416999323815,-0.1492919760476589,0.11932244697747237,5000,5000,0,pointwise_95_percentile_conditional_fixed_models_and_windows
paysim,2,P_H_TIME,core,platt,fixed_budget,LR_minus_LightGBM,delta_ap,-0.004023245601866315,-0.10966641667720896,0.15660129473393125,5000,5000,0,pointwise_95_percentile_conditional_fixed_models_and_windows
paysim,2,P_H_TIME,core,platt,fixed_budget,LR,delta_tp,74.0,21.0,117.0,5000,5000,0,pointwise_95_percentile_conditional_fixed_models_and_windows
paysim,2,P_H_TIME,core,platt,fixed_budget,LightGBM,delta_tp,84.2,49.8,117.4,5000,5000,0,pointwise_95_percentile_conditional_fixed_models_and_windows
paysim,2,P_H_TIME,core,platt,fixed_budget,LR_minus_LightGBM,delta_tp,-10.200000000000003,-39.2,11.200000000000003,5000,5000,0,pointwise_95_percentile_conditional_fixed_models_and_windows
paysim,2,P_H_TIME,core,platt,fixed_budget,LR,delta_recall,0.23717948717948717,0.07241067719152473,0.3432511192173768,5000,5000,0,pointwise_95_percentile_conditional_fixed_models_and_windows
paysim,2,P_H_TIME,core,platt,fixed_budget,LightGBM,delta_recall,0.26987179487179486,0.1643206054351565,0.35949886642735684,5000,5000,0,pointwise_95_percentile_conditional_fixed_models_and_windows
paysim,2,P_H_TIME,core,platt,fixed_budget,LR_minus_LightGBM,delta_recall,-0.03269230769230769,-0.13733525179856118,0.03390829804396048,5000,5000,0,pointwise_95_percentile_conditional_fixed_models_and_windows
paysim,2,P_WEIGHT,core,raw,fixed_budget,LR,delta_ap,-0.0014630819513945757,-0.013462597756746065,-0.00040261293922145506,5000,5000,0,pointwise_95_percentile_conditional_fixed_models_and_windows
paysim,2,P_WEIGHT,core,raw,fixed_budget,LightGBM,delta_ap,-0.046890019029301656,-0.13587666667901188,0.0024495724208371656,5000,5000,0,pointwise_95_percentile_conditional_fixed_models_and_windows
paysim,2,P_WEIGHT,core,raw,fixed_budget,LR_minus_LightGBM,delta_ap,0.045426937077907084,-0.004346763666118253,0.12771301894346423,5000,5000,0,pointwise_95_percentile_conditional_fixed_models_and_windows
paysim,2,P_WEIGHT,core,raw,fixed_budget,LR,delta_tp,1.0,-11.0,11.0,5000,5000,0,pointwise_95_percentile_conditional_fixed_models_and_windows
paysim,2,P_WEIGHT,core,raw,fixed_budget,LightGBM,delta_tp,3.6,-2.4,11.2,5000,5000,0,pointwise_95_percentile_conditional_fixed_models_and_windows
paysim,2,P_WEIGHT,core,raw,fixed_budget,LR_minus_LightGBM,delta_tp,-2.6,-14.6,7.0,5000,5000,0,pointwise_95_percentile_conditional_fixed_models_and_windows
paysim,2,P_WEIGHT,core,raw,fixed_budget,LR,delta_recall,0.0032051282051281937,-0.03472441983122363,0.03235772711451438,5000,5000,0,pointwise_95_percentile_conditional_fixed_models_and_windows
paysim,2,P_WEIGHT,core,raw,fixed_budget,LightGBM,delta_recall,0.01153846153846152,-0.007743422557767102,0.03354057303145662,5000,5000,0,pointwise_95_percentile_conditional_fixed_models_and_windows
paysim,2,P_WEIGHT,core,raw,fixed_budget,LR_minus_LightGBM,delta_recall,-0.008333333333333326,-0.04689863457532978,0.02179521276595744,5000,5000,0,pointwise_95_percentile_conditional_fixed_models_and_windows
paysim,2,P_WEIGHT,core,clipped,fixed_budget,LR,delta_ap,-0.0014630839434654555,-0.013462605697431034,-0.00040261568668289955,5000,5000,0,pointwise_95_percentile_conditional_fixed_models_and_windows
paysim,2,P_WEIGHT,core,clipped,fixed_budget,LightGBM,delta_ap,-0.043431002099877374,-0.15896117155581624,0.001978010615577619,5000,5000,0,pointwise_95_percentile_conditional_fixed_models_and_windows
paysim,2,P_WEIGHT,core,clipped,fixed_budget,LR_minus_LightGBM,delta_ap,0.04196791815641192,-0.003376071656540989,0.15341841963017858,5000,5000,0,pointwise_95_percentile_conditional_fixed_models_and_windows
paysim,2,P_WEIGHT,core,clipped,fixed_budget,LR,delta_tp,1.0,-11.0,11.0,5000,5000,0,pointwise_95_percentile_conditional_fixed_models_and_windows
paysim,2,P_WEIGHT,core,clipped,fixed_budget,LightGBM,delta_tp,3.6,-2.4,11.2,5000,5000,0,pointwise_95_percentile_conditional_fixed_models_and_windows
paysim,2,P_WEIGHT,core,clipped,fixed_budget,LR_minus_LightGBM,delta_tp,-2.6,-14.6,7.0,5000,5000,0,pointwise_95_percentile_conditional_fixed_models_and_windows
paysim,2,P_WEIGHT,core,clipped,fixed_budget,LR,delta_recall,0.0032051282051281937,-0.03472441983122363,0.03235772711451438,5000,5000,0,pointwise_95_percentile_conditional_fixed_models_and_windows
paysim,2,P_WEIGHT,core,clipped,fixed_budget,LightGBM,delta_recall,0.01153846153846152,-0.007743422557767102,0.03354057303145662,5000,5000,0,pointwise_95_percentile_conditional_fixed_models_and_windows
paysim,2,P_WEIGHT,core,clipped,fixed_budget,LR_minus_LightGBM,delta_recall,-0.008333333333333326,-0.04689863457532978,0.02179521276595744,5000,5000,0,pointwise_95_percentile_conditional_fixed_models_and_windows
paysim,2,P_WEIGHT,core,platt,fixed_budget,LR,delta_ap,-0.0014630839434654555,-0.013462605697431034,-0.00040261568668289955,5000,5000,0,pointwise_95_percentile_conditional_fixed_models_and_windows
paysim,2,P_WEIGHT,core,platt,fixed_budget,LightGBM,delta_ap,-0.043431002099877374,-0.15896117155581624,0.001978010615577619,5000,5000,0,pointwise_95_percentile_conditional_fixed_models_and_windows
paysim,2,P_WEIGHT,core,platt,fixed_budget,LR_minus_LightGBM,delta_ap,0.04196791815641192,-0.003376071656540989,0.15341841963017858,5000,5000,0,pointwise_95_percentile_conditional_fixed_models_and_windows
paysim,2,P_WEIGHT,core,platt,fixed_budget,LR,delta_tp,1.0,-11.0,11.0,5000,5000,0,pointwise_95_percentile_conditional_fixed_models_and_windows
paysim,2,P_WEIGHT,core,platt,fixed_budget,LightGBM,delta_tp,3.6,-2.4,11.2,5000,5000,0,pointwise_95_percentile_conditional_fixed_models_and_windows
paysim,2,P_WEIGHT,core,platt,fixed_budget,LR_minus_LightGBM,delta_tp,-2.6,-14.6,7.0,5000,5000,0,pointwise_95_percentile_conditional_fixed_models_and_windows
paysim,2,P_WEIGHT,core,platt,fixed_budget,LR,delta_recall,0.0032051282051281937,-0.03472441983122363,0.03235772711451438,5000,5000,0,pointwise_95_percentile_conditional_fixed_models_and_windows
paysim,2,P_WEIGHT,core,platt,fixed_budget,LightGBM,delta_recall,0.01153846153846152,-0.007743422557767102,0.03354057303145662,5000,5000,0,pointwise_95_percentile_conditional_fixed_models_and_windows
paysim,2,P_WEIGHT,core,platt,fixed_budget,LR_minus_LightGBM,delta_recall,-0.008333333333333326,-0.04689863457532978,0.02179521276595744,5000,5000,0,pointwise_95_percentile_conditional_fixed_models_and_windows
paysim,2,P_BUNDLE,auxiliary,raw,fixed_budget,LR,delta_ap,0.007577809210946021,0.002902970821889659,0.048005113613881926,5000,5000,0,pointwise_95_percentile_conditional_fixed_models_and_windows
paysim,2,P_BUNDLE,auxiliary,raw,fixed_budget,LightGBM,delta_ap,0.03899024855207193,-0.08576719218140268,0.29148166297514155,5000,5000,0,pointwise_95_percentile_conditional_fixed_models_and_windows
paysim,2,P_BUNDLE,auxiliary,raw,fixed_budget,LR_minus_LightGBM,delta_ap,-0.031412439341125906,-0.26254056304984535,0.09165686189341181,5000,5000,0,pointwise_95_percentile_conditional_fixed_models_and_windows
paysim,2,P_BUNDLE,auxiliary,raw,fixed_budget,LR,delta_tp,127.0,85.0,172.0,5000,5000,0,pointwise_95_percentile_conditional_fixed_models_and_windows
paysim,2,P_BUNDLE,auxiliary,raw,fixed_budget,LightGBM,delta_tp,132.0,94.6,180.60499999999993,5000,5000,0,pointwise_95_percentile_conditional_fixed_models_and_windows
paysim,2,P_BUNDLE,auxiliary,raw,fixed_budget,LR_minus_LightGBM,delta_tp,-5.0,-37.599999999999994,26.20499999999993,5000,5000,0,pointwise_95_percentile_conditional_fixed_models_and_windows
paysim,2,P_BUNDLE,auxiliary,raw,fixed_budget,LR,delta_recall,0.40705128205128205,0.30538871920588356,0.526494481236203,5000,5000,0,pointwise_95_percentile_conditional_fixed_models_and_windows
paysim,2,P_BUNDLE,auxiliary,raw,fixed_budget,LightGBM,delta_recall,0.4230769230769231,0.3122772556390977,0.5666823899371066,5000,5000,0,pointwise_95_percentile_conditional_fixed_models_and_windows
paysim,2,P_BUNDLE,auxiliary,raw,fixed_budget,LR_minus_LightGBM,delta_recall,-0.016025641025641024,-0.12960981243001124,0.08523637978681406,5000,5000,0,pointwise_95_percentile_conditional_fixed_models_and_windows
paysim,2,P_BUNDLE,auxiliary,clipped,fixed_budget,LR,delta_ap,0.007577785887349569,0.0029029434578923805,0.048005052901502504,5000,5000,0,pointwise_95_percentile_conditional_fixed_models_and_windows
paysim,2,P_BUNDLE,auxiliary,clipped,fixed_budget,LightGBM,delta_ap,-0.004065784957909838,-0.1016491955790892,0.22776097280156002,5000,5000,0,pointwise_95_percentile_conditional_fixed_models_and_windows
paysim,2,P_BUNDLE,auxiliary,clipped,fixed_budget,LR_minus_LightGBM,delta_ap,0.011643570845259407,-0.19560160391700473,0.1093604624759812,5000,5000,0,pointwise_95_percentile_conditional_fixed_models_and_windows
paysim,2,P_BUNDLE,auxiliary,clipped,fixed_budget,LR,delta_tp,127.0,85.0,172.0,5000,5000,0,pointwise_95_percentile_conditional_fixed_models_and_windows
paysim,2,P_BUNDLE,auxiliary,clipped,fixed_budget,LightGBM,delta_tp,132.0,94.6,180.60499999999993,5000,5000,0,pointwise_95_percentile_conditional_fixed_models_and_windows
paysim,2,P_BUNDLE,auxiliary,clipped,fixed_budget,LR_minus_LightGBM,delta_tp,-5.0,-37.599999999999994,26.20499999999993,5000,5000,0,pointwise_95_percentile_conditional_fixed_models_and_windows
paysim,2,P_BUNDLE,auxiliary,clipped,fixed_budget,LR,delta_recall,0.40705128205128205,0.30538871920588356,0.526494481236203,5000,5000,0,pointwise_95_percentile_conditional_fixed_models_and_windows
paysim,2,P_BUNDLE,auxiliary,clipped,fixed_budget,LightGBM,delta_recall,0.4230769230769231,0.3122772556390977,0.5666823899371066,5000,5000,0,pointwise_95_percentile_conditional_fixed_models_and_windows
paysim,2,P_BUNDLE,auxiliary,clipped,fixed_budget,LR_minus_LightGBM,delta_recall,-0.016025641025641024,-0.12960981243001124,0.08523637978681406,5000,5000,0,pointwise_95_percentile_conditional_fixed_models_and_windows
paysim,2,P_BUNDLE,auxiliary,platt,fixed_budget,LR,delta_ap,0.007577785887349569,0.0029029434578923805,0.048005052901502504,5000,5000,0,pointwise_95_percentile_conditional_fixed_models_and_windows
paysim,2,P_BUNDLE,auxiliary,platt,fixed_budget,LightGBM,delta_ap,-0.004065784957909838,-0.1016491955790892,0.22776097280156002,5000,5000,0,pointwise_95_percentile_conditional_fixed_models_and_windows
paysim,2,P_BUNDLE,auxiliary,platt,fixed_budget,LR_minus_LightGBM,delta_ap,0.011643570845259407,-0.19560160391700473,0.1093604624759812,5000,5000,0,pointwise_95_percentile_conditional_fixed_models_and_windows
paysim,2,P_BUNDLE,auxiliary,platt,fixed_budget,LR,delta_tp,127.0,85.0,172.0,5000,5000,0,pointwise_95_percentile_conditional_fixed_models_and_windows
paysim,2,P_BUNDLE,auxiliary,platt,fixed_budget,LightGBM,delta_tp,132.0,94.6,180.60499999999993,5000,5000,0,pointwise_95_percentile_conditional_fixed_models_and_windows
paysim,2,P_BUNDLE,auxiliary,platt,fixed_budget,LR_minus_LightGBM,delta_tp,-5.0,-37.599999999999994,26.20499999999993,5000,5000,0,pointwise_95_percentile_conditional_fixed_models_and_windows
paysim,2,P_BUNDLE,auxiliary,platt,fixed_budget,LR,delta_recall,0.40705128205128205,0.30538871920588356,0.526494481236203,5000,5000,0,pointwise_95_percentile_conditional_fixed_models_and_windows
paysim,2,P_BUNDLE,auxiliary,platt,fixed_budget,LightGBM,delta_recall,0.4230769230769231,0.3122772556390977,0.5666823899371066,5000,5000,0,pointwise_95_percentile_conditional_fixed_models_and_windows
paysim,2,P_BUNDLE,auxiliary,platt,fixed_budget,LR_minus_LightGBM,delta_recall,-0.016025641025641024,-0.12960981243001124,0.08523637978681406,5000,5000,0,pointwise_95_percentile_conditional_fixed_models_and_windows
paysim,2,P_PRIMARY,auxiliary,raw,fixed_budget,LR,delta_ap,0.006114727259551445,0.0024286595418457797,0.03468426316461921,5000,5000,0,pointwise_95_percentile_conditional_fixed_models_and_windows
paysim,2,P_PRIMARY,auxiliary,raw,fixed_budget,LightGBM,delta_ap,-0.007899770477229732,-0.09089235677691565,0.17729312957457116,5000,5000,0,pointwise_95_percentile_conditional_fixed_models_and_windows
paysim,2,P_PRIMARY,auxiliary,raw,fixed_budget,LR_minus_LightGBM,delta_ap,0.014014497736781177,-0.1542456936496605,0.09720539878757742,5000,5000,0,pointwise_95_percentile_conditional_fixed_models_and_windows
paysim,2,P_PRIMARY,auxiliary,raw,fixed_budget,LR,delta_tp,128.0,86.0,172.0,5000,5000,0,pointwise_95_percentile_conditional_fixed_models_and_windows
paysim,2,P_PRIMARY,auxiliary,raw,fixed_budget,LightGBM,delta_tp,135.6,101.8,181.0,5000,5000,0,pointwise_95_percentile_conditional_fixed_models_and_windows
paysim,2,P_PRIMARY,auxiliary,raw,fixed_budget,LR_minus_LightGBM,delta_tp,-7.599999999999994,-40.204999999999984,21.799999999999997,5000,5000,0,pointwise_95_percentile_conditional_fixed_models_and_windows
paysim,2,P_PRIMARY,auxiliary,raw,fixed_budget,LR,delta_recall,0.41025641025641024,0.3138650350651209,0.5221620110402587,5000,5000,0,pointwise_95_percentile_conditional_fixed_models_and_windows
paysim,2,P_PRIMARY,auxiliary,raw,fixed_budget,LightGBM,delta_recall,0.4346153846153847,0.33999710982658954,0.5635307718463108,5000,5000,0,pointwise_95_percentile_conditional_fixed_models_and_windows
paysim,2,P_PRIMARY,auxiliary,raw,fixed_budget,LR_minus_LightGBM,delta_recall,-0.02435897435897444,-0.13701070746838453,0.06729497354497331,5000,5000,0,pointwise_95_percentile_conditional_fixed_models_and_windows
paysim,2,P_PRIMARY,auxiliary,clipped,fixed_budget,LR,delta_ap,0.006114701943884113,0.002428612407111132,0.03468426213415799,5000,5000,0,pointwise_95_percentile_conditional_fixed_models_and_windows
paysim,2,P_PRIMARY,auxiliary,clipped,fixed_budget,LightGBM,delta_ap,-0.04749678705778721,-0.10777409574148833,0.08189816691434029,5000,5000,0,pointwise_95_percentile_conditional_fixed_models_and_windows
paysim,2,P_PRIMARY,auxiliary,clipped,fixed_budget,LR_minus_LightGBM,delta_ap,0.05361148900167133,-0.05967655884351554,0.11470875524032277,5000,5000,0,pointwise_95_percentile_conditional_fixed_models_and_windows
paysim,2,P_PRIMARY,auxiliary,clipped,fixed_budget,LR,delta_tp,128.0,86.0,172.0,5000,5000,0,pointwise_95_percentile_conditional_fixed_models_and_windows
paysim,2,P_PRIMARY,auxiliary,clipped,fixed_budget,LightGBM,delta_tp,135.6,101.8,181.0,5000,5000,0,pointwise_95_percentile_conditional_fixed_models_and_windows
paysim,2,P_PRIMARY,auxiliary,clipped,fixed_budget,LR_minus_LightGBM,delta_tp,-7.599999999999994,-40.204999999999984,21.799999999999997,5000,5000,0,pointwise_95_percentile_conditional_fixed_models_and_windows
paysim,2,P_PRIMARY,auxiliary,clipped,fixed_budget,LR,delta_recall,0.41025641025641024,0.3138650350651209,0.5221620110402587,5000,5000,0,pointwise_95_percentile_conditional_fixed_models_and_windows
paysim,2,P_PRIMARY,auxiliary,clipped,fixed_budget,LightGBM,delta_recall,0.4346153846153847,0.33999710982658954,0.5635307718463108,5000,5000,0,pointwise_95_percentile_conditional_fixed_models_and_windows
paysim,2,P_PRIMARY,auxiliary,clipped,fixed_budget,LR_minus_LightGBM,delta_recall,-0.02435897435897444,-0.13701070746838453,0.06729497354497331,5000,5000,0,pointwise_95_percentile_conditional_fixed_models_and_windows
paysim,2,P_PRIMARY,auxiliary,platt,fixed_budget,LR,delta_ap,0.006114701943884113,0.002428612407111132,0.03468426213415799,5000,5000,0,pointwise_95_percentile_conditional_fixed_models_and_windows
paysim,2,P_PRIMARY,auxiliary,platt,fixed_budget,LightGBM,delta_ap,-0.04749678705778721,-0.10777409574148833,0.08189816691434029,5000,5000,0,pointwise_95_percentile_conditional_fixed_models_and_windows
paysim,2,P_PRIMARY,auxiliary,platt,fixed_budget,LR_minus_LightGBM,delta_ap,0.05361148900167133,-0.05967655884351554,0.11470875524032277,5000,5000,0,pointwise_95_percentile_conditional_fixed_models_and_windows
paysim,2,P_PRIMARY,auxiliary,platt,fixed_budget,LR,delta_tp,128.0,86.0,172.0,5000,5000,0,pointwise_95_percentile_conditional_fixed_models_and_windows
paysim,2,P_PRIMARY,auxiliary,platt,fixed_budget,LightGBM,delta_tp,135.6,101.8,181.0,5000,5000,0,pointwise_95_percentile_conditional_fixed_models_and_windows
paysim,2,P_PRIMARY,auxiliary,platt,fixed_budget,LR_minus_LightGBM,delta_tp,-7.599999999999994,-40.204999999999984,21.799999999999997,5000,5000,0,pointwise_95_percentile_conditional_fixed_models_and_windows
paysim,2,P_PRIMARY,auxiliary,platt,fixed_budget,LR,delta_recall,0.41025641025641024,0.3138650350651209,0.5221620110402587,5000,5000,0,pointwise_95_percentile_conditional_fixed_models_and_windows
paysim,2,P_PRIMARY,auxiliary,platt,fixed_budget,LightGBM,delta_recall,0.4346153846153847,0.33999710982658954,0.5635307718463108,5000,5000,0,pointwise_95_percentile_conditional_fixed_models_and_windows
paysim,2,P_PRIMARY,auxiliary,platt,fixed_budget,LR_minus_LightGBM,delta_recall,-0.02435897435897444,-0.13701070746838453,0.06729497354497331,5000,5000,0,pointwise_95_percentile_conditional_fixed_models_and_windows
paysim,2,P_PRIMARY,auxiliary,platt,threshold_transfer,LR,delta_ap,0.006114701943884113,0.002428612407111132,0.03468426213415799,5000,5000,0,pointwise_95_percentile_conditional_fixed_models_and_windows
paysim,2,P_PRIMARY,auxiliary,platt,threshold_transfer,LightGBM,delta_ap,-0.04749678705778721,-0.10777409574148833,0.08189816691434029,5000,5000,0,pointwise_95_percentile_conditional_fixed_models_and_windows
paysim,2,P_PRIMARY,auxiliary,platt,threshold_transfer,LR_minus_LightGBM,delta_ap,0.05361148900167133,-0.05967655884351554,0.11470875524032277,5000,5000,0,pointwise_95_percentile_conditional_fixed_models_and_windows
paysim,2,P_PRIMARY,auxiliary,platt,threshold_transfer,LR,delta_recall,0.32051282051282054,0.2121095928611266,0.4457831325301205,5000,5000,0,pointwise_95_percentile_conditional_fixed_models_and_windows
paysim,2,P_PRIMARY,auxiliary,platt,threshold_transfer,LightGBM,delta_recall,0.5506410256410257,0.46560509554140134,0.67115625,5000,5000,0,pointwise_95_percentile_conditional_fixed_models_and_windows
paysim,2,P_PRIMARY,auxiliary,platt,threshold_transfer,LR_minus_LightGBM,delta_recall,-0.23012820512820514,-0.3094145658263306,-0.15696089572192526,5000,5000,0,pointwise_95_percentile_conditional_fixed_models_and_windows
paysim,2,P_PRIMARY,auxiliary,platt,threshold_transfer,LR,cost_reduction,2478.0,-4390.1,9898.374999999995,5000,5000,0,pointwise_95_percentile_conditional_fixed_models_and_windows
paysim,2,P_PRIMARY,auxiliary,platt,threshold_transfer,LightGBM,cost_reduction,9419.8,4019.6600000000003,16638.194999999996,5000,5000,0,pointwise_95_percentile_conditional_fixed_models_and_windows
paysim,2,P_PRIMARY,auxiliary,platt,threshold_transfer,LR_minus_LightGBM,cost_reduction,-6941.799999999999,-11091.4,-3733.625000000002,5000,5000,0,pointwise_95_percentile_conditional_fixed_models_and_windows
paysim,2,P_PRIMARY,auxiliary,platt,threshold_transfer,LR,delta_alert_rate,0.01258773595811795,0.005922482849662492,0.021129695361589478,5000,5000,0,pointwise_95_percentile_conditional_fixed_models_and_windows
paysim,2,P_PRIMARY,auxiliary,platt,threshold_transfer,LightGBM,delta_alert_rate,0.013099701078429754,0.011564430099468089,0.015742639644502145,5000,5000,0,pointwise_95_percentile_conditional_fixed_models_and_windows
paysim,2,P_PRIMARY,auxiliary,platt,threshold_transfer,LR_minus_LightGBM,delta_alert_rate,-0.0005119651203118036,-0.006144826830430194,0.00592262706231976,5000,5000,0,pointwise_95_percentile_conditional_fixed_models_and_windows
paysim,3,P_H_BASE,core,raw,fixed_budget,LR,delta_ap,0.10035447035896254,0.07973300974693671,0.20211198746693707,5000,5000,0,pointwise_95_percentile_conditional_fixed_models_and_windows
paysim,3,P_H_BASE,core,raw,fixed_budget,LightGBM,delta_ap,0.08394452744960883,0.06301756848069241,0.12286640101359116,5000,5000,0,pointwise_95_percentile_conditional_fixed_models_and_windows
paysim,3,P_H_BASE,core,raw,fixed_budget,LR_minus_LightGBM,delta_ap,0.016409942909353714,0.004373721452296341,0.09346929446820543,5000,5000,0,pointwise_95_percentile_conditional_fixed_models_and_windows
paysim,3,P_H_BASE,core,raw,fixed_budget,LR,delta_tp,1644.0,1189.975,1716.0249999999996,5000,5000,0,pointwise_95_percentile_conditional_fixed_models_and_windows
paysim,3,P_H_BASE,core,raw,fixed_budget,LightGBM,delta_tp,1078.6,915.2,1162.6049999999998,5000,5000,0,pointwise_95_percentile_conditional_fixed_models_and_windows
paysim,3,P_H_BASE,core,raw,fixed_budget,LR_minus_LightGBM,delta_tp,565.4000000000001,136.79499999999996,642.2099999999999,5000,5000,0,pointwise_95_percentile_conditional_fixed_models_and_windows
paysim,3,P_H_BASE,core,raw,fixed_budget,LR,delta_recall,0.436769394261424,0.3213127024191016,0.4469995989027859,5000,5000,0,pointwise_95_percentile_conditional_fixed_models_and_windows
paysim,3,P_H_BASE,core,raw,fixed_budget,LightGBM,delta_recall,0.2865568544102019,0.24657272955894152,0.3067042770493265,5000,5000,0,pointwise_95_percentile_conditional_fixed_models_and_windows
paysim,3,P_H_BASE,core,raw,fixed_budget,LR_minus_LightGBM,delta_recall,0.15021253985122213,0.0370742892312058,0.1690753532565766,5000,5000,0,pointwise_95_percentile_conditional_fixed_models_and_windows
paysim,3,P_H_BASE,core,clipped,fixed_budget,LR,delta_ap,0.10029270224774618,0.0797005142280114,0.20190937967702796,5000,5000,0,pointwise_95_percentile_conditional_fixed_models_and_windows
paysim,3,P_H_BASE,core,clipped,fixed_budget,LightGBM,delta_ap,0.08110180458784647,0.05838224059403598,0.12212002966154419,5000,5000,0,pointwise_95_percentile_conditional_fixed_models_and_windows
paysim,3,P_H_BASE,core,clipped,fixed_budget,LR_minus_LightGBM,delta_ap,0.019190897659899717,0.007405513327155696,0.09426285312914008,5000,5000,0,pointwise_95_percentile_conditional_fixed_models_and_windows
paysim,3,P_H_BASE,core,clipped,fixed_budget,LR,delta_tp,1644.0,1189.975,1716.0249999999996,5000,5000,0,pointwise_95_percentile_conditional_fixed_models_and_windows
paysim,3,P_H_BASE,core,clipped,fixed_budget,LightGBM,delta_tp,1078.6,915.2,1162.6049999999998,5000,5000,0,pointwise_95_percentile_conditional_fixed_models_and_windows
paysim,3,P_H_BASE,core,clipped,fixed_budget,LR_minus_LightGBM,delta_tp,565.4000000000001,136.79499999999996,642.2099999999999,5000,5000,0,pointwise_95_percentile_conditional_fixed_models_and_windows
paysim,3,P_H_BASE,core,clipped,fixed_budget,LR,delta_recall,0.436769394261424,0.3213127024191016,0.4469995989027859,5000,5000,0,pointwise_95_percentile_conditional_fixed_models_and_windows
paysim,3,P_H_BASE,core,clipped,fixed_budget,LightGBM,delta_recall,0.2865568544102019,0.24657272955894152,0.3067042770493265,5000,5000,0,pointwise_95_percentile_conditional_fixed_models_and_windows
paysim,3,P_H_BASE,core,clipped,fixed_budget,LR_minus_LightGBM,delta_recall,0.15021253985122213,0.0370742892312058,0.1690753532565766,5000,5000,0,pointwise_95_percentile_conditional_fixed_models_and_windows
paysim,3,P_H_BASE,core,platt,fixed_budget,LR,delta_ap,0.10029270224774618,0.0797005142280114,0.20190937967702796,5000,5000,0,pointwise_95_percentile_conditional_fixed_models_and_windows
paysim,3,P_H_BASE,core,platt,fixed_budget,LightGBM,delta_ap,0.08110180458784647,0.05838224059403598,0.12212002966154419,5000,5000,0,pointwise_95_percentile_conditional_fixed_models_and_windows
paysim,3,P_H_BASE,core,platt,fixed_budget,LR_minus_LightGBM,delta_ap,0.019190897659899717,0.007405513327155696,0.09426285312914008,5000,5000,0,pointwise_95_percentile_conditional_fixed_models_and_windows
paysim,3,P_H_BASE,core,platt,fixed_budget,LR,delta_tp,1644.0,1189.975,1716.0249999999996,5000,5000,0,pointwise_95_percentile_conditional_fixed_models_and_windows
paysim,3,P_H_BASE,core,platt,fixed_budget,LightGBM,delta_tp,1078.6,915.2,1162.6049999999998,5000,5000,0,pointwise_95_percentile_conditional_fixed_models_and_windows
paysim,3,P_H_BASE,core,platt,fixed_budget,LR_minus_LightGBM,delta_tp,565.4000000000001,136.79499999999996,642.2099999999999,5000,5000,0,pointwise_95_percentile_conditional_fixed_models_and_windows
paysim,3,P_H_BASE,core,platt,fixed_budget,LR,delta_recall,0.436769394261424,0.3213127024191016,0.4469995989027859,5000,5000,0,pointwise_95_percentile_conditional_fixed_models_and_windows
paysim,3,P_H_BASE,core,platt,fixed_budget,LightGBM,delta_recall,0.2865568544102019,0.24657272955894152,0.3067042770493265,5000,5000,0,pointwise_95_percentile_conditional_fixed_models_and_windows
paysim,3,P_H_BASE,core,platt,fixed_budget,LR_minus_LightGBM,delta_recall,0.15021253985122213,0.0370742892312058,0.1690753532565766,5000,5000,0,pointwise_95_percentile_conditional_fixed_models_and_windows
paysim,3,P_H_TIME,core,raw,fixed_budget,LR,delta_ap,0.1556623573665096,0.13463256029536494,0.19681362498624583,5000,5000,0,pointwise_95_percentile_conditional_fixed_models_and_windows
paysim,3,P_H_TIME,core,raw,fixed_budget,LightGBM,delta_ap,0.0612302408587182,0.04602149811223106,0.09649817370438017,5000,5000,0,pointwise_95_percentile_conditional_fixed_models_and_windows
paysim,3,P_H_TIME,core,raw,fixed_budget,LR_minus_LightGBM,delta_ap,0.0944321165077914,0.05730819116602418,0.13877154938608086,5000,5000,0,pointwise_95_percentile_conditional_fixed_models_and_windows
paysim,3,P_H_TIME,core,raw,fixed_budget,LR,delta_tp,385.0,160.97500000000002,710.0249999999996,5000,5000,0,pointwise_95_percentile_conditional_fixed_models_and_windows
paysim,3,P_H_TIME,core,raw,fixed_budget,LightGBM,delta_tp,708.0,431.995,932.0049999999999,5000,5000,0,pointwise_95_percentile_conditional_fixed_models_and_windows
paysim,3,P_H_TIME,core,raw,fixed_budget,LR_minus_LightGBM,delta_tp,-323.0,-589.61,143.20499999999993,5000,5000,0,pointwise_95_percentile_conditional_fixed_models_and_windows
paysim,3,P_H_TIME,core,raw,fixed_budget,LR,delta_recall,0.10228480340063767,0.04185811827135044,0.19225035620683908,5000,5000,0,pointwise_95_percentile_conditional_fixed_models_and_windows
paysim,3,P_H_TIME,core,raw,fixed_budget,LightGBM,delta_recall,0.18809776833156222,0.11522339458804524,0.24794591727170462,5000,5000,0,pointwise_95_percentile_conditional_fixed_models_and_windows
paysim,3,P_H_TIME,core,raw,fixed_budget,LR_minus_LightGBM,delta_recall,-0.08581296493092455,-0.15532674757315143,0.03804964647260404,5000,5000,0,pointwise_95_percentile_conditional_fixed_models_and_windows
paysim,3,P_H_TIME,core,clipped,fixed_budget,LR,delta_ap,0.15557646321188617,0.134566644190167,0.196553139043039,5000,5000,0,pointwise_95_percentile_conditional_fixed_models_and_windows
paysim,3,P_H_TIME,core,clipped,fixed_budget,LightGBM,delta_ap,0.06556207572724251,0.05066850226098451,0.0938622199262025,5000,5000,0,pointwise_95_percentile_conditional_fixed_models_and_windows
paysim,3,P_H_TIME,core,clipped,fixed_budget,LR_minus_LightGBM,delta_ap,0.09001438748464366,0.05883116550956548,0.13391559975194087,5000,5000,0,pointwise_95_percentile_conditional_fixed_models_and_windows
paysim,3,P_H_TIME,core,clipped,fixed_budget,LR,delta_tp,385.0,160.97500000000002,710.0249999999996,5000,5000,0,pointwise_95_percentile_conditional_fixed_models_and_windows
paysim,3,P_H_TIME,core,clipped,fixed_budget,LightGBM,delta_tp,708.0,415.175,916.8099999999998,5000,5000,0,pointwise_95_percentile_conditional_fixed_models_and_windows
paysim,3,P_H_TIME,core,clipped,fixed_budget,LR_minus_LightGBM,delta_tp,-323.0,-586.225,158.40999999999983,5000,5000,0,pointwise_95_percentile_conditional_fixed_models_and_windows
paysim,3,P_H_TIME,core,clipped,fixed_budget,LR,delta_recall,0.10228480340063767,0.04185811827135044,0.19225035620683908,5000,5000,0,pointwise_95_percentile_conditional_fixed_models_and_windows
paysim,3,P_H_TIME,core,clipped,fixed_budget,LightGBM,delta_recall,0.18809776833156222,0.10881293992961127,0.2440760140032937,5000,5000,0,pointwise_95_percentile_conditional_fixed_models_and_windows
paysim,3,P_H_TIME,core,clipped,fixed_budget,LR_minus_LightGBM,delta_recall,-0.08581296493092455,-0.15388196285581965,0.04227471223422966,5000,5000,0,pointwise_95_percentile_conditional_fixed_models_and_windows
paysim,3,P_H_TIME,core,platt,fixed_budget,LR,delta_ap,0.15557646321188617,0.134566644190167,0.196553139043039,5000,5000,0,pointwise_95_percentile_conditional_fixed_models_and_windows
paysim,3,P_H_TIME,core,platt,fixed_budget,LightGBM,delta_ap,0.06556207572724251,0.05066850226098451,0.0938622199262025,5000,5000,0,pointwise_95_percentile_conditional_fixed_models_and_windows
paysim,3,P_H_TIME,core,platt,fixed_budget,LR_minus_LightGBM,delta_ap,0.09001438748464366,0.05883116550956548,0.13391559975194087,5000,5000,0,pointwise_95_percentile_conditional_fixed_models_and_windows
paysim,3,P_H_TIME,core,platt,fixed_budget,LR,delta_tp,385.0,160.97500000000002,710.0249999999996,5000,5000,0,pointwise_95_percentile_conditional_fixed_models_and_windows
paysim,3,P_H_TIME,core,platt,fixed_budget,LightGBM,delta_tp,708.0,415.175,916.8099999999998,5000,5000,0,pointwise_95_percentile_conditional_fixed_models_and_windows
paysim,3,P_H_TIME,core,platt,fixed_budget,LR_minus_LightGBM,delta_tp,-323.0,-586.225,158.40999999999983,5000,5000,0,pointwise_95_percentile_conditional_fixed_models_and_windows
paysim,3,P_H_TIME,core,platt,fixed_budget,LR,delta_recall,0.10228480340063767,0.04185811827135044,0.19225035620683908,5000,5000,0,pointwise_95_percentile_conditional_fixed_models_and_windows
paysim,3,P_H_TIME,core,platt,fixed_budget,LightGBM,delta_recall,0.18809776833156222,0.10881293992961127,0.2440760140032937,5000,5000,0,pointwise_95_percentile_conditional_fixed_models_and_windows
paysim,3,P_H_TIME,core,platt,fixed_budget,LR_minus_LightGBM,delta_recall,-0.08581296493092455,-0.15388196285581965,0.04227471223422966,5000,5000,0,pointwise_95_percentile_conditional_fixed_models_and_windows
paysim,3,P_WEIGHT,core,raw,fixed_budget,LR,delta_ap,-0.00024141839077623795,-0.00233271590845803,0.0033591261357411857,5000,5000,0,pointwise_95_percentile_conditional_fixed_models_and_windows
paysim,3,P_WEIGHT,core,raw,fixed_budget,LightGBM,delta_ap,0.04872862255192488,0.03664059271994779,0.06980217426433664,5000,5000,0,pointwise_95_percentile_conditional_fixed_models_and_windows
paysim,3,P_WEIGHT,core,raw,fixed_budget,LR_minus_LightGBM,delta_ap,-0.04897004094270112,-0.06902849296773225,-0.03621906785539362,5000,5000,0,pointwise_95_percentile_conditional_fixed_models_and_windows
paysim,3,P_WEIGHT,core,raw,fixed_budget,LR,delta_tp,-7.0,-16.0,19.0,5000,5000,0,pointwise_95_percentile_conditional_fixed_models_and_windows
paysim,3,P_WEIGHT,core,raw,fixed_budget,LightGBM,delta_tp,39.4,-166.005,756.4099999999999,5000,5000,0,pointwise_95_percentile_conditional_fixed_models_and_windows
paysim,3,P_WEIGHT,core,raw,fixed_budget,LR_minus_LightGBM,delta_tp,-46.4,-749.015,158.60499999999993,5000,5000,0,pointwise_95_percentile_conditional_fixed_models_and_windows
paysim,3,P_WEIGHT,core,raw,fixed_budget,LR,delta_recall,-0.0018597236981934273,-0.004145131440758319,0.005002830853680482,5000,5000,0,pointwise_95_percentile_conditional_fixed_models_and_windows
paysim,3,P_WEIGHT,core,raw,fixed_budget,LightGBM,delta_recall,0.010467587672688582,-0.04362276046844445,0.2018483115318744,5000,5000,0,pointwise_95_percentile_conditional_fixed_models_and_windows
paysim,3,P_WEIGHT,core,raw,fixed_budget,LR_minus_LightGBM,delta_recall,-0.01232731137088201,-0.20026630905459622,0.041929141395829206,5000,5000,0,pointwise_95_percentile_conditional_fixed_models_and_windows
paysim,3,P_WEIGHT,core,clipped,fixed_budget,LR,delta_ap,-0.0002640587283689877,-0.0023489139942401357,0.003342948413914946,5000,5000,0,pointwise_95_percentile_conditional_fixed_models_and_windows
paysim,3,P_WEIGHT,core,clipped,fixed_budget,LightGBM,delta_ap,0.04021336055541335,0.026882152562081294,0.0701275709124058,5000,5000,0,pointwise_95_percentile_conditional_fixed_models_and_windows
paysim,3,P_WEIGHT,core,clipped,fixed_budget,LR_minus_LightGBM,delta_ap,-0.04047741928378234,-0.06931851669586983,-0.02666455514674693,5000,5000,0,pointwise_95_percentile_conditional_fixed_models_and_windows
paysim,3,P_WEIGHT,core,clipped,fixed_budget,LR,delta_tp,-7.0,-16.0,19.0,5000,5000,0,pointwise_95_percentile_conditional_fixed_models_and_windows
paysim,3,P_WEIGHT,core,clipped,fixed_budget,LightGBM,delta_tp,39.4,-166.2,746.8,5000,5000,0,pointwise_95_percentile_conditional_fixed_models_and_windows
paysim,3,P_WEIGHT,core,clipped,fixed_budget,LR_minus_LightGBM,delta_tp,-46.4,-741.005,158.60499999999993,5000,5000,0,pointwise_95_percentile_conditional_fixed_models_and_windows
paysim,3,P_WEIGHT,core,clipped,fixed_budget,LR,delta_recall,-0.0018597236981934273,-0.004145131440758319,0.005002830853680482,5000,5000,0,pointwise_95_percentile_conditional_fixed_models_and_windows
paysim,3,P_WEIGHT,core,clipped,fixed_budget,LightGBM,delta_recall,0.010467587672688582,-0.04362276046844445,0.20000406504065035,5000,5000,0,pointwise_95_percentile_conditional_fixed_models_and_windows
paysim,3,P_WEIGHT,core,clipped,fixed_budget,LR_minus_LightGBM,delta_recall,-0.01232731137088201,-0.19757230388761116,0.041929141395829206,5000,5000,0,pointwise_95_percentile_conditional_fixed_models_and_windows
paysim,3,P_WEIGHT,core,platt,fixed_budget,LR,delta_ap,-0.0002640587283689877,-0.0023489139942401357,0.003342948413914946,5000,5000,0,pointwise_95_percentile_conditional_fixed_models_and_windows
paysim,3,P_WEIGHT,core,platt,fixed_budget,LightGBM,delta_ap,0.04021336055541335,0.026882152562081294,0.0701275709124058,5000,5000,0,pointwise_95_percentile_conditional_fixed_models_and_windows
paysim,3,P_WEIGHT,core,platt,fixed_budget,LR_minus_LightGBM,delta_ap,-0.04047741928378234,-0.06931851669586983,-0.02666455514674693,5000,5000,0,pointwise_95_percentile_conditional_fixed_models_and_windows
paysim,3,P_WEIGHT,core,platt,fixed_budget,LR,delta_tp,-7.0,-16.0,19.0,5000,5000,0,pointwise_95_percentile_conditional_fixed_models_and_windows
paysim,3,P_WEIGHT,core,platt,fixed_budget,LightGBM,delta_tp,39.4,-166.2,746.8,5000,5000,0,pointwise_95_percentile_conditional_fixed_models_and_windows
paysim,3,P_WEIGHT,core,platt,fixed_budget,LR_minus_LightGBM,delta_tp,-46.4,-741.005,158.60499999999993,5000,5000,0,pointwise_95_percentile_conditional_fixed_models_and_windows
paysim,3,P_WEIGHT,core,platt,fixed_budget,LR,delta_recall,-0.0018597236981934273,-0.004145131440758319,0.005002830853680482,5000,5000,0,pointwise_95_percentile_conditional_fixed_models_and_windows
paysim,3,P_WEIGHT,core,platt,fixed_budget,LightGBM,delta_recall,0.010467587672688582,-0.04362276046844445,0.20000406504065035,5000,5000,0,pointwise_95_percentile_conditional_fixed_models_and_windows
paysim,3,P_WEIGHT,core,platt,fixed_budget,LR_minus_LightGBM,delta_recall,-0.01232731137088201,-0.19757230388761116,0.041929141395829206,5000,5000,0,pointwise_95_percentile_conditional_fixed_models_and_windows
paysim,3,P_BUNDLE,auxiliary,raw,fixed_budget,LR,delta_ap,0.2656251135991573,0.22107377893956362,0.32362226620358536,5000,5000,0,pointwise_95_percentile_conditional_fixed_models_and_windows
paysim,3,P_BUNDLE,auxiliary,raw,fixed_budget,LightGBM,delta_ap,-0.125430943318026,-0.18027359429436485,-0.07439000341262206,5000,5000,0,pointwise_95_percentile_conditional_fixed_models_and_windows
paysim,3,P_BUNDLE,auxiliary,raw,fixed_budget,LR_minus_LightGBM,delta_ap,0.3910560569171833,0.3225338665410086,0.4755050240097881,5000,5000,0,pointwise_95_percentile_conditional_fixed_models_and_windows
paysim,3,P_BUNDLE,auxiliary,raw,fixed_budget,LR,delta_tp,1691.0,1108.0,1901.0249999999996,5000,5000,0,pointwise_95_percentile_conditional_fixed_models_and_windows
paysim,3,P_BUNDLE,auxiliary,raw,fixed_budget,LightGBM,delta_tp,973.6,-318.03,1175.0,5000,5000,0,pointwise_95_percentile_conditional_fixed_models_and_windows
paysim,3,P_BUNDLE,auxiliary,raw,fixed_budget,LR_minus_LightGBM,delta_tp,717.4,419.19500000000005,1629.0049999999999,5000,5000,0,pointwise_95_percentile_conditional_fixed_models_and_windows
paysim,3,P_BUNDLE,auxiliary,raw,fixed_budget,LR,delta_recall,0.4492561105207227,0.30021523152486596,0.4952156913457223,5000,5000,0,pointwise_95_percentile_conditional_fixed_models_and_windows
paysim,3,P_BUNDLE,auxiliary,raw,fixed_budget,LightGBM,delta_recall,0.25866099893730077,-0.0833858667086694,0.308861282291811,5000,5000,0,pointwise_95_percentile_conditional_fixed_models_and_windows
paysim,3,P_BUNDLE,auxiliary,raw,fixed_budget,LR_minus_LightGBM,delta_recall,0.1905951115834219,0.1138478496317181,0.43254886478388577,5000,5000,0,pointwise_95_percentile_conditional_fixed_models_and_windows
paysim,3,P_BUNDLE,auxiliary,clipped,fixed_budget,LR,delta_ap,0.26553921944453385,0.22098072602841756,0.3235205624096798,5000,5000,0,pointwise_95_percentile_conditional_fixed_models_and_windows
paysim,3,P_BUNDLE,auxiliary,clipped,fixed_budget,LightGBM,delta_ap,-0.11914145952360092,-0.17413537717411962,-0.0724207660989078,5000,5000,0,pointwise_95_percentile_conditional_fixed_models_and_windows
paysim,3,P_BUNDLE,auxiliary,clipped,fixed_budget,LR_minus_LightGBM,delta_ap,0.38468067896813474,0.32125164421400876,0.4680778234104123,5000,5000,0,pointwise_95_percentile_conditional_fixed_models_and_windows
paysim,3,P_BUNDLE,auxiliary,clipped,fixed_budget,LR,delta_tp,1691.0,1108.0,1901.0249999999996,5000,5000,0,pointwise_95_percentile_conditional_fixed_models_and_windows
paysim,3,P_BUNDLE,auxiliary,clipped,fixed_budget,LightGBM,delta_tp,973.6,-308.705,1175.0,5000,5000,0,pointwise_95_percentile_conditional_fixed_models_and_windows
paysim,3,P_BUNDLE,auxiliary,clipped,fixed_budget,LR_minus_LightGBM,delta_tp,717.4,419.19500000000005,1628.0099999999998,5000,5000,0,pointwise_95_percentile_conditional_fixed_models_and_windows
paysim,3,P_BUNDLE,auxiliary,clipped,fixed_budget,LR,delta_recall,0.4492561105207227,0.30021523152486596,0.4952156913457223,5000,5000,0,pointwise_95_percentile_conditional_fixed_models_and_windows
paysim,3,P_BUNDLE,auxiliary,clipped,fixed_budget,LightGBM,delta_recall,0.25866099893730077,-0.08360823067390201,0.308861282291811,5000,5000,0,pointwise_95_percentile_conditional_fixed_models_and_windows
paysim,3,P_BUNDLE,auxiliary,clipped,fixed_budget,LR_minus_LightGBM,delta_recall,0.1905951115834219,0.1138478496317181,0.430949395542503,5000,5000,0,pointwise_95_percentile_conditional_fixed_models_and_windows
paysim,3,P_BUNDLE,auxiliary,platt,fixed_budget,LR,delta_ap,0.26553921944453385,0.22098072602841756,0.3235205624096798,5000,5000,0,pointwise_95_percentile_conditional_fixed_models_and_windows
paysim,3,P_BUNDLE,auxiliary,platt,fixed_budget,LightGBM,delta_ap,-0.11914145952360092,-0.17413537717411962,-0.0724207660989078,5000,5000,0,pointwise_95_percentile_conditional_fixed_models_and_windows
paysim,3,P_BUNDLE,auxiliary,platt,fixed_budget,LR_minus_LightGBM,delta_ap,0.38468067896813474,0.32125164421400876,0.4680778234104123,5000,5000,0,pointwise_95_percentile_conditional_fixed_models_and_windows
paysim,3,P_BUNDLE,auxiliary,platt,fixed_budget,LR,delta_tp,1691.0,1108.0,1901.0249999999996,5000,5000,0,pointwise_95_percentile_conditional_fixed_models_and_windows
paysim,3,P_BUNDLE,auxiliary,platt,fixed_budget,LightGBM,delta_tp,973.6,-308.705,1175.0,5000,5000,0,pointwise_95_percentile_conditional_fixed_models_and_windows
paysim,3,P_BUNDLE,auxiliary,platt,fixed_budget,LR_minus_LightGBM,delta_tp,717.4,419.19500000000005,1628.0099999999998,5000,5000,0,pointwise_95_percentile_conditional_fixed_models_and_windows
paysim,3,P_BUNDLE,auxiliary,platt,fixed_budget,LR,delta_recall,0.4492561105207227,0.30021523152486596,0.4952156913457223,5000,5000,0,pointwise_95_percentile_conditional_fixed_models_and_windows
paysim,3,P_BUNDLE,auxiliary,platt,fixed_budget,LightGBM,delta_recall,0.25866099893730077,-0.08360823067390201,0.308861282291811,5000,5000,0,pointwise_95_percentile_conditional_fixed_models_and_windows
paysim,3,P_BUNDLE,auxiliary,platt,fixed_budget,LR_minus_LightGBM,delta_recall,0.1905951115834219,0.1138478496317181,0.430949395542503,5000,5000,0,pointwise_95_percentile_conditional_fixed_models_and_windows
paysim,3,P_PRIMARY,auxiliary,raw,fixed_budget,LR,delta_ap,0.26538369520838107,0.22112753735515556,0.3242293552595472,5000,5000,0,pointwise_95_percentile_conditional_fixed_models_and_windows
paysim,3,P_PRIMARY,auxiliary,raw,fixed_budget,LightGBM,delta_ap,-0.07670232076610113,-0.1310330082014823,-0.014260347924490692,5000,5000,0,pointwise_95_percentile_conditional_fixed_models_and_windows
paysim,3,P_PRIMARY,auxiliary,raw,fixed_budget,LR_minus_LightGBM,delta_ap,0.3420860159744822,0.27212965154263985,0.4239450655948328,5000,5000,0,pointwise_95_percentile_conditional_fixed_models_and_windows
paysim,3,P_PRIMARY,auxiliary,raw,fixed_budget,LR,delta_tp,1684.0,1116.0,1898.0249999999996,5000,5000,0,pointwise_95_percentile_conditional_fixed_models_and_windows
paysim,3,P_PRIMARY,auxiliary,raw,fixed_budget,LightGBM,delta_tp,1013.0,230.175,1094.6099999999997,5000,5000,0,pointwise_95_percentile_conditional_fixed_models_and_windows
paysim,3,P_PRIMARY,auxiliary,raw,fixed_budget,LR_minus_LightGBM,delta_tp,671.0,292.995,1108.2649999999992,5000,5000,0,pointwise_95_percentile_conditional_fixed_models_and_windows
paysim,3,P_PRIMARY,auxiliary,raw,fixed_budget,LR,delta_recall,0.44739638682252925,0.3015643729197844,0.4943595272796639,5000,5000,0,pointwise_95_percentile_conditional_fixed_models_and_windows
paysim,3,P_PRIMARY,auxiliary,raw,fixed_budget,LightGBM,delta_recall,0.2691285866099894,0.06184841925382492,0.2900970275857515,5000,5000,0,pointwise_95_percentile_conditional_fixed_models_and_windows
paysim,3,P_PRIMARY,auxiliary,raw,fixed_budget,LR_minus_LightGBM,delta_recall,0.17826780021253985,0.08012713655188022,0.29304146187566416,5000,5000,0,pointwise_95_percentile_conditional_fixed_models_and_windows
paysim,3,P_PRIMARY,auxiliary,clipped,fixed_budget,LR,delta_ap,0.26527516071616486,0.22098948229701115,0.3240459699956449,5000,5000,0,pointwise_95_percentile_conditional_fixed_models_and_windows
paysim,3,P_PRIMARY,auxiliary,clipped,fixed_budget,LightGBM,delta_ap,-0.07892809896818756,-0.13310963256574518,-0.0183751599579654,5000,5000,0,pointwise_95_percentile_conditional_fixed_models_and_windows
paysim,3,P_PRIMARY,auxiliary,clipped,fixed_budget,LR_minus_LightGBM,delta_ap,0.3442032596843524,0.2767811446431961,0.42577812775008317,5000,5000,0,pointwise_95_percentile_conditional_fixed_models_and_windows
paysim,3,P_PRIMARY,auxiliary,clipped,fixed_budget,LR,delta_tp,1684.0,1116.0,1898.0249999999996,5000,5000,0,pointwise_95_percentile_conditional_fixed_models_and_windows
paysim,3,P_PRIMARY,auxiliary,clipped,fixed_budget,LightGBM,delta_tp,1013.0,227.39000000000001,1094.6099999999997,5000,5000,0,pointwise_95_percentile_conditional_fixed_models_and_windows
paysim,3,P_PRIMARY,auxiliary,clipped,fixed_budget,LR_minus_LightGBM,delta_tp,671.0,292.995,1114.654999999999,5000,5000,0,pointwise_95_percentile_conditional_fixed_models_and_windows
paysim,3,P_PRIMARY,auxiliary,clipped,fixed_budget,LR,delta_recall,0.44739638682252925,0.3015643729197844,0.4943595272796639,5000,5000,0,pointwise_95_percentile_conditional_fixed_models_and_windows
paysim,3,P_PRIMARY,auxiliary,clipped,fixed_budget,LightGBM,delta_recall,0.2691285866099894,0.06062830561929556,0.2900970275857515,5000,5000,0,pointwise_95_percentile_conditional_fixed_models_and_windows
paysim,3,P_PRIMARY,auxiliary,clipped,fixed_budget,LR_minus_LightGBM,delta_recall,0.17826780021253985,0.08012713655188022,0.2937858916055532,5000,5000,0,pointwise_95_percentile_conditional_fixed_models_and_windows
paysim,3,P_PRIMARY,auxiliary,platt,fixed_budget,LR,delta_ap,0.26527516071616486,0.22098948229701115,0.3240459699956449,5000,5000,0,pointwise_95_percentile_conditional_fixed_models_and_windows
paysim,3,P_PRIMARY,auxiliary,platt,fixed_budget,LightGBM,delta_ap,-0.07892809896818756,-0.13310963256574518,-0.0183751599579654,5000,5000,0,pointwise_95_percentile_conditional_fixed_models_and_windows
paysim,3,P_PRIMARY,auxiliary,platt,fixed_budget,LR_minus_LightGBM,delta_ap,0.3442032596843524,0.2767811446431961,0.42577812775008317,5000,5000,0,pointwise_95_percentile_conditional_fixed_models_and_windows
paysim,3,P_PRIMARY,auxiliary,platt,fixed_budget,LR,delta_tp,1684.0,1116.0,1898.0249999999996,5000,5000,0,pointwise_95_percentile_conditional_fixed_models_and_windows
paysim,3,P_PRIMARY,auxiliary,platt,fixed_budget,LightGBM,delta_tp,1013.0,227.39000000000001,1094.6099999999997,5000,5000,0,pointwise_95_percentile_conditional_fixed_models_and_windows
paysim,3,P_PRIMARY,auxiliary,platt,fixed_budget,LR_minus_LightGBM,delta_tp,671.0,292.995,1114.654999999999,5000,5000,0,pointwise_95_percentile_conditional_fixed_models_and_windows
paysim,3,P_PRIMARY,auxiliary,platt,fixed_budget,LR,delta_recall,0.44739638682252925,0.3015643729197844,0.4943595272796639,5000,5000,0,pointwise_95_percentile_conditional_fixed_models_and_windows
paysim,3,P_PRIMARY,auxiliary,platt,fixed_budget,LightGBM,delta_recall,0.2691285866099894,0.06062830561929556,0.2900970275857515,5000,5000,0,pointwise_95_percentile_conditional_fixed_models_and_windows
paysim,3,P_PRIMARY,auxiliary,platt,fixed_budget,LR_minus_LightGBM,delta_recall,0.17826780021253985,0.08012713655188022,0.2937858916055532,5000,5000,0,pointwise_95_percentile_conditional_fixed_models_and_windows
paysim,3,P_PRIMARY,auxiliary,platt,threshold_transfer,LR,delta_ap,0.26527516071616486,0.22098948229701115,0.3240459699956449,5000,5000,0,pointwise_95_percentile_conditional_fixed_models_and_windows
paysim,3,P_PRIMARY,auxiliary,platt,threshold_transfer,LightGBM,delta_ap,-0.07892809896818756,-0.13310963256574518,-0.0183751599579654,5000,5000,0,pointwise_95_percentile_conditional_fixed_models_and_windows
paysim,3,P_PRIMARY,auxiliary,platt,threshold_transfer,LR_minus_LightGBM,delta_ap,0.3442032596843524,0.2767811446431961,0.42577812775008317,5000,5000,0,pointwise_95_percentile_conditional_fixed_models_and_windows
paysim,3,P_PRIMARY,auxiliary,platt,threshold_transfer,LR,delta_recall,0.3299681190223167,0.275,0.38979638726436927,5000,5000,0,pointwise_95_percentile_conditional_fixed_models_and_windows
paysim,3,P_PRIMARY,auxiliary,platt,threshold_transfer,LightGBM,delta_recall,0.410308182784272,0.37767964009287813,0.447151080633183,5000,5000,0,pointwise_95_percentile_conditional_fixed_models_and_windows
paysim,3,P_PRIMARY,auxiliary,platt,threshold_transfer,LR_minus_LightGBM,delta_recall,-0.0803400637619553,-0.12735356817816657,-0.030436414304527832,5000,5000,0,pointwise_95_percentile_conditional_fixed_models_and_windows
paysim,3,P_PRIMARY,auxiliary,platt,threshold_transfer,LR,cost_reduction,121659.0,99822.825,145610.05,5000,5000,0,pointwise_95_percentile_conditional_fixed_models_and_windows
paysim,3,P_PRIMARY,auxiliary,platt,threshold_transfer,LightGBM,cost_reduction,138963.4,124062.66,154682.435,5000,5000,0,pointwise_95_percentile_conditional_fixed_models_and_windows
paysim,3,P_PRIMARY,auxiliary,platt,threshold_transfer,LR_minus_LightGBM,cost_reduction,-17304.399999999994,-33298.465,757.5749999999916,5000,5000,0,pointwise_95_percentile_conditional_fixed_models_and_windows
paysim,3,P_PRIMARY,auxiliary,platt,threshold_transfer,LR,delta_alert_rate,0.005941359115345291,0.003506070148328484,0.010433819343597349,5000,5000,0,pointwise_95_percentile_conditional_fixed_models_and_windows
paysim,3,P_PRIMARY,auxiliary,platt,threshold_transfer,LightGBM,delta_alert_rate,0.026732189664893526,0.018393620811387585,0.052124378611259,5000,5000,0,pointwise_95_percentile_conditional_fixed_models_and_windows
paysim,3,P_PRIMARY,auxiliary,platt,threshold_transfer,LR_minus_LightGBM,delta_alert_rate,-0.020790830549548237,-0.04315403802470186,-0.014071045168893887,5000,5000,0,pointwise_95_percentile_conditional_fixed_models_and_windows
