dataset,fold,model,lgbm_seed,id_time_label_hash,rows,aligned
paysim,1,P0,42,6710cf7d8c2811cfc138ccf5e56dc980aaf3cbcf4ccf07afee7faba34b2899f1,642661,True
paysim,1,P0,52,6710cf7d8c2811cfc138ccf5e56dc980aaf3cbcf4ccf07afee7faba34b2899f1,642661,True
paysim,1,P0,62,6710cf7d8c2811cfc138ccf5e56dc980aaf3cbcf4ccf07afee7faba34b2899f1,642661,True
paysim,1,P0,72,6710cf7d8c2811cfc138ccf5e56dc980aaf3cbcf4ccf07afee7faba34b2899f1,642661,True
paysim,1,P0,82,6710cf7d8c2811cfc138ccf5e56dc980aaf3cbcf4ccf07afee7faba34b2899f1,642661,True
paysim,1,PT,42,6710cf7d8c2811cfc138ccf5e56dc980aaf3cbcf4ccf07afee7faba34b2899f1,642661,True
paysim,1,PT,52,6710cf7d8c2811cfc138ccf5e56dc980aaf3cbcf4ccf07afee7faba34b2899f1,642661,True
paysim,1,PT,62,6710cf7d8c2811cfc138ccf5e56dc980aaf3cbcf4ccf07afee7faba34b2899f1,642661,True
paysim,1,PT,72,6710cf7d8c2811cfc138ccf5e56dc980aaf3cbcf4ccf07afee7faba34b2899f1,642661,True
paysim,1,PT,82,6710cf7d8c2811cfc138ccf5e56dc980aaf3cbcf4ccf07afee7faba34b2899f1,642661,True
paysim,1,PH,42,6710cf7d8c2811cfc138ccf5e56dc980aaf3cbcf4ccf07afee7faba34b2899f1,642661,True
paysim,1,PH,52,6710cf7d8c2811cfc138ccf5e56dc980aaf3cbcf4ccf07afee7faba34b2899f1,642661,True
paysim,1,PH,62,6710cf7d8c2811cfc138ccf5e56dc980aaf3cbcf4ccf07afee7faba34b2899f1,642661,True
paysim,1,PH,72,6710cf7d8c2811cfc138ccf5e56dc980aaf3cbcf4ccf07afee7faba34b2899f1,642661,True
paysim,1,PH,82,6710cf7d8c2811cfc138ccf5e56dc980aaf3cbcf4ccf07afee7faba34b2899f1,642661,True
paysim,1,PTH,42,6710cf7d8c2811cfc138ccf5e56dc980aaf3cbcf4ccf07afee7faba34b2899f1,642661,True
paysim,1,PTH,52,6710cf7d8c2811cfc138ccf5e56dc980aaf3cbcf4ccf07afee7faba34b2899f1,642661,True
paysim,1,PTH,62,6710cf7d8c2811cfc138ccf5e56dc980aaf3cbcf4ccf07afee7faba34b2899f1,642661,True
paysim,1,PTH,72,6710cf7d8c2811cfc138ccf5e56dc980aaf3cbcf4ccf07afee7faba34b2899f1,642661,True
paysim,1,PTH,82,6710cf7d8c2811cfc138ccf5e56dc980aaf3cbcf4ccf07afee7faba34b2899f1,642661,True
paysim,1,PTHW,42,6710cf7d8c2811cfc138ccf5e56dc980aaf3cbcf4ccf07afee7faba34b2899f1,642661,True
paysim,1,PTHW,52,6710cf7d8c2811cfc138ccf5e56dc980aaf3cbcf4ccf07afee7faba34b2899f1,642661,True
paysim,1,PTHW,62,6710cf7d8c2811cfc138ccf5e56dc980aaf3cbcf4ccf07afee7faba34b2899f1,642661,True
paysim,1,PTHW,72,6710cf7d8c2811cfc138ccf5e56dc980aaf3cbcf4ccf07afee7faba34b2899f1,642661,True
paysim,1,PTHW,82,6710cf7d8c2811cfc138ccf5e56dc980aaf3cbcf4ccf07afee7faba34b2899f1,642661,True
paysim,2,P0,42,027cb18b2804f8a0e1a6f1bb4b11d2d438e68af6f36502bbdb2d2332336d0d7f,605510,True
paysim,2,P0,52,027cb18b2804f8a0e1a6f1bb4b11d2d438e68af6f36502bbdb2d2332336d0d7f,605510,True
paysim,2,P0,62,027cb18b2804f8a0e1a6f1bb4b11d2d438e68af6f36502bbdb2d2332336d0d7f,605510,True
paysim,2,P0,72,027cb18b2804f8a0e1a6f1bb4b11d2d438e68af6f36502bbdb2d2332336d0d7f,605510,True
paysim,2,P0,82,027cb18b2804f8a0e1a6f1bb4b11d2d438e68af6f36502bbdb2d2332336d0d7f,605510,True
paysim,2,PT,42,027cb18b2804f8a0e1a6f1bb4b11d2d438e68af6f36502bbdb2d2332336d0d7f,605510,True
paysim,2,PT,52,027cb18b2804f8a0e1a6f1bb4b11d2d438e68af6f36502bbdb2d2332336d0d7f,605510,True
paysim,2,PT,62,027cb18b2804f8a0e1a6f1bb4b11d2d438e68af6f36502bbdb2d2332336d0d7f,605510,True
paysim,2,PT,72,027cb18b2804f8a0e1a6f1bb4b11d2d438e68af6f36502bbdb2d2332336d0d7f,605510,True
paysim,2,PT,82,027cb18b2804f8a0e1a6f1bb4b11d2d438e68af6f36502bbdb2d2332336d0d7f,605510,True
paysim,2,PH,42,027cb18b2804f8a0e1a6f1bb4b11d2d438e68af6f36502bbdb2d2332336d0d7f,605510,True
paysim,2,PH,52,027cb18b2804f8a0e1a6f1bb4b11d2d438e68af6f36502bbdb2d2332336d0d7f,605510,True
paysim,2,PH,62,027cb18b2804f8a0e1a6f1bb4b11d2d438e68af6f36502bbdb2d2332336d0d7f,605510,True
paysim,2,PH,72,027cb18b2804f8a0e1a6f1bb4b11d2d438e68af6f36502bbdb2d2332336d0d7f,605510,True
paysim,2,PH,82,027cb18b2804f8a0e1a6f1bb4b11d2d438e68af6f36502bbdb2d2332336d0d7f,605510,True
paysim,2,PTH,42,027cb18b2804f8a0e1a6f1bb4b11d2d438e68af6f36502bbdb2d2332336d0d7f,605510,True
paysim,2,PTH,52,027cb18b2804f8a0e1a6f1bb4b11d2d438e68af6f36502bbdb2d2332336d0d7f,605510,True
paysim,2,PTH,62,027cb18b2804f8a0e1a6f1bb4b11d2d438e68af6f36502bbdb2d2332336d0d7f,605510,True
paysim,2,PTH,72,027cb18b2804f8a0e1a6f1bb4b11d2d438e68af6f36502bbdb2d2332336d0d7f,605510,True
paysim,2,PTH,82,027cb18b2804f8a0e1a6f1bb4b11d2d438e68af6f36502bbdb2d2332336d0d7f,605510,True
paysim,2,PTHW,42,027cb18b2804f8a0e1a6f1bb4b11d2d438e68af6f36502bbdb2d2332336d0d7f,605510,True
paysim,2,PTHW,52,027cb18b2804f8a0e1a6f1bb4b11d2d438e68af6f36502bbdb2d2332336d0d7f,605510,True
paysim,2,PTHW,62,027cb18b2804f8a0e1a6f1bb4b11d2d438e68af6f36502bbdb2d2332336d0d7f,605510,True
paysim,2,PTHW,72,027cb18b2804f8a0e1a6f1bb4b11d2d438e68af6f36502bbdb2d2332336d0d7f,605510,True
paysim,2,PTHW,82,027cb18b2804f8a0e1a6f1bb4b11d2d438e68af6f36502bbdb2d2332336d0d7f,605510,True
paysim,3,P0,42,b0911f704e6c384efb1316d3d1b6c1faec6c4890c207c07ceff000700a1a8219,636723,True
paysim,3,P0,52,b0911f704e6c384efb1316d3d1b6c1faec6c4890c207c07ceff000700a1a8219,636723,True
paysim,3,P0,62,b0911f704e6c384efb1316d3d1b6c1faec6c4890c207c07ceff000700a1a8219,636723,True
paysim,3,P0,72,b0911f704e6c384efb1316d3d1b6c1faec6c4890c207c07ceff000700a1a8219,636723,True
paysim,3,P0,82,b0911f704e6c384efb1316d3d1b6c1faec6c4890c207c07ceff000700a1a8219,636723,True
paysim,3,PT,42,b0911f704e6c384efb1316d3d1b6c1faec6c4890c207c07ceff000700a1a8219,636723,True
paysim,3,PT,52,b0911f704e6c384efb1316d3d1b6c1faec6c4890c207c07ceff000700a1a8219,636723,True
paysim,3,PT,62,b0911f704e6c384efb1316d3d1b6c1faec6c4890c207c07ceff000700a1a8219,636723,True
paysim,3,PT,72,b0911f704e6c384efb1316d3d1b6c1faec6c4890c207c07ceff000700a1a8219,636723,True
paysim,3,PT,82,b0911f704e6c384efb1316d3d1b6c1faec6c4890c207c07ceff000700a1a8219,636723,True
paysim,3,PH,42,b0911f704e6c384efb1316d3d1b6c1faec6c4890c207c07ceff000700a1a8219,636723,True
paysim,3,PH,52,b0911f704e6c384efb1316d3d1b6c1faec6c4890c207c07ceff000700a1a8219,636723,True
paysim,3,PH,62,b0911f704e6c384efb1316d3d1b6c1faec6c4890c207c07ceff000700a1a8219,636723,True
paysim,3,PH,72,b0911f704e6c384efb1316d3d1b6c1faec6c4890c207c07ceff000700a1a8219,636723,True
paysim,3,PH,82,b0911f704e6c384efb1316d3d1b6c1faec6c4890c207c07ceff000700a1a8219,636723,True
paysim,3,PTH,42,b0911f704e6c384efb1316d3d1b6c1faec6c4890c207c07ceff000700a1a8219,636723,True
paysim,3,PTH,52,b0911f704e6c384efb1316d3d1b6c1faec6c4890c207c07ceff000700a1a8219,636723,True
paysim,3,PTH,62,b0911f704e6c384efb1316d3d1b6c1faec6c4890c207c07ceff000700a1a8219,636723,True
paysim,3,PTH,72,b0911f704e6c384efb1316d3d1b6c1faec6c4890c207c07ceff000700a1a8219,636723,True
paysim,3,PTH,82,b0911f704e6c384efb1316d3d1b6c1faec6c4890c207c07ceff000700a1a8219,636723,True
paysim,3,PTHW,42,b0911f704e6c384efb1316d3d1b6c1faec6c4890c207c07ceff000700a1a8219,636723,True
paysim,3,PTHW,52,b0911f704e6c384efb1316d3d1b6c1faec6c4890c207c07ceff000700a1a8219,636723,True
paysim,3,PTHW,62,b0911f704e6c384efb1316d3d1b6c1faec6c4890c207c07ceff000700a1a8219,636723,True
paysim,3,PTHW,72,b0911f704e6c384efb1316d3d1b6c1faec6c4890c207c07ceff000700a1a8219,636723,True
paysim,3,PTHW,82,b0911f704e6c384efb1316d3d1b6c1faec6c4890c207c07ceff000700a1a8219,636723,True
