dataset,fold,model,family,seed,score_stage,ap,unique_scores,tied_rows,low_saturated,high_saturated,n,frauds,q,alerts,tp,recall,precision,cost,boundary_score,above_tp,tie_n,tie_frauds,remaining,tp_min,tp_max,tp_expectation,split_tie,range_type
ieee_cis,1,M0,LR,0,raw_probability,0.29397911155031803,59053,2,42,20,59054,2094,0.01,591,373,0.1781279847182426,0.6311336717428088,172318,0.8664363776500961,373,1,0,1,373,373,373.0,False,offline_attainable_single_model_not_CI
ieee_cis,1,M0,LR,0,raw_probability,0.29397911155031803,59053,2,42,20,59054,2094,0.03,1772,616,0.2941738299904489,0.3476297968397291,148956,0.4444555534281141,616,1,0,1,616,616,616.0,False,offline_attainable_single_model_not_CI
ieee_cis,1,M0,LR,0,raw_probability,0.29397911155031803,59053,2,42,20,59054,2094,0.05,2953,786,0.3753581661891118,0.2661699966136133,132967,0.2665697129477505,785,1,1,1,786,786,786.0,False,offline_attainable_single_model_not_CI
ieee_cis,1,M0,LR,0,raw_probability,0.29397911155031803,59053,2,42,20,59054,2094,0.1,5906,1020,0.4871060171919771,0.17270572299356587,112286,0.1256292497332815,1020,1,0,1,1020,1020,1020.0,False,offline_attainable_single_model_not_CI
ieee_cis,1,M0,LightGBM,42,raw_probability,0.4666458245204805,57772,2117,0,0,59054,2094,0.01,591,513,0.24498567335243554,0.868020304568528,158178,0.6202361668798215,512,1,1,1,513,513,513.0,False,offline_attainable_single_model_not_CI
ieee_cis,1,M0,LightGBM,42,raw_probability,0.4666458245204805,57772,2117,0,0,59054,2094,0.03,1772,891,0.42550143266475643,0.5028216704288939,121181,0.1773345746283934,891,1,0,1,891,891,891.0,False,offline_attainable_single_model_not_CI
ieee_cis,1,M0,LightGBM,42,raw_probability,0.4666458245204805,57772,2117,0,0,59054,2094,0.05,2953,1034,0.49379178605539636,0.3501523874026414,107919,0.10740961223095609,1034,1,0,1,1034,1034,1034.0,False,offline_attainable_single_model_not_CI
ieee_cis,1,M0,LightGBM,42,raw_probability,0.4666458245204805,57772,2117,0,0,59054,2094,0.1,5906,1298,0.6198662846227316,0.219776498476126,84208,0.0544235495186185,1298,1,0,1,1298,1298,1298.0,False,offline_attainable_single_model_not_CI
ieee_cis,1,M0,LightGBM,52,raw_probability,0.47068688359363126,57835,2095,0,0,59054,2094,0.01,591,517,0.24689589302769818,0.8747884940778342,157774,0.6278453953344711,516,1,1,1,517,517,517.0,False,offline_attainable_single_model_not_CI
ieee_cis,1,M0,LightGBM,52,raw_probability,0.47068688359363126,57835,2095,0,0,59054,2094,0.03,1772,887,0.4235912129894938,0.5005643340857788,121585,0.17275406913514538,887,1,0,1,887,887,887.0,False,offline_attainable_single_model_not_CI
ieee_cis,1,M0,LightGBM,52,raw_probability,0.47068688359363126,57835,2095,0,0,59054,2094,0.05,2953,1038,0.49570200573065903,0.351506942092787,107515,0.10549334629287871,1038,1,0,1,1038,1038,1038.0,False,offline_attainable_single_model_not_CI
ieee_cis,1,M0,LightGBM,52,raw_probability,0.47068688359363126,57835,2095,0,0,59054,2094,0.1,5906,1291,0.6165234001910219,0.21859126312224855,84915,0.0552855762589546,1291,1,0,1,1291,1291,1291.0,False,offline_attainable_single_model_not_CI
ieee_cis,1,M0,LightGBM,62,raw_probability,0.47382992147315617,58045,1740,0,0,59054,2094,0.01,591,521,0.24880611270296085,0.8815566835871405,157370,0.6495278457780077,521,1,0,1,521,521,521.0,False,offline_attainable_single_model_not_CI
ieee_cis,1,M0,LightGBM,62,raw_probability,0.47382992147315617,58045,1740,0,0,59054,2094,0.03,1772,893,0.4264565425023878,0.5039503386004515,120979,0.17226957936233778,893,1,0,1,893,893,893.0,False,offline_attainable_single_model_not_CI
ieee_cis,1,M0,LightGBM,62,raw_probability,0.47382992147315617,58045,1740,0,0,59054,2094,0.05,2953,1039,0.4961795606494747,0.3518455807653234,107414,0.10518475237817593,1039,1,0,1,1039,1039,1039.0,False,offline_attainable_single_model_not_CI
ieee_cis,1,M0,LightGBM,62,raw_probability,0.47382992147315617,58045,1740,0,0,59054,2094,0.1,5906,1280,0.6112702960840497,0.21672875042329834,86026,0.05426901936685295,1280,1,0,1,1280,1280,1280.0,False,offline_attainable_single_model_not_CI
ieee_cis,1,M0,LightGBM,72,raw_probability,0.4688779531235282,58063,1703,0,0,59054,2094,0.01,591,516,0.24641833810888253,0.8730964467005076,157875,0.6290145926748935,515,1,1,1,516,516,516.0,False,offline_attainable_single_model_not_CI
ieee_cis,1,M0,LightGBM,72,raw_probability,0.4688779531235282,58063,1703,0,0,59054,2094,0.03,1772,886,0.42311365807067813,0.5,121686,0.1851075267833301,886,1,0,1,886,886,886.0,False,offline_attainable_single_model_not_CI
ieee_cis,1,M0,LightGBM,72,raw_probability,0.4688779531235282,58063,1703,0,0,59054,2094,0.05,2953,1025,0.4894937917860554,0.3471046393498137,108828,0.11270167381046331,1025,1,0,1,1025,1025,1025.0,False,offline_attainable_single_model_not_CI
ieee_cis,1,M0,LightGBM,72,raw_probability,0.4688779531235282,58063,1703,0,0,59054,2094,0.1,5906,1284,0.6131805157593123,0.21740602776837115,85622,0.05725382515866065,1284,1,0,1,1284,1284,1284.0,False,offline_attainable_single_model_not_CI
ieee_cis,1,M0,LightGBM,82,raw_probability,0.46766514644755713,58023,1778,0,0,59054,2094,0.01,591,518,0.24737344794651384,0.8764805414551607,157673,0.6533451955144426,517,1,1,1,518,518,518.0,False,offline_attainable_single_model_not_CI
ieee_cis,1,M0,LightGBM,82,raw_probability,0.46766514644755713,58023,1778,0,0,59054,2094,0.03,1772,902,0.43075453677172876,0.5090293453724605,120070,0.18029903904364813,902,1,0,1,902,902,902.0,False,offline_attainable_single_model_not_CI
ieee_cis,1,M0,LightGBM,82,raw_probability,0.46766514644755713,58023,1778,0,0,59054,2094,0.05,2953,1021,0.48758357211079273,0.3457500846596681,109232,0.11028601010406483,1021,1,0,1,1021,1021,1021.0,False,offline_attainable_single_model_not_CI
ieee_cis,1,M0,LightGBM,82,raw_probability,0.46766514644755713,58023,1778,0,0,59054,2094,0.1,5906,1265,0.6041069723018148,0.21418896037927532,87541,0.05811317827140466,1264,1,1,1,1265,1265,1265.0,False,offline_attainable_single_model_not_CI
ieee_cis,1,M1,LR,0,raw_probability,0.285931537474506,59053,2,42,20,59054,2094,0.01,591,356,0.17000955109837632,0.6023688663282571,174035,0.8761365595341906,356,1,0,1,356,356,356.0,False,offline_attainable_single_model_not_CI
ieee_cis,1,M1,LR,0,raw_probability,0.285931537474506,59053,2,42,20,59054,2094,0.03,1772,609,0.29083094555873923,0.34367945823927765,149663,0.44597920311125144,609,1,0,1,609,609,609.0,False,offline_attainable_single_model_not_CI
ieee_cis,1,M1,LR,0,raw_probability,0.285931537474506,59053,2,42,20,59054,2094,0.05,2953,778,0.37153772683858644,0.26346088723332206,133775,0.2611716027800651,777,1,1,1,778,778,778.0,False,offline_attainable_single_model_not_CI
ieee_cis,1,M1,LR,0,raw_probability,0.285931537474506,59053,2,42,20,59054,2094,0.1,5906,1024,0.4890162368672397,0.17338300033863868,111882,0.12296008873134517,1024,1,0,1,1024,1024,1024.0,False,offline_attainable_single_model_not_CI
ieee_cis,1,M1,LightGBM,42,raw_probability,0.47252469326763985,58305,1339,0,0,59054,2094,0.01,591,520,0.24832855778414517,0.8798646362098139,157471,0.6185121264965523,520,1,0,1,520,520,520.0,False,offline_attainable_single_model_not_CI
ieee_cis,1,M1,LightGBM,42,raw_probability,0.47252469326763985,58305,1339,0,0,59054,2094,0.03,1772,899,0.42932187201528177,0.5073363431151241,120373,0.18293033702687506,899,1,0,1,899,899,899.0,False,offline_attainable_single_model_not_CI
ieee_cis,1,M1,LightGBM,42,raw_probability,0.47252469326763985,58305,1339,0,0,59054,2094,0.05,2953,1056,0.504297994269341,0.3576024381984423,105697,0.10929237189118604,1055,1,1,1,1056,1056,1056.0,False,offline_attainable_single_model_not_CI
ieee_cis,1,M1,LightGBM,42,raw_probability,0.47252469326763985,58305,1339,0,0,59054,2094,0.1,5906,1278,0.6103151862464183,0.21639011175076195,86228,0.05513785727516008,1278,1,0,1,1278,1278,1278.0,False,offline_attainable_single_model_not_CI
ieee_cis,1,M1,LightGBM,52,raw_probability,0.47323208236467024,58415,1090,0,0,59054,2094,0.01,591,509,0.24307545367717287,0.8612521150592216,158582,0.6195931842168263,508,1,1,1,509,509,509.0,False,offline_attainable_single_model_not_CI
ieee_cis,1,M1,LightGBM,52,raw_probability,0.47323208236467024,58415,1090,0,0,59054,2094,0.03,1772,901,0.4302769818529131,0.5084650112866818,120171,0.182038254668752,901,1,0,1,901,901,901.0,False,offline_attainable_single_model_not_CI
ieee_cis,1,M1,LightGBM,52,raw_probability,0.47323208236467024,58415,1090,0,0,59054,2094,0.05,2953,1065,0.5085959885386819,0.3606501862512699,104788,0.11089273718846347,1065,1,0,1,1065,1065,1065.0,False,offline_attainable_single_model_not_CI
ieee_cis,1,M1,LightGBM,52,raw_probability,0.47323208236467024,58415,1090,0,0,59054,2094,0.1,5906,1308,0.6246418338108882,0.221469691838808,83198,0.05747290927194132,1308,1,0,1,1308,1308,1308.0,False,offline_attainable_single_model_not_CI
ieee_cis,1,M1,LightGBM,62,raw_probability,0.472985193196763,58174,1424,0,0,59054,2094,0.01,591,515,0.24594078319006685,0.871404399323181,157976,0.6299596600042853,515,1,0,1,515,515,515.0,False,offline_attainable_single_model_not_CI
ieee_cis,1,M1,LightGBM,62,raw_probability,0.472985193196763,58174,1424,0,0,59054,2094,0.03,1772,899,0.42932187201528177,0.5073363431151241,120373,0.1810233785269521,899,1,0,1,899,899,899.0,False,offline_attainable_single_model_not_CI
ieee_cis,1,M1,LightGBM,62,raw_probability,0.472985193196763,58174,1424,0,0,59054,2094,0.05,2953,1052,0.5023877745940784,0.35624788350829667,106101,0.11261614817837337,1052,1,0,1,1052,1052,1052.0,False,offline_attainable_single_model_not_CI
ieee_cis,1,M1,LightGBM,62,raw_probability,0.472985193196763,58174,1424,0,0,59054,2094,0.1,5906,1316,0.6284622731614136,0.2228242465289536,82390,0.05741752676981446,1316,1,0,1,1316,1316,1316.0,False,offline_attainable_single_model_not_CI
ieee_cis,1,M1,LightGBM,72,raw_probability,0.4657094139055373,58345,1207,0,0,59054,2094,0.01,591,506,0.24164278892072588,0.856175972927242,158885,0.6055041169073042,506,1,0,1,506,506,506.0,False,offline_attainable_single_model_not_CI
ieee_cis,1,M1,LightGBM,72,raw_probability,0.4657094139055373,58345,1207,0,0,59054,2094,0.03,1772,874,0.4173829990448902,0.4932279909706546,122898,0.18904820560354005,874,1,0,1,874,874,874.0,False,offline_attainable_single_model_not_CI
ieee_cis,1,M1,LightGBM,72,raw_probability,0.4657094139055373,58345,1207,0,0,59054,2094,0.05,2953,1043,0.49808978032473733,0.353200135455469,107010,0.11447651823752807,1043,1,0,1,1043,1043,1043.0,False,offline_attainable_single_model_not_CI
ieee_cis,1,M1,LightGBM,72,raw_probability,0.4657094139055373,58345,1207,0,0,59054,2094,0.1,5906,1290,0.6160458452722063,0.21842194378598037,85016,0.059111512636868216,1290,1,0,1,1290,1290,1290.0,False,offline_attainable_single_model_not_CI
ieee_cis,1,M1,LightGBM,82,raw_probability,0.4780500429429249,58229,1397,0,0,59054,2094,0.01,591,517,0.24689589302769818,0.8747884940778342,157774,0.6186737874270832,516,1,1,1,517,517,517.0,False,offline_attainable_single_model_not_CI
ieee_cis,1,M1,LightGBM,82,raw_probability,0.4780500429429249,58229,1397,0,0,59054,2094,0.03,1772,903,0.43123209169054444,0.5095936794582393,119969,0.18526259527713704,902,1,1,1,903,903,903.0,False,offline_attainable_single_model_not_CI
ieee_cis,1,M1,LightGBM,82,raw_probability,0.4780500429429249,58229,1397,0,0,59054,2094,0.05,2953,1064,0.5081184336198663,0.3603115475787335,104889,0.11216143406508183,1064,1,0,1,1064,1064,1064.0,False,offline_attainable_single_model_not_CI
ieee_cis,1,M1,LightGBM,82,raw_probability,0.4780500429429249,58229,1397,0,0,59054,2094,0.1,5906,1300,0.620821394460363,0.22011513714866238,84006,0.05735382711712261,1300,1,0,1,1300,1300,1300.0,False,offline_attainable_single_model_not_CI
ieee_cis,1,M2,LR,0,raw_probability,0.2899555638495324,59053,2,39,24,59054,2094,0.01,591,371,0.17717287488061126,0.6277495769881557,172520,0.9222765582524546,371,1,0,1,371,371,371.0,False,offline_attainable_single_model_not_CI
ieee_cis,1,M2,LR,0,raw_probability,0.2899555638495324,59053,2,39,24,59054,2094,0.03,1772,620,0.29608404966571156,0.34988713318284426,148552,0.5988932217165119,620,1,0,1,620,620,620.0,False,offline_attainable_single_model_not_CI
ieee_cis,1,M2,LR,0,raw_probability,0.2899555638495324,59053,2,39,24,59054,2094,0.05,2953,777,0.37106017191977075,0.26312224856078564,133876,0.4054884642102051,777,1,0,1,777,777,777.0,False,offline_attainable_single_model_not_CI
ieee_cis,1,M2,LR,0,raw_probability,0.2899555638495324,59053,2,39,24,59054,2094,0.1,5906,1021,0.48758357211079273,0.17287504232983406,112185,0.21357000589689817,1021,1,0,1,1021,1021,1021.0,False,offline_attainable_single_model_not_CI
ieee_cis,1,M2,LightGBM,42,raw_probability,0.47185791043963743,58463,1007,0,0,59054,2094,0.01,591,526,0.2511938872970392,0.8900169204737732,156865,0.7300518878794042,526,1,0,1,526,526,526.0,False,offline_attainable_single_model_not_CI
ieee_cis,1,M2,LightGBM,42,raw_probability,0.47185791043963743,58463,1007,0,0,59054,2094,0.03,1772,876,0.4183381088825215,0.49435665914221216,122696,0.28878622929269665,875,1,1,1,876,876,876.0,False,offline_attainable_single_model_not_CI
ieee_cis,1,M2,LightGBM,42,raw_probability,0.47185791043963743,58463,1007,0,0,59054,2094,0.05,2953,1042,0.4976122254059217,0.3528614967829326,107111,0.18882009304270195,1042,1,0,1,1042,1042,1042.0,False,offline_attainable_single_model_not_CI
ieee_cis,1,M2,LightGBM,42,raw_probability,0.47185791043963743,58463,1007,0,0,59054,2094,0.1,5906,1304,0.6227316141356256,0.22079241449373518,83602,0.10168677573798585,1304,1,0,1,1304,1304,1304.0,False,offline_attainable_single_model_not_CI
ieee_cis,1,M2,LightGBM,52,raw_probability,0.4655204408721873,58541,869,0,0,59054,2094,0.01,591,509,0.24307545367717287,0.8612521150592216,158582,0.722463417799908,508,1,1,1,509,509,509.0,False,offline_attainable_single_model_not_CI
ieee_cis,1,M2,LightGBM,52,raw_probability,0.4655204408721873,58541,869,0,0,59054,2094,0.03,1772,872,0.4164278892072588,0.49209932279909707,123100,0.2999880427657262,872,1,0,1,872,872,872.0,False,offline_attainable_single_model_not_CI
ieee_cis,1,M2,LightGBM,52,raw_probability,0.4655204408721873,58541,869,0,0,59054,2094,0.05,2953,1033,0.4933142311365807,0.34981374873010496,108020,0.198743988545465,1033,1,0,1,1033,1033,1033.0,False,offline_attainable_single_model_not_CI
ieee_cis,1,M2,LightGBM,52,raw_probability,0.4655204408721873,58541,869,0,0,59054,2094,0.1,5906,1294,0.6179560649474689,0.21909922113105318,84612,0.10828162161514497,1294,1,0,1,1294,1294,1294.0,False,offline_attainable_single_model_not_CI
ieee_cis,1,M2,LightGBM,62,raw_probability,0.46485652603900607,58481,980,0,0,59054,2094,0.01,591,510,0.24355300859598855,0.8629441624365483,158481,0.7049626115065827,510,1,0,1,510,510,510.0,False,offline_attainable_single_model_not_CI
ieee_cis,1,M2,LightGBM,62,raw_probability,0.46485652603900607,58481,980,0,0,59054,2094,0.03,1772,873,0.4169054441260745,0.49266365688487584,122999,0.2975923596754894,873,1,0,1,873,873,873.0,False,offline_attainable_single_model_not_CI
ieee_cis,1,M2,LightGBM,62,raw_probability,0.46485652603900607,58481,980,0,0,59054,2094,0.05,2953,1043,0.49808978032473733,0.353200135455469,107010,0.19252244926391726,1043,1,0,1,1043,1043,1043.0,False,offline_attainable_single_model_not_CI
ieee_cis,1,M2,LightGBM,62,raw_probability,0.46485652603900607,58481,980,0,0,59054,2094,0.1,5906,1312,0.626552053486151,0.2221469691838808,82794,0.10245377953192154,1312,1,0,1,1312,1312,1312.0,False,offline_attainable_single_model_not_CI
ieee_cis,1,M2,LightGBM,72,raw_probability,0.46790622999061726,58284,1328,0,0,59054,2094,0.01,591,522,0.2492836676217765,0.883248730964467,157269,0.7226540974819857,521,1,1,1,522,522,522.0,False,offline_attainable_single_model_not_CI
ieee_cis,1,M2,LightGBM,72,raw_probability,0.46790622999061726,58284,1328,0,0,59054,2094,0.03,1772,875,0.4178605539637058,0.4937923250564334,122797,0.2870917469161719,875,1,0,1,875,875,875.0,False,offline_attainable_single_model_not_CI
ieee_cis,1,M2,LightGBM,72,raw_probability,0.46790622999061726,58284,1328,0,0,59054,2094,0.05,2953,1039,0.4961795606494747,0.3518455807653234,107414,0.188500954046326,1039,1,0,1,1039,1039,1039.0,False,offline_attainable_single_model_not_CI
ieee_cis,1,M2,LightGBM,72,raw_probability,0.46790622999061726,58284,1328,0,0,59054,2094,0.1,5906,1298,0.6198662846227316,0.219776498476126,84208,0.103014890385516,1298,1,0,1,1298,1298,1298.0,False,offline_attainable_single_model_not_CI
ieee_cis,1,M2,LightGBM,82,raw_probability,0.45823825717383426,58507,966,0,0,59054,2094,0.01,591,510,0.24355300859598855,0.8629441624365483,158481,0.7105512192285851,509,1,1,1,510,510,510.0,False,offline_attainable_single_model_not_CI
ieee_cis,1,M2,LightGBM,82,raw_probability,0.45823825717383426,58507,966,0,0,59054,2094,0.03,1772,864,0.41260744985673353,0.48758465011286684,123908,0.2851261093509225,864,1,0,1,864,864,864.0,False,offline_attainable_single_model_not_CI
ieee_cis,1,M2,LightGBM,82,raw_probability,0.45823825717383426,58507,966,0,0,59054,2094,0.05,2953,1012,0.48328557784145176,0.3427023366068405,110141,0.1910261465480396,1012,1,0,1,1012,1012,1012.0,False,offline_attainable_single_model_not_CI
ieee_cis,1,M2,LightGBM,82,raw_probability,0.45823825717383426,58507,966,0,0,59054,2094,0.1,5906,1288,0.6150907354345749,0.21808330511344395,85218,0.10515294678760226,1288,1,0,1,1288,1288,1288.0,False,offline_attainable_single_model_not_CI
ieee_cis,1,M3,LR,0,raw_probability,0.2966032468479718,59053,2,40,24,59054,2094,0.01,591,384,0.1833810888252149,0.649746192893401,171207,0.9109972217083487,384,1,0,1,384,384,384.0,False,offline_attainable_single_model_not_CI
ieee_cis,1,M3,LR,0,raw_probability,0.2966032468479718,59053,2,40,24,59054,2094,0.03,1772,628,0.29990448901623684,0.3544018058690745,147744,0.5829115223812718,628,1,0,1,628,628,628.0,False,offline_attainable_single_model_not_CI
ieee_cis,1,M3,LR,0,raw_probability,0.2966032468479718,59053,2,40,24,59054,2094,0.05,2953,776,0.37058261700095513,0.2627836098882492,133977,0.40705479064236455,776,1,0,1,776,776,776.0,False,offline_attainable_single_model_not_CI
ieee_cis,1,M3,LR,0,raw_probability,0.2966032468479718,59053,2,40,24,59054,2094,0.1,5906,1025,0.4894937917860554,0.17355231967490686,111781,0.2153682651608583,1025,1,0,1,1025,1025,1025.0,False,offline_attainable_single_model_not_CI
ieee_cis,1,M3,LightGBM,42,raw_probability,0.4689852438168987,58425,1067,0,0,59054,2094,0.01,591,521,0.24880611270296085,0.8815566835871405,157370,0.7106772065072046,520,1,1,1,521,521,521.0,False,offline_attainable_single_model_not_CI
ieee_cis,1,M3,LightGBM,42,raw_probability,0.4689852438168987,58425,1067,0,0,59054,2094,0.03,1772,869,0.41499522445081183,0.4904063205417607,123403,0.2879055379999619,869,1,0,1,869,869,869.0,False,offline_attainable_single_model_not_CI
ieee_cis,1,M3,LightGBM,42,raw_probability,0.4689852438168987,58425,1067,0,0,59054,2094,0.05,2953,1031,0.4923591212989494,0.3491364713850322,108222,0.1915706517212555,1031,1,0,1,1031,1031,1031.0,False,offline_attainable_single_model_not_CI
ieee_cis,1,M3,LightGBM,42,raw_probability,0.4689852438168987,58425,1067,0,0,59054,2094,0.1,5906,1281,0.6117478510028653,0.21689806975956655,85925,0.10560243408056483,1281,1,0,1,1281,1281,1281.0,False,offline_attainable_single_model_not_CI
ieee_cis,1,M3,LightGBM,52,raw_probability,0.4681407067795298,58624,764,0,0,59054,2094,0.01,591,515,0.24594078319006685,0.871404399323181,157976,0.7187750970791739,514,1,1,1,515,515,515.0,False,offline_attainable_single_model_not_CI
ieee_cis,1,M3,LightGBM,52,raw_probability,0.4681407067795298,58624,764,0,0,59054,2094,0.03,1772,873,0.4169054441260745,0.49266365688487584,122999,0.2926843117446272,873,1,0,1,873,873,873.0,False,offline_attainable_single_model_not_CI
ieee_cis,1,M3,LightGBM,52,raw_probability,0.4681407067795298,58624,764,0,0,59054,2094,0.05,2953,1036,0.49474689589302767,0.3508296647477142,107717,0.1959652185175039,1036,1,0,1,1036,1036,1036.0,False,offline_attainable_single_model_not_CI
ieee_cis,1,M3,LightGBM,52,raw_probability,0.4681407067795298,58624,764,0,0,59054,2094,0.1,5906,1300,0.620821394460363,0.22011513714866238,84006,0.11117489314877183,1300,1,0,1,1300,1300,1300.0,False,offline_attainable_single_model_not_CI
ieee_cis,1,M3,LightGBM,62,raw_probability,0.4665927174789915,58658,712,0,0,59054,2094,0.01,591,519,0.24785100286532952,0.8781725888324873,157572,0.7372414382926775,518,1,1,1,519,519,519.0,False,offline_attainable_single_model_not_CI
ieee_cis,1,M3,LightGBM,62,raw_probability,0.4665927174789915,58658,712,0,0,59054,2094,0.03,1772,882,0.42120343839541546,0.49774266365688485,122090,0.2821172334969113,882,1,0,1,882,882,882.0,False,offline_attainable_single_model_not_CI
ieee_cis,1,M3,LightGBM,62,raw_probability,0.4665927174789915,58658,712,0,0,59054,2094,0.05,2953,1022,0.4880611270296084,0.34608872333220453,109131,0.1919261501350837,1022,1,0,1,1022,1022,1022.0,False,offline_attainable_single_model_not_CI
ieee_cis,1,M3,LightGBM,62,raw_probability,0.4665927174789915,58658,712,0,0,59054,2094,0.1,5906,1266,0.6045845272206304,0.21435827971554353,87440,0.10433930712060858,1266,1,0,1,1266,1266,1266.0,False,offline_attainable_single_model_not_CI
ieee_cis,1,M3,LightGBM,72,raw_probability,0.4608699799129112,58479,980,0,0,59054,2094,0.01,591,513,0.24498567335243554,0.868020304568528,158178,0.7202185883703225,513,1,0,1,513,513,513.0,False,offline_attainable_single_model_not_CI
ieee_cis,1,M3,LightGBM,72,raw_probability,0.4608699799129112,58479,980,0,0,59054,2094,0.03,1772,861,0.41117478510028654,0.48589164785553046,124211,0.2919517523403835,861,1,0,1,861,861,861.0,False,offline_attainable_single_model_not_CI
ieee_cis,1,M3,LightGBM,72,raw_probability,0.4608699799129112,58479,980,0,0,59054,2094,0.05,2953,1031,0.4923591212989494,0.3491364713850322,108222,0.18811805739268403,1030,1,1,1,1031,1031,1031.0,False,offline_attainable_single_model_not_CI
ieee_cis,1,M3,LightGBM,72,raw_probability,0.4608699799129112,58479,980,0,0,59054,2094,0.1,5906,1298,0.6198662846227316,0.219776498476126,84208,0.10443298034998176,1298,1,0,1,1298,1298,1298.0,False,offline_attainable_single_model_not_CI
ieee_cis,1,M3,LightGBM,82,raw_probability,0.4599178329559775,58575,837,0,0,59054,2094,0.01,591,515,0.24594078319006685,0.871404399323181,157976,0.7042549356532003,515,1,0,1,515,515,515.0,False,offline_attainable_single_model_not_CI
ieee_cis,1,M3,LightGBM,82,raw_probability,0.4599178329559775,58575,837,0,0,59054,2094,0.03,1772,862,0.41165234001910217,0.48645598194130923,124110,0.2914665762898854,862,1,0,1,862,862,862.0,False,offline_attainable_single_model_not_CI
ieee_cis,1,M3,LightGBM,82,raw_probability,0.4599178329559775,58575,837,0,0,59054,2094,0.05,2953,1028,0.4909264565425024,0.348120555367423,108525,0.19042790812565244,1028,1,0,1,1028,1028,1028.0,False,offline_attainable_single_model_not_CI
ieee_cis,1,M3,LightGBM,82,raw_probability,0.4599178329559775,58575,837,0,0,59054,2094,0.1,5906,1267,0.605062082139446,0.2145275990518117,87339,0.10204645497001884,1267,1,0,1,1267,1267,1267.0,False,offline_attainable_single_model_not_CI
ieee_cis,2,M0,LR,0,raw_probability,0.44900018046455903,59038,19,166,110,59054,2061,0.01,591,502,0.2435710819990296,0.8494077834179357,155989,0.7539925277514647,502,1,0,1,502,502,502.0,False,offline_attainable_single_model_not_CI
ieee_cis,2,M0,LR,0,raw_probability,0.44900018046455903,59038,19,166,110,59054,2061,0.03,1772,861,0.4177583697234352,0.48589164785553046,120911,0.26336292106368686,860,1,1,1,861,861,861.0,False,offline_attainable_single_model_not_CI
ieee_cis,2,M0,LR,0,raw_probability,0.44900018046455903,59038,19,166,110,59054,2061,0.05,2953,1059,0.5138282387190685,0.3586183542160515,102094,0.17105576336366726,1059,1,0,1,1059,1059,1059.0,False,offline_attainable_single_model_not_CI
ieee_cis,2,M0,LR,0,raw_probability,0.44900018046455903,59038,19,166,110,59054,2061,0.1,5906,1289,0.6254245511887433,0.21825262444971216,81817,0.0960669962926668,1289,1,0,1,1289,1289,1289.0,False,offline_attainable_single_model_not_CI
ieee_cis,2,M0,LightGBM,42,raw_probability,0.5645213599116078,57866,1916,0,0,59054,2061,0.01,591,530,0.2571567200388161,0.8967851099830795,153161,0.750497240318409,529,1,1,1,530,530,530.0,False,offline_attainable_single_model_not_CI
ieee_cis,2,M0,LightGBM,42,raw_probability,0.5645213599116078,57866,1916,0,0,59054,2061,0.03,1772,1050,0.5094614264919942,0.59255079006772,101822,0.18394317008418642,1049,1,1,1,1050,1050,1050.0,False,offline_attainable_single_model_not_CI
ieee_cis,2,M0,LightGBM,42,raw_probability,0.5645213599116078,57866,1916,0,0,59054,2061,0.05,2953,1230,0.5967976710334789,0.4165255672197765,84823,0.10760128345665834,1230,1,0,1,1230,1230,1230.0,False,offline_attainable_single_model_not_CI
ieee_cis,2,M0,LightGBM,42,raw_probability,0.5645213599116078,57866,1916,0,0,59054,2061,0.1,5906,1500,0.727802037845706,0.25397900440230275,60506,0.05406952799704475,1500,1,0,1,1500,1500,1500.0,False,offline_attainable_single_model_not_CI
ieee_cis,2,M0,LightGBM,52,raw_probability,0.5659172619724469,57682,2148,0,0,59054,2061,0.01,591,527,0.25570111596312467,0.8917089678510999,153464,0.7816096299011789,526,1,1,1,527,527,527.0,False,offline_attainable_single_model_not_CI
ieee_cis,2,M0,LightGBM,52,raw_probability,0.5659172619724469,57682,2148,0,0,59054,2061,0.03,1772,1036,0.502668607472101,0.5846501128668171,103236,0.19613228731143698,1036,1,0,1,1036,1036,1036.0,False,offline_attainable_single_model_not_CI
ieee_cis,2,M0,LightGBM,52,raw_probability,0.5659172619724469,57682,2148,0,0,59054,2061,0.05,2953,1247,0.6050460941290635,0.42228242465289534,83106,0.11060569078515153,1247,1,0,1,1247,1247,1247.0,False,offline_attainable_single_model_not_CI
ieee_cis,2,M0,LightGBM,52,raw_probability,0.5659172619724469,57682,2148,0,0,59054,2061,0.1,5906,1506,0.7307132459970888,0.25499492041991195,59900,0.054363553036291194,1506,1,0,1,1506,1506,1506.0,False,offline_attainable_single_model_not_CI
ieee_cis,2,M0,LightGBM,62,raw_probability,0.5598348491463047,57899,1858,0,0,59054,2061,0.01,591,526,0.2552159146045609,0.8900169204737732,153565,0.7641422136185502,526,1,0,1,526,526,526.0,False,offline_attainable_single_model_not_CI
ieee_cis,2,M0,LightGBM,62,raw_probability,0.5598348491463047,57899,1858,0,0,59054,2061,0.03,1772,1033,0.5012130033964095,0.5829571106094809,103539,0.18880982541756855,1033,1,0,1,1033,1033,1033.0,False,offline_attainable_single_model_not_CI
ieee_cis,2,M0,LightGBM,62,raw_probability,0.5598348491463047,57899,1858,0,0,59054,2061,0.05,2953,1230,0.5967976710334789,0.4165255672197765,84823,0.10622916499084052,1230,1,0,1,1230,1230,1230.0,False,offline_attainable_single_model_not_CI
ieee_cis,2,M0,LightGBM,62,raw_probability,0.5598348491463047,57899,1858,0,0,59054,2061,0.1,5906,1484,0.7200388161086851,0.2512698950220115,62122,0.05325389766597326,1484,1,0,1,1484,1484,1484.0,False,offline_attainable_single_model_not_CI
ieee_cis,2,M0,LightGBM,72,raw_probability,0.5518086806047994,57993,1686,0,0,59054,2061,0.01,591,525,0.2547307132459971,0.8883248730964467,153666,0.7694617884369748,525,1,0,1,525,525,525.0,False,offline_attainable_single_model_not_CI
ieee_cis,2,M0,LightGBM,72,raw_probability,0.5518086806047994,57993,1686,0,0,59054,2061,0.03,1772,1012,0.4910237748665696,0.5711060948081265,105660,0.18360080338789306,1012,1,0,1,1012,1012,1012.0,False,offline_attainable_single_model_not_CI
ieee_cis,2,M0,LightGBM,72,raw_probability,0.5518086806047994,57993,1686,0,0,59054,2061,0.05,2953,1211,0.5875788452207666,0.4100914324415848,86742,0.10617925136164366,1211,1,0,1,1211,1211,1211.0,False,offline_attainable_single_model_not_CI
ieee_cis,2,M0,LightGBM,72,raw_probability,0.5518086806047994,57993,1686,0,0,59054,2061,0.1,5906,1488,0.7219796215429404,0.2519471723670843,61718,0.054263661886773576,1488,1,0,1,1488,1488,1488.0,False,offline_attainable_single_model_not_CI
ieee_cis,2,M0,LightGBM,82,raw_probability,0.5579570480240494,57705,2145,0,0,59054,2061,0.01,591,524,0.2542455118874333,0.8866328257191202,153767,0.7421875188600202,523,1,1,1,524,524,524.0,False,offline_attainable_single_model_not_CI
ieee_cis,2,M0,LightGBM,82,raw_probability,0.5579570480240494,57705,2145,0,0,59054,2061,0.03,1772,1024,0.49684619116933526,0.5778781038374717,104448,0.181837807459698,1023,1,1,1,1024,1024,1024.0,False,offline_attainable_single_model_not_CI
ieee_cis,2,M0,LightGBM,82,raw_probability,0.5579570480240494,57705,2145,0,0,59054,2061,0.05,2953,1245,0.604075691411936,0.42160514730782256,83308,0.10438023572243448,1245,1,0,1,1245,1245,1245.0,False,offline_attainable_single_model_not_CI
ieee_cis,2,M0,LightGBM,82,raw_probability,0.5579570480240494,57705,2145,0,0,59054,2061,0.1,5906,1488,0.7219796215429404,0.2519471723670843,61718,0.05329983584958797,1488,1,0,1,1488,1488,1488.0,False,offline_attainable_single_model_not_CI
ieee_cis,2,M1,LR,0,raw_probability,0.4511768561978937,59037,20,167,109,59054,2061,0.01,591,502,0.2435710819990296,0.8494077834179357,155989,0.749929935959069,502,1,0,1,502,502,502.0,False,offline_attainable_single_model_not_CI
ieee_cis,2,M1,LR,0,raw_probability,0.4511768561978937,59037,20,167,109,59054,2061,0.03,1772,875,0.4245511887433285,0.4937923250564334,119497,0.2589790690326155,875,1,0,1,875,875,875.0,False,offline_attainable_single_model_not_CI
ieee_cis,2,M1,LR,0,raw_probability,0.4511768561978937,59037,20,167,109,59054,2061,0.05,2953,1057,0.5128578360019408,0.35794107687097865,102296,0.16706752366609462,1057,1,0,1,1057,1057,1057.0,False,offline_attainable_single_model_not_CI
ieee_cis,2,M1,LR,0,raw_probability,0.4511768561978937,59037,20,167,109,59054,2061,0.1,5906,1299,0.6302765647743813,0.21994581781239417,80807,0.09381548444609508,1299,1,0,1,1299,1299,1299.0,False,offline_attainable_single_model_not_CI
ieee_cis,2,M1,LightGBM,42,raw_probability,0.5548651011025703,58359,1179,0,0,59054,2061,0.01,591,523,0.2537603105288695,0.8849407783417935,153868,0.7506320415145885,522,1,1,1,523,523,523.0,False,offline_attainable_single_model_not_CI
ieee_cis,2,M1,LightGBM,42,raw_probability,0.5548651011025703,58359,1179,0,0,59054,2061,0.03,1772,1037,0.5031538088306647,0.585214446952596,103135,0.18347084780807998,1037,1,0,1,1037,1037,1037.0,False,offline_attainable_single_model_not_CI
ieee_cis,2,M1,LightGBM,42,raw_probability,0.5548651011025703,58359,1179,0,0,59054,2061,0.05,2953,1212,0.5880640465793304,0.4104300711141212,86641,0.10436902295600678,1212,1,0,1,1212,1212,1212.0,False,offline_attainable_single_model_not_CI
ieee_cis,2,M1,LightGBM,42,raw_probability,0.5548651011025703,58359,1179,0,0,59054,2061,0.1,5906,1498,0.7268316351285784,0.25364036572976634,60708,0.053112844890281986,1498,1,0,1,1498,1498,1498.0,False,offline_attainable_single_model_not_CI
ieee_cis,2,M1,LightGBM,52,raw_probability,0.5533686606001584,58258,1323,0,0,59054,2061,0.01,591,529,0.2566715186802523,0.8950930626057529,153262,0.7547938396826935,528,1,1,1,529,529,529.0,False,offline_attainable_single_model_not_CI
ieee_cis,2,M1,LightGBM,52,raw_probability,0.5533686606001584,58258,1323,0,0,59054,2061,0.03,1772,1014,0.49199417758369723,0.572234762979684,105458,0.18272114986392773,1014,1,0,1,1014,1014,1014.0,False,offline_attainable_single_model_not_CI
ieee_cis,2,M1,LightGBM,52,raw_probability,0.5533686606001584,58258,1323,0,0,59054,2061,0.05,2953,1231,0.5972828723920427,0.4168642058923129,84722,0.1085378690466766,1231,1,0,1,1231,1231,1231.0,False,offline_attainable_single_model_not_CI
ieee_cis,2,M1,LightGBM,52,raw_probability,0.5533686606001584,58258,1323,0,0,59054,2061,0.1,5906,1462,0.7093643862202814,0.24754486962411107,64344,0.0546060868839409,1462,1,0,1,1462,1462,1462.0,False,offline_attainable_single_model_not_CI
ieee_cis,2,M1,LightGBM,62,raw_probability,0.5600195336205479,58319,1256,0,0,59054,2061,0.01,591,528,0.2561863173216885,0.8934010152284264,153363,0.7377515537368449,527,1,1,1,528,528,528.0,False,offline_attainable_single_model_not_CI
ieee_cis,2,M1,LightGBM,62,raw_probability,0.5600195336205479,58319,1256,0,0,59054,2061,0.03,1772,1023,0.4963609898107715,0.577313769751693,104549,0.17404170793857668,1022,1,1,1,1023,1023,1023.0,False,offline_attainable_single_model_not_CI
ieee_cis,2,M1,LightGBM,62,raw_probability,0.5600195336205479,58319,1256,0,0,59054,2061,0.05,2953,1247,0.6050460941290635,0.42228242465289534,83106,0.1014633862028787,1246,1,1,1,1247,1247,1247.0,False,offline_attainable_single_model_not_CI
ieee_cis,2,M1,LightGBM,62,raw_probability,0.5600195336205479,58319,1256,0,0,59054,2061,0.1,5906,1477,0.7166424065987385,0.2500846596681341,62829,0.052538895955066785,1477,1,0,1,1477,1477,1477.0,False,offline_attainable_single_model_not_CI
ieee_cis,2,M1,LightGBM,72,raw_probability,0.5602934438359471,58272,1307,0,0,59054,2061,0.01,591,529,0.2566715186802523,0.8950930626057529,153262,0.7487949511714883,528,1,1,1,529,529,529.0,False,offline_attainable_single_model_not_CI
ieee_cis,2,M1,LightGBM,72,raw_probability,0.5602934438359471,58272,1307,0,0,59054,2061,0.03,1772,1041,0.50509461426492,0.587471783295711,102731,0.17784620355355457,1040,1,1,1,1041,1041,1041.0,False,offline_attainable_single_model_not_CI
ieee_cis,2,M1,LightGBM,72,raw_probability,0.5602934438359471,58272,1307,0,0,59054,2061,0.05,2953,1243,0.6031052886948084,0.4209278699627497,83510,0.1000478632420276,1242,1,1,1,1243,1243,1243.0,False,offline_attainable_single_model_not_CI
ieee_cis,2,M1,LightGBM,72,raw_probability,0.5602934438359471,58272,1307,0,0,59054,2061,0.1,5906,1473,0.7147016011644832,0.24940738232306128,63233,0.05269771179429352,1473,3,0,1,1473,1473,1473.0,True,offline_attainable_single_model_not_CI
ieee_cis,2,M1,LightGBM,82,raw_probability,0.5591181225669596,58245,1341,0,0,59054,2061,0.01,591,525,0.2547307132459971,0.8883248730964467,153666,0.7595799866364491,524,1,1,1,525,525,525.0,False,offline_attainable_single_model_not_CI
ieee_cis,2,M1,LightGBM,82,raw_probability,0.5591181225669596,58245,1341,0,0,59054,2061,0.03,1772,1023,0.4963609898107715,0.577313769751693,104549,0.18118777250480445,1023,1,0,1,1023,1023,1023.0,False,offline_attainable_single_model_not_CI
ieee_cis,2,M1,LightGBM,82,raw_probability,0.5591181225669596,58245,1341,0,0,59054,2061,0.05,2953,1224,0.5938864628820961,0.41449373518455807,85429,0.10330713860476226,1224,1,0,1,1224,1224,1224.0,False,offline_attainable_single_model_not_CI
ieee_cis,2,M1,LightGBM,82,raw_probability,0.5591181225669596,58245,1341,0,0,59054,2061,0.1,5906,1489,0.7224648229015042,0.25211649170335254,61617,0.05319299271541364,1489,1,0,1,1489,1489,1489.0,False,offline_attainable_single_model_not_CI
ieee_cis,2,M2,LR,0,raw_probability,0.4518360976355593,59036,21,218,120,59054,2061,0.01,591,496,0.24065987384764678,0.8392554991539763,156595,0.8657712356750114,495,1,1,1,496,496,496.0,False,offline_attainable_single_model_not_CI
ieee_cis,2,M2,LR,0,raw_probability,0.4518360976355593,59036,21,218,120,59054,2061,0.03,1772,876,0.42503639010189226,0.49435665914221216,119396,0.41363748885144686,875,1,1,1,876,876,876.0,False,offline_attainable_single_model_not_CI
ieee_cis,2,M2,LR,0,raw_probability,0.4518360976355593,59036,21,218,120,59054,2061,0.05,2953,1061,0.514798641436196,0.35929563156112426,101892,0.2845422345325848,1061,1,0,1,1061,1061,1061.0,False,offline_attainable_single_model_not_CI
ieee_cis,2,M2,LR,0,raw_probability,0.4518360976355593,59036,21,218,120,59054,2061,0.1,5906,1296,0.62882096069869,0.21943785980358957,81110,0.16928916830578358,1296,1,0,1,1296,1296,1296.0,False,offline_attainable_single_model_not_CI
ieee_cis,2,M2,LightGBM,42,raw_probability,0.5553251705499018,58456,1004,0,0,59054,2061,0.01,591,531,0.2576419213973799,0.8984771573604061,153060,0.8215577919010679,530,1,1,1,531,531,531.0,False,offline_attainable_single_model_not_CI
ieee_cis,2,M2,LightGBM,42,raw_probability,0.5553251705499018,58456,1004,0,0,59054,2061,0.03,1772,1014,0.49199417758369723,0.572234762979684,105458,0.28528652880507976,1014,1,0,1,1014,1014,1014.0,False,offline_attainable_single_model_not_CI
ieee_cis,2,M2,LightGBM,42,raw_probability,0.5553251705499018,58456,1004,0,0,59054,2061,0.05,2953,1235,0.5992236778262979,0.4182187605824585,84318,0.1797206979927626,1235,1,0,1,1235,1235,1235.0,False,offline_attainable_single_model_not_CI
ieee_cis,2,M2,LightGBM,42,raw_probability,0.5553251705499018,58456,1004,0,0,59054,2061,0.1,5906,1475,0.7156720038816109,0.2497460209955977,63031,0.0982159735563847,1475,1,0,1,1475,1475,1475.0,False,offline_attainable_single_model_not_CI
ieee_cis,2,M2,LightGBM,52,raw_probability,0.5603150422160194,58435,1047,0,0,59054,2061,0.01,591,539,0.26152353226589037,0.9120135363790186,152252,0.8225402328986035,539,1,0,1,539,539,539.0,False,offline_attainable_single_model_not_CI
ieee_cis,2,M2,LightGBM,52,raw_probability,0.5603150422160194,58435,1047,0,0,59054,2061,0.03,1772,1034,0.5016982047549733,0.5835214446952596,103438,0.3085036731414303,1033,1,1,1,1034,1034,1034.0,False,offline_attainable_single_model_not_CI
ieee_cis,2,M2,LightGBM,52,raw_probability,0.5603150422160194,58435,1047,0,0,59054,2061,0.05,2953,1244,0.6035904900533722,0.42126650863528614,83409,0.18771245820010268,1244,1,0,1,1244,1244,1244.0,False,offline_attainable_single_model_not_CI
ieee_cis,2,M2,LightGBM,52,raw_probability,0.5603150422160194,58435,1047,0,0,59054,2061,0.1,5906,1489,0.7224648229015042,0.25211649170335254,61617,0.1010689545831778,1489,1,0,1,1489,1489,1489.0,False,offline_attainable_single_model_not_CI
ieee_cis,2,M2,LightGBM,62,raw_probability,0.5584702976981523,58484,969,0,0,59054,2061,0.01,591,530,0.2571567200388161,0.8967851099830795,153161,0.8344788826545433,529,1,1,1,530,530,530.0,False,offline_attainable_single_model_not_CI
ieee_cis,2,M2,LightGBM,62,raw_probability,0.5584702976981523,58484,969,0,0,59054,2061,0.03,1772,1043,0.5060650169820475,0.5886004514672686,102529,0.2851593252877903,1043,1,0,1,1043,1043,1043.0,False,offline_attainable_single_model_not_CI
ieee_cis,2,M2,LightGBM,62,raw_probability,0.5584702976981523,58484,969,0,0,59054,2061,0.05,2953,1234,0.5987384764677341,0.41788012190992213,84419,0.1783093425880241,1234,1,0,1,1234,1234,1234.0,False,offline_attainable_single_model_not_CI
ieee_cis,2,M2,LightGBM,62,raw_probability,0.5584702976981523,58484,969,0,0,59054,2061,0.1,5906,1473,0.7147016011644832,0.24940738232306128,63233,0.09668428543066294,1473,4,0,4,1473,1473,1473.0,False,offline_attainable_single_model_not_CI
ieee_cis,2,M2,LightGBM,72,raw_probability,0.5583320886349527,58370,1146,0,0,59054,2061,0.01,591,530,0.2571567200388161,0.8967851099830795,153161,0.8437108154528915,529,1,1,1,530,530,530.0,False,offline_attainable_single_model_not_CI
ieee_cis,2,M2,LightGBM,72,raw_probability,0.5583320886349527,58370,1146,0,0,59054,2061,0.03,1772,1035,0.5021834061135371,0.5840857787810384,103337,0.2951708280212012,1035,1,0,1,1035,1035,1035.0,False,offline_attainable_single_model_not_CI
ieee_cis,2,M2,LightGBM,72,raw_probability,0.5583320886349527,58370,1146,0,0,59054,2061,0.05,2953,1215,0.5895196506550219,0.4114459871317304,86338,0.1838448721505009,1215,1,0,1,1215,1215,1215.0,False,offline_attainable_single_model_not_CI
ieee_cis,2,M2,LightGBM,72,raw_probability,0.5583320886349527,58370,1146,0,0,59054,2061,0.1,5906,1466,0.7113051916545367,0.24822214696918388,63940,0.09714152693471363,1465,1,1,1,1466,1466,1466.0,False,offline_attainable_single_model_not_CI
ieee_cis,2,M2,LightGBM,82,raw_probability,0.5579068173197721,58491,971,0,0,59054,2061,0.01,591,526,0.2552159146045609,0.8900169204737732,153565,0.8278520169298268,526,1,0,1,526,526,526.0,False,offline_attainable_single_model_not_CI
ieee_cis,2,M2,LightGBM,82,raw_probability,0.5579068173197721,58491,971,0,0,59054,2061,0.03,1772,1037,0.5031538088306647,0.585214446952596,103135,0.288952216770287,1036,1,1,1,1037,1037,1037.0,False,offline_attainable_single_model_not_CI
ieee_cis,2,M2,LightGBM,82,raw_probability,0.5579068173197721,58491,971,0,0,59054,2061,0.05,2953,1240,0.6016496846191169,0.4199119539451405,83813,0.17650818030502166,1240,1,0,1,1240,1240,1240.0,False,offline_attainable_single_model_not_CI
ieee_cis,2,M2,LightGBM,82,raw_probability,0.5579068173197721,58491,971,0,0,59054,2061,0.1,5906,1489,0.7224648229015042,0.25211649170335254,61617,0.09848485679926423,1489,1,0,1,1489,1489,1489.0,False,offline_attainable_single_model_not_CI
ieee_cis,2,M3,LR,0,raw_probability,0.4516352208253724,59036,21,146,119,59054,2061,0.01,591,498,0.24163027656477437,0.8426395939086294,156393,0.8642930733742069,498,1,0,1,498,498,498.0,False,offline_attainable_single_model_not_CI
ieee_cis,2,M3,LR,0,raw_probability,0.4516352208253724,59036,21,146,119,59054,2061,0.03,1772,873,0.42358078602620086,0.49266365688487584,119699,0.4136291277731964,873,1,0,1,873,873,873.0,False,offline_attainable_single_model_not_CI
ieee_cis,2,M3,LR,0,raw_probability,0.4516352208253724,59036,21,146,119,59054,2061,0.05,2953,1056,0.512372634643377,0.3576024381984423,102397,0.28549007914237423,1056,1,0,1,1056,1056,1056.0,False,offline_attainable_single_model_not_CI
ieee_cis,2,M3,LR,0,raw_probability,0.4516352208253724,59036,21,146,119,59054,2061,0.1,5906,1296,0.62882096069869,0.21943785980358957,81110,0.17056275900203346,1296,1,0,1,1296,1296,1296.0,False,offline_attainable_single_model_not_CI
ieee_cis,2,M3,LightGBM,42,raw_probability,0.5563405573174376,58645,704,0,0,59054,2061,0.01,591,526,0.2552159146045609,0.8900169204737732,153565,0.8221261762851694,525,1,1,1,526,526,526.0,False,offline_attainable_single_model_not_CI
ieee_cis,2,M3,LightGBM,42,raw_probability,0.5563405573174376,58645,704,0,0,59054,2061,0.03,1772,1012,0.4910237748665696,0.5711060948081265,105660,0.2962886602940418,1012,1,0,1,1012,1012,1012.0,False,offline_attainable_single_model_not_CI
ieee_cis,2,M3,LightGBM,42,raw_probability,0.5563405573174376,58645,704,0,0,59054,2061,0.05,2953,1219,0.591460456089277,0.41280054182187603,85934,0.18203987744023972,1219,1,0,1,1219,1219,1219.0,False,offline_attainable_single_model_not_CI
ieee_cis,2,M3,LightGBM,42,raw_probability,0.5563405573174376,58645,704,0,0,59054,2061,0.1,5906,1481,0.7185832120329937,0.2507619370132069,62425,0.09861912288622215,1480,1,1,1,1481,1481,1481.0,False,offline_attainable_single_model_not_CI
ieee_cis,2,M3,LightGBM,52,raw_probability,0.5617953095277838,58624,762,0,0,59054,2061,0.01,591,533,0.2586123241145075,0.9018612521150592,152858,0.8240745196305495,532,1,1,1,533,533,533.0,False,offline_attainable_single_model_not_CI
ieee_cis,2,M3,LightGBM,52,raw_probability,0.5617953095277838,58624,762,0,0,59054,2061,0.03,1772,1038,0.5036390101892285,0.5857787810383747,103034,0.2909729137943711,1038,1,0,1,1038,1038,1038.0,False,offline_attainable_single_model_not_CI
ieee_cis,2,M3,LightGBM,52,raw_probability,0.5617953095277838,58624,762,0,0,59054,2061,0.05,2953,1217,0.5904900533721494,0.41212326447680325,86136,0.18038746127653435,1217,1,0,1,1217,1217,1217.0,False,offline_attainable_single_model_not_CI
ieee_cis,2,M3,LightGBM,52,raw_probability,0.5617953095277838,58624,762,0,0,59054,2061,0.1,5906,1466,0.7113051916545367,0.24822214696918388,63940,0.09951908981858548,1466,1,0,1,1466,1466,1466.0,False,offline_attainable_single_model_not_CI
ieee_cis,2,M3,LightGBM,62,raw_probability,0.5640280041546356,58627,742,0,0,59054,2061,0.01,591,531,0.2576419213973799,0.8984771573604061,153060,0.8225639372296268,530,1,1,1,531,531,531.0,False,offline_attainable_single_model_not_CI
ieee_cis,2,M3,LightGBM,62,raw_probability,0.5640280041546356,58627,742,0,0,59054,2061,0.03,1772,1040,0.5046094129063562,0.5869074492099323,102832,0.28978338907137574,1040,1,0,1,1040,1040,1040.0,False,offline_attainable_single_model_not_CI
ieee_cis,2,M3,LightGBM,62,raw_probability,0.5640280041546356,58627,742,0,0,59054,2061,0.05,2953,1258,0.6103833090732654,0.4260074500507958,81995,0.1849421524242384,1258,1,0,1,1258,1258,1258.0,False,offline_attainable_single_model_not_CI
ieee_cis,2,M3,LightGBM,62,raw_probability,0.5640280041546356,58627,742,0,0,59054,2061,0.1,5906,1486,0.7210092188258127,0.25160853369454794,61920,0.10113407701817008,1486,1,0,1,1486,1486,1486.0,False,offline_attainable_single_model_not_CI
ieee_cis,2,M3,LightGBM,72,raw_probability,0.5591456049138863,58542,877,0,0,59054,2061,0.01,591,527,0.25570111596312467,0.8917089678510999,153464,0.8203648979214807,526,1,1,1,527,527,527.0,False,offline_attainable_single_model_not_CI
ieee_cis,2,M3,LightGBM,72,raw_probability,0.5591456049138863,58542,877,0,0,59054,2061,0.03,1772,1027,0.4983017952450267,0.5795711060948081,104145,0.29500921088987797,1027,1,0,1,1027,1027,1027.0,False,offline_attainable_single_model_not_CI
ieee_cis,2,M3,LightGBM,72,raw_probability,0.5591456049138863,58542,877,0,0,59054,2061,0.05,2953,1223,0.5934012615235322,0.41415509651202165,85530,0.1807690323296574,1223,1,0,1,1223,1223,1223.0,False,offline_attainable_single_model_not_CI
ieee_cis,2,M3,LightGBM,72,raw_probability,0.5591456049138863,58542,877,0,0,59054,2061,0.1,5906,1480,0.7180980106744299,0.2505926176769387,62526,0.09729120012245204,1480,1,0,1,1480,1480,1480.0,False,offline_attainable_single_model_not_CI
ieee_cis,2,M3,LightGBM,82,raw_probability,0.5545404532595576,58519,895,0,0,59054,2061,0.01,591,530,0.2571567200388161,0.8967851099830795,153161,0.8287251478632641,529,1,1,1,530,530,530.0,False,offline_attainable_single_model_not_CI
ieee_cis,2,M3,LightGBM,82,raw_probability,0.5545404532595576,58519,895,0,0,59054,2061,0.03,1772,1013,0.49150897622513345,0.5716704288939052,105559,0.2884200530146951,1013,1,0,1,1013,1013,1013.0,False,offline_attainable_single_model_not_CI
ieee_cis,2,M3,LightGBM,82,raw_probability,0.5545404532595576,58519,895,0,0,59054,2061,0.05,2953,1230,0.5967976710334789,0.4165255672197765,84823,0.17979285867590966,1229,1,1,1,1230,1230,1230.0,False,offline_attainable_single_model_not_CI
ieee_cis,2,M3,LightGBM,82,raw_probability,0.5545404532595576,58519,895,0,0,59054,2061,0.1,5906,1477,0.7166424065987385,0.2500846596681341,62829,0.09919260941911844,1477,1,0,1,1477,1477,1477.0,False,offline_attainable_single_model_not_CI
ieee_cis,3,M0,LR,0,raw_probability,0.1604761170231489,58001,1058,104,1204,59054,2213,0.01,591,3,0.0013556258472661546,0.005076142131979695,221588,1.0,0,1047,15,591,0,15,8.46704871060172,True,offline_attainable_single_model_not_CI
ieee_cis,3,M0,LR,0,raw_probability,0.1604761170231489,58001,1058,104,1204,59054,2213,0.03,1772,362,0.16357885223678265,0.20428893905191872,186510,0.8599375107595597,361,1,1,1,362,362,362.0,False,offline_attainable_single_model_not_CI
ieee_cis,3,M0,LR,0,raw_probability,0.1604761170231489,58001,1058,104,1204,59054,2213,0.05,2953,773,0.3492995933122458,0.26176769387064003,146180,0.29985674283403535,773,1,0,1,773,773,773.0,False,offline_attainable_single_model_not_CI
ieee_cis,3,M0,LR,0,raw_probability,0.1604761170231489,58001,1058,104,1204,59054,2213,0.1,5906,1187,0.5363759602349751,0.20098205215035558,107319,0.11903917789235861,1187,1,0,1,1187,1187,1187.0,False,offline_attainable_single_model_not_CI
ieee_cis,3,M0,LightGBM,42,raw_probability,0.5109657321638303,56405,3456,0,0,59054,2213,0.01,591,525,0.23723452327157704,0.8883248730964467,168866,0.7456062349987631,524,1,1,1,525,525,525.0,False,offline_attainable_single_model_not_CI
ieee_cis,3,M0,LightGBM,42,raw_probability,0.5109657321638303,56405,3456,0,0,59054,2213,0.03,1772,1002,0.4527790329868956,0.5654627539503386,121870,0.25668468125719185,1002,1,0,1,1002,1002,1002.0,False,offline_attainable_single_model_not_CI
ieee_cis,3,M0,LightGBM,42,raw_probability,0.5109657321638303,56405,3456,0,0,59054,2213,0.05,2953,1110,0.5015815634884772,0.37588892651540806,112143,0.19377154782226355,1110,1,0,1,1110,1110,1110.0,False,offline_attainable_single_model_not_CI
ieee_cis,3,M0,LightGBM,42,raw_probability,0.5109657321638303,56405,3456,0,0,59054,2213,0.1,5906,1497,0.6764572977858111,0.25347104639349816,76009,0.08396634511967647,1497,1,0,1,1497,1497,1497.0,False,offline_attainable_single_model_not_CI
ieee_cis,3,M0,LightGBM,52,raw_probability,0.5164739043147765,56629,3177,0,0,59054,2213,0.01,591,522,0.2358788974243109,0.883248730964467,169169,0.7539982746014038,521,1,1,1,522,522,522.0,False,offline_attainable_single_model_not_CI
ieee_cis,3,M0,LightGBM,52,raw_probability,0.5164739043147765,56629,3177,0,0,59054,2213,0.03,1772,1007,0.45503840939900586,0.5682844243792325,121365,0.2657975346454191,1007,1,0,1,1007,1007,1007.0,False,offline_attainable_single_model_not_CI
ieee_cis,3,M0,LightGBM,52,raw_probability,0.5164739043147765,56629,3177,0,0,59054,2213,0.05,2953,1166,0.5268865793041121,0.3948526921774467,106487,0.17419273069018773,1165,1,1,1,1166,1166,1166.0,False,offline_attainable_single_model_not_CI
ieee_cis,3,M0,LightGBM,52,raw_probability,0.5164739043147765,56629,3177,0,0,59054,2213,0.1,5906,1519,0.6863985539990962,0.2571960717913986,73787,0.08310866069654446,1519,1,0,1,1519,1519,1519.0,False,offline_attainable_single_model_not_CI
ieee_cis,3,M0,LightGBM,62,raw_probability,0.4940580649650114,56524,3302,0,0,59054,2213,0.01,591,522,0.2358788974243109,0.883248730964467,169169,0.7409647502720106,521,1,1,1,522,522,522.0,False,offline_attainable_single_model_not_CI
ieee_cis,3,M0,LightGBM,62,raw_probability,0.4940580649650114,56524,3302,0,0,59054,2213,0.03,1772,988,0.4464527790329869,0.5575620767494357,123284,0.27897136407896705,988,81,0,22,988,988,988.0,True,offline_attainable_single_model_not_CI
ieee_cis,3,M0,LightGBM,62,raw_probability,0.4940580649650114,56524,3302,0,0,59054,2213,0.05,2953,1077,0.4866696791685495,0.3647138503217067,115476,0.2204725234327229,1077,268,0,265,1077,1077,1077.0,True,offline_attainable_single_model_not_CI
ieee_cis,3,M0,LightGBM,62,raw_probability,0.4940580649650114,56524,3302,0,0,59054,2213,0.1,5906,1472,0.6651604157252599,0.2492380629867931,78534,0.08675343974685783,1472,1,0,1,1472,1472,1472.0,False,offline_attainable_single_model_not_CI
ieee_cis,3,M0,LightGBM,72,raw_probability,0.5139738009024188,56668,3133,0,0,59054,2213,0.01,591,524,0.236782647989155,0.8866328257191202,168967,0.7434770642510247,523,1,1,1,524,524,524.0,False,offline_attainable_single_model_not_CI
ieee_cis,3,M0,LightGBM,72,raw_probability,0.5139738009024188,56668,3133,0,0,59054,2213,0.03,1772,1027,0.4640759150474469,0.5795711060948081,119345,0.25654347196458727,1026,1,1,1,1027,1027,1027.0,False,offline_attainable_single_model_not_CI
ieee_cis,3,M0,LightGBM,72,raw_probability,0.5139738009024188,56668,3133,0,0,59054,2213,0.05,2953,1173,0.5300497062810664,0.3972231628852015,105780,0.1763200728012887,1173,475,0,454,1173,1173,1173.0,True,offline_attainable_single_model_not_CI
ieee_cis,3,M0,LightGBM,72,raw_probability,0.5139738009024188,56668,3133,0,0,59054,2213,0.1,5906,1494,0.675101671938545,0.25296308838469356,76312,0.08590872719169572,1494,1,0,1,1494,1494,1494.0,False,offline_attainable_single_model_not_CI
ieee_cis,3,M0,LightGBM,82,raw_probability,0.4859829519951315,56369,3488,0,0,59054,2213,0.01,591,523,0.23633077270673294,0.8849407783417935,169068,0.7582582074659153,523,1,0,1,523,523,523.0,False,offline_attainable_single_model_not_CI
ieee_cis,3,M0,LightGBM,82,raw_probability,0.4859829519951315,56369,3488,0,0,59054,2213,0.03,1772,959,0.4333483958427474,0.541196388261851,126213,0.28465088301655045,958,1,1,1,959,959,959.0,False,offline_attainable_single_model_not_CI
ieee_cis,3,M0,LightGBM,82,raw_probability,0.4859829519951315,56369,3488,0,0,59054,2213,0.05,2953,1011,0.45684591052869405,0.3423636979343041,122142,0.23999480637783568,1011,34,0,4,1011,1011,1011.0,True,offline_attainable_single_model_not_CI
ieee_cis,3,M0,LightGBM,82,raw_probability,0.4859829519951315,56369,3488,0,0,59054,2213,0.1,5906,1466,0.6624491640307275,0.24822214696918388,79140,0.08521615043863608,1466,1,0,1,1466,1466,1466.0,False,offline_attainable_single_model_not_CI
ieee_cis,3,M1,LR,0,raw_probability,0.1603142418442785,58003,1055,104,1196,59054,2213,0.01,591,3,0.0013556258472661546,0.005076142131979695,221588,1.0,0,1045,15,591,0,15,8.483253588516746,True,offline_attainable_single_model_not_CI
ieee_cis,3,M1,LR,0,raw_probability,0.1603142418442785,58003,1055,104,1196,59054,2213,0.03,1772,360,0.16267510167193855,0.20316027088036118,186712,0.8529461275593052,360,1,0,1,360,360,360.0,False,offline_attainable_single_model_not_CI
ieee_cis,3,M1,LR,0,raw_probability,0.1603142418442785,58003,1055,104,1196,59054,2213,0.05,2953,770,0.3479439674649797,0.26075177785303083,146483,0.29512906392314037,770,1,0,1,770,770,770.0,False,offline_attainable_single_model_not_CI
ieee_cis,3,M1,LR,0,raw_probability,0.1603142418442785,58003,1055,104,1196,59054,2213,0.1,5906,1177,0.5318572074107546,0.19928885878767355,108329,0.11785547611511793,1177,1,0,1,1177,1177,1177.0,False,offline_attainable_single_model_not_CI
ieee_cis,3,M1,LightGBM,42,raw_probability,0.5009334894521983,57026,2699,0,0,59054,2213,0.01,591,525,0.23723452327157704,0.8883248730964467,168866,0.7392561744272688,524,1,1,1,525,525,525.0,False,offline_attainable_single_model_not_CI
ieee_cis,3,M1,LightGBM,42,raw_probability,0.5009334894521983,57026,2699,0,0,59054,2213,0.03,1772,982,0.44374152733845457,0.554176072234763,123890,0.2783164111691981,982,1,0,1,982,982,982.0,False,offline_attainable_single_model_not_CI
ieee_cis,3,M1,LightGBM,42,raw_probability,0.5009334894521983,57026,2699,0,0,59054,2213,0.05,2953,1060,0.4789877993673746,0.3589569928885879,117193,0.23012549429865414,1060,6,0,2,1060,1060,1060.0,True,offline_attainable_single_model_not_CI
ieee_cis,3,M1,LightGBM,42,raw_probability,0.5009334894521983,57026,2699,0,0,59054,2213,0.1,5906,1506,0.6805241753276096,0.25499492041991195,75100,0.08382352365045104,1506,1,0,1,1506,1506,1506.0,False,offline_attainable_single_model_not_CI
ieee_cis,3,M1,LightGBM,52,raw_probability,0.4883263822512357,56773,2987,0,0,59054,2213,0.01,591,522,0.2358788974243109,0.883248730964467,169169,0.7425347184696962,521,1,1,1,522,522,522.0,False,offline_attainable_single_model_not_CI
ieee_cis,3,M1,LightGBM,52,raw_probability,0.4883263822512357,56773,2987,0,0,59054,2213,0.03,1772,947,0.4279258924536828,0.5344243792325056,127425,0.29815100619531876,947,57,0,18,947,947,947.0,True,offline_attainable_single_model_not_CI
ieee_cis,3,M1,LightGBM,52,raw_probability,0.4883263822512357,56773,2987,0,0,59054,2213,0.05,2953,1072,0.4844103027564392,0.36302065695902475,115981,0.22385056957227722,1072,1,0,1,1072,1072,1072.0,False,offline_attainable_single_model_not_CI
ieee_cis,3,M1,LightGBM,52,raw_probability,0.4883263822512357,56773,2987,0,0,59054,2213,0.1,5906,1476,0.666967916854948,0.2499153403318659,78130,0.08402471083220056,1475,1,1,1,1476,1476,1476.0,False,offline_attainable_single_model_not_CI
ieee_cis,3,M1,LightGBM,62,raw_probability,0.5004491395893601,56804,2998,0,0,59054,2213,0.01,591,529,0.23904202440126526,0.8950930626057529,168462,0.7458847643389098,528,1,1,1,529,529,529.0,False,offline_attainable_single_model_not_CI
ieee_cis,3,M1,LightGBM,62,raw_probability,0.5004491395893601,56804,2998,0,0,59054,2213,0.03,1772,963,0.4351558969724356,0.5434537246049661,125809,0.2885073608342521,963,11,0,8,963,963,963.0,True,offline_attainable_single_model_not_CI
ieee_cis,3,M1,LightGBM,62,raw_probability,0.5004491395893601,56804,2998,0,0,59054,2213,0.05,2953,1081,0.48847718029823767,0.36606840501185234,115072,0.226490191272205,1081,93,0,88,1081,1081,1081.0,True,offline_attainable_single_model_not_CI
ieee_cis,3,M1,LightGBM,62,raw_probability,0.5004491395893601,56804,2998,0,0,59054,2213,0.1,5906,1515,0.684591052869408,0.25651879444632575,74191,0.08318081707165914,1515,1,0,1,1515,1515,1515.0,False,offline_attainable_single_model_not_CI
ieee_cis,3,M1,LightGBM,72,raw_probability,0.4438546431212201,56831,2957,0,0,59054,2213,0.01,591,527,0.23813827383642114,0.8917089678510999,168664,0.7622536145969843,526,1,1,1,527,527,527.0,False,offline_attainable_single_model_not_CI
ieee_cis,3,M1,LightGBM,72,raw_probability,0.4438546431212201,56831,2957,0,0,59054,2213,0.03,1772,684,0.30908269317668324,0.3860045146726862,153988,0.5728373075353367,684,1,0,1,684,684,684.0,False,offline_attainable_single_model_not_CI
ieee_cis,3,M1,LightGBM,72,raw_probability,0.4438546431212201,56831,2957,0,0,59054,2213,0.05,2953,1051,0.47492092182557616,0.35590924483576025,118102,0.2443170157874337,1051,1,0,1,1051,1051,1051.0,False,offline_attainable_single_model_not_CI
ieee_cis,3,M1,LightGBM,72,raw_probability,0.4438546431212201,56831,2957,0,0,59054,2213,0.1,5906,1503,0.6791685494803434,0.25448696241110735,75403,0.08473754704168705,1503,1,0,1,1503,1503,1503.0,False,offline_attainable_single_model_not_CI
ieee_cis,3,M1,LightGBM,82,raw_probability,0.5105970479425478,57034,2684,0,0,59054,2213,0.01,591,517,0.23361952101220063,0.8747884940778342,169674,0.7437817866103977,517,1,0,1,517,517,517.0,False,offline_attainable_single_model_not_CI
ieee_cis,3,M1,LightGBM,82,raw_probability,0.5105970479425478,57034,2684,0,0,59054,2213,0.03,1772,999,0.4514234071396295,0.5637697516930023,122173,0.2716672341655436,999,1,0,1,999,999,999.0,False,offline_attainable_single_model_not_CI
ieee_cis,3,M1,LightGBM,82,raw_probability,0.5105970479425478,57034,2684,0,0,59054,2213,0.05,2953,1191,0.5381834613646633,0.4033186589908568,103962,0.16852339796436375,1191,1,0,1,1191,1191,1191.0,False,offline_attainable_single_model_not_CI
ieee_cis,3,M1,LightGBM,82,raw_probability,0.5105970479425478,57034,2684,0,0,59054,2213,0.1,5906,1474,0.6660641662901039,0.2495767016593295,78332,0.08305383473461293,1474,1,0,1,1474,1474,1474.0,False,offline_attainable_single_model_not_CI
ieee_cis,3,M2,LR,0,raw_probability,0.16222208897465304,58067,996,69,1201,59054,2213,0.01,591,3,0.0013556258472661546,0.005076142131979695,221588,1.0,0,959,15,591,0,15,9.24400417101147,True,offline_attainable_single_model_not_CI
ieee_cis,3,M2,LR,0,raw_probability,0.16222208897465304,58067,996,69,1201,59054,2213,0.03,1772,361,0.1631269769543606,0.20372460496613995,186611,0.92329392871082,360,1,1,1,361,361,361.0,False,offline_attainable_single_model_not_CI
ieee_cis,3,M2,LR,0,raw_probability,0.16222208897465304,58067,996,69,1201,59054,2213,0.05,2953,767,0.3465883416177135,0.2597358618354216,146786,0.4513386632165153,767,1,0,1,767,767,767.0,False,offline_attainable_single_model_not_CI
ieee_cis,3,M2,LR,0,raw_probability,0.16222208897465304,58067,996,69,1201,59054,2213,0.1,5906,1190,0.5377315860822413,0.20149001015916018,107016,0.2076597290419467,1190,1,0,1,1190,1190,1190.0,False,offline_attainable_single_model_not_CI
ieee_cis,3,M2,LightGBM,42,raw_probability,0.4987049874255273,57066,2604,0,0,59054,2213,0.01,591,521,0.23542702214188885,0.8815566835871405,169270,0.8144861534458561,521,1,0,1,521,521,521.0,False,offline_attainable_single_model_not_CI
ieee_cis,3,M2,LightGBM,42,raw_probability,0.4987049874255273,57066,2604,0,0,59054,2213,0.03,1772,969,0.4378671486669679,0.5468397291196389,125203,0.4271083836963046,969,1,0,1,969,969,969.0,False,offline_attainable_single_model_not_CI
ieee_cis,3,M2,LightGBM,42,raw_probability,0.4987049874255273,57066,2604,0,0,59054,2213,0.05,2953,1092,0.49344780840488023,0.3697934304097528,113961,0.3441196307045436,1092,1,0,1,1092,1092,1092.0,False,offline_attainable_single_model_not_CI
ieee_cis,3,M2,LightGBM,42,raw_probability,0.4987049874255273,57066,2604,0,0,59054,2213,0.1,5906,1489,0.6728422955264347,0.25211649170335254,76817,0.15051640350997933,1489,1,0,1,1489,1489,1489.0,False,offline_attainable_single_model_not_CI
ieee_cis,3,M2,LightGBM,52,raw_probability,0.5306478131453763,57118,2544,0,0,59054,2213,0.01,591,523,0.23633077270673294,0.8849407783417935,169068,0.8269225433119709,522,1,1,1,523,523,523.0,False,offline_attainable_single_model_not_CI
ieee_cis,3,M2,LightGBM,52,raw_probability,0.5306478131453763,57118,2544,0,0,59054,2213,0.03,1772,1023,0.4622684139177587,0.577313769751693,119749,0.3879888828905373,1023,1,0,1,1023,1023,1023.0,False,offline_attainable_single_model_not_CI
ieee_cis,3,M2,LightGBM,52,raw_probability,0.5306478131453763,57118,2544,0,0,59054,2213,0.05,2953,1278,0.5774966109353818,0.4327802235015239,95175,0.23762570123462293,1278,2,0,1,1278,1278,1278.0,True,offline_attainable_single_model_not_CI
ieee_cis,3,M2,LightGBM,52,raw_probability,0.5306478131453763,57118,2544,0,0,59054,2213,0.1,5906,1501,0.6782647989154993,0.25414832373857094,75605,0.14561227776934563,1501,3,0,3,1501,1501,1501.0,False,offline_attainable_single_model_not_CI
ieee_cis,3,M2,LightGBM,62,raw_probability,0.5346992921362299,56950,2703,0,0,59054,2213,0.01,591,524,0.236782647989155,0.8866328257191202,168967,0.8214973227716137,523,1,1,1,524,524,524.0,False,offline_attainable_single_model_not_CI
ieee_cis,3,M2,LightGBM,62,raw_probability,0.5346992921362299,56950,2703,0,0,59054,2213,0.03,1772,1039,0.4694984184365115,0.5863431151241535,118133,0.39422383668839805,1039,1,0,1,1039,1039,1039.0,False,offline_attainable_single_model_not_CI
ieee_cis,3,M2,LightGBM,62,raw_probability,0.5346992921362299,56950,2703,0,0,59054,2213,0.05,2953,1257,0.5680072300045188,0.4256688113782594,97296,0.2514199674281607,1257,1,0,1,1257,1257,1257.0,False,offline_attainable_single_model_not_CI
ieee_cis,3,M2,LightGBM,62,raw_probability,0.5346992921362299,56950,2703,0,0,59054,2213,0.1,5906,1578,0.7130591956619973,0.2671859126312225,67828,0.12770751543957418,1578,1,0,1,1578,1578,1578.0,False,offline_attainable_single_model_not_CI
ieee_cis,3,M2,LightGBM,72,raw_probability,0.5255041648880602,56983,2747,0,0,59054,2213,0.01,591,523,0.23633077270673294,0.8849407783417935,169068,0.8294668411019711,522,1,1,1,523,523,523.0,False,offline_attainable_single_model_not_CI
ieee_cis,3,M2,LightGBM,72,raw_probability,0.5255041648880602,56983,2747,0,0,59054,2213,0.03,1772,1022,0.46181653863533667,0.5767494356659142,119850,0.39013234520531537,1022,1,0,1,1022,1022,1022.0,False,offline_attainable_single_model_not_CI
ieee_cis,3,M2,LightGBM,72,raw_probability,0.5255041648880602,56983,2747,0,0,59054,2213,0.05,2953,1272,0.5747853592408495,0.43074839146630545,95781,0.23610561767453728,1272,1,0,1,1272,1272,1272.0,False,offline_attainable_single_model_not_CI
ieee_cis,3,M2,LightGBM,72,raw_probability,0.5255041648880602,56983,2747,0,0,59054,2213,0.1,5906,1488,0.6723904202440126,0.2519471723670843,76918,0.1514449314729897,1488,2,0,1,1488,1488,1488.0,True,offline_attainable_single_model_not_CI
ieee_cis,3,M2,LightGBM,82,raw_probability,0.5260470302477203,57118,2571,0,0,59054,2213,0.01,591,530,0.2394938996836873,0.8967851099830795,168361,0.8236625593858508,529,1,1,1,530,530,530.0,False,offline_attainable_single_model_not_CI
ieee_cis,3,M2,LightGBM,82,raw_probability,0.5260470302477203,57118,2571,0,0,59054,2213,0.03,1772,1023,0.4622684139177587,0.577313769751693,119749,0.39909234027994367,1023,1,0,1,1023,1023,1023.0,False,offline_attainable_single_model_not_CI
ieee_cis,3,M2,LightGBM,82,raw_probability,0.5260470302477203,57118,2571,0,0,59054,2213,0.05,2953,1250,0.5648441030275644,0.4232983406705046,98003,0.251257143670278,1250,1,0,1,1250,1250,1250.0,False,offline_attainable_single_model_not_CI
ieee_cis,3,M2,LightGBM,82,raw_probability,0.5260470302477203,57118,2571,0,0,59054,2213,0.1,5906,1545,0.6981473113420696,0.26159837453437185,71161,0.1461559721995976,1545,1,0,1,1545,1545,1545.0,False,offline_attainable_single_model_not_CI
ieee_cis,3,M3,LR,0,raw_probability,0.16230777425146564,58054,1012,69,1215,59054,2213,0.01,591,3,0.0013556258472661546,0.005076142131979695,221588,1.0,0,971,15,591,0,15,9.129763130792997,True,offline_attainable_single_model_not_CI
ieee_cis,3,M3,LR,0,raw_probability,0.16230777425146564,58054,1012,69,1215,59054,2213,0.03,1772,357,0.1613194758246724,0.20146726862302483,187015,0.9252606921260368,357,1,0,1,357,357,357.0,False,offline_attainable_single_model_not_CI
ieee_cis,3,M3,LR,0,raw_probability,0.16230777425146564,58054,1012,69,1215,59054,2213,0.05,2953,769,0.3474920921825576,0.2604131391804944,146584,0.45063594796299167,768,1,1,1,769,769,769.0,False,offline_attainable_single_model_not_CI
ieee_cis,3,M3,LR,0,raw_probability,0.16230777425146564,58054,1012,69,1215,59054,2213,0.1,5906,1192,0.5386353366470854,0.20182864883169657,106814,0.20758600613834644,1192,1,0,1,1192,1192,1192.0,False,offline_attainable_single_model_not_CI
ieee_cis,3,M3,LightGBM,42,raw_probability,0.5210320103550907,57245,2288,0,0,59054,2213,0.01,591,517,0.23361952101220063,0.8747884940778342,169674,0.8257405210835498,517,1,0,1,517,517,517.0,False,offline_attainable_single_model_not_CI
ieee_cis,3,M3,LightGBM,42,raw_probability,0.5210320103550907,57245,2288,0,0,59054,2213,0.03,1772,1007,0.45503840939900586,0.5682844243792325,121365,0.3964111043286602,1007,1,0,1,1007,1007,1007.0,False,offline_attainable_single_model_not_CI
ieee_cis,3,M3,LightGBM,42,raw_probability,0.5210320103550907,57245,2288,0,0,59054,2213,0.05,2953,1258,0.5684591052869408,0.4260074500507958,97195,0.25053734765870433,1258,1,0,1,1258,1258,1258.0,False,offline_attainable_single_model_not_CI
ieee_cis,3,M3,LightGBM,42,raw_probability,0.5210320103550907,57245,2288,0,0,59054,2213,0.1,5906,1503,0.6791685494803434,0.25448696241110735,75403,0.15354292770258973,1503,1,0,1,1503,1503,1503.0,False,offline_attainable_single_model_not_CI
ieee_cis,3,M3,LightGBM,52,raw_probability,0.5220731486606524,57296,2296,0,0,59054,2213,0.01,591,529,0.23904202440126526,0.8950930626057529,168462,0.8198414936641009,528,1,1,1,529,529,529.0,False,offline_attainable_single_model_not_CI
ieee_cis,3,M3,LightGBM,52,raw_probability,0.5220731486606524,57296,2296,0,0,59054,2213,0.03,1772,1025,0.4631721644826028,0.5784424379232506,119547,0.3882158873865855,1024,1,1,1,1025,1025,1025.0,False,offline_attainable_single_model_not_CI
ieee_cis,3,M3,LightGBM,52,raw_probability,0.5220731486606524,57296,2296,0,0,59054,2213,0.05,2953,1234,0.5576140985088116,0.41788012190992213,99619,0.24309986326759797,1233,1,1,1,1234,1234,1234.0,False,offline_attainable_single_model_not_CI
ieee_cis,3,M3,LightGBM,52,raw_probability,0.5220731486606524,57296,2296,0,0,59054,2213,0.1,5906,1513,0.683687302304564,0.2561801557737894,74393,0.14656581937258858,1513,1,0,1,1513,1513,1513.0,False,offline_attainable_single_model_not_CI
ieee_cis,3,M3,LightGBM,62,raw_probability,0.5265900057797392,57089,2524,0,0,59054,2213,0.01,591,518,0.23407139629462267,0.8764805414551607,169573,0.8205041441740332,517,1,1,1,518,518,518.0,False,offline_attainable_single_model_not_CI
ieee_cis,3,M3,LightGBM,62,raw_probability,0.5265900057797392,57089,2524,0,0,59054,2213,0.03,1772,996,0.4500677812923633,0.5620767494356659,122476,0.3923564959450625,996,1,0,1,996,996,996.0,False,offline_attainable_single_model_not_CI
ieee_cis,3,M3,LightGBM,62,raw_probability,0.5265900057797392,57089,2524,0,0,59054,2213,0.05,2953,1253,0.5661997288748305,0.4243142566881138,97700,0.25232426341599884,1252,1,1,1,1253,1253,1253.0,False,offline_attainable_single_model_not_CI
ieee_cis,3,M3,LightGBM,62,raw_probability,0.5265900057797392,57089,2524,0,0,59054,2213,0.1,5906,1559,0.7044735652959783,0.26396884524212666,69747,0.1334746663014466,1559,1,0,1,1559,1559,1559.0,False,offline_attainable_single_model_not_CI
ieee_cis,3,M3,LightGBM,72,raw_probability,0.5304369455537927,57206,2375,0,0,59054,2213,0.01,591,517,0.23361952101220063,0.8747884940778342,169674,0.8314880153918984,516,1,1,1,517,517,517.0,False,offline_attainable_single_model_not_CI
ieee_cis,3,M3,LightGBM,72,raw_probability,0.5304369455537927,57206,2375,0,0,59054,2213,0.03,1772,1014,0.45820153637596023,0.572234762979684,120658,0.3845851346294949,1014,2,0,2,1014,1014,1014.0,False,offline_attainable_single_model_not_CI
ieee_cis,3,M3,LightGBM,72,raw_probability,0.5304369455537927,57206,2375,0,0,59054,2213,0.05,2953,1237,0.5589697243560777,0.41889603792753133,99316,0.24613569967288254,1237,1,0,1,1237,1237,1237.0,False,offline_attainable_single_model_not_CI
ieee_cis,3,M3,LightGBM,72,raw_probability,0.5304369455537927,57206,2375,0,0,59054,2213,0.1,5906,1545,0.6981473113420696,0.26159837453437185,71161,0.13415340756724445,1545,416,0,398,1545,1545,1545.0,True,offline_attainable_single_model_not_CI
ieee_cis,3,M3,LightGBM,82,raw_probability,0.5153257420957899,57179,2438,0,0,59054,2213,0.01,591,526,0.2376863985539991,0.8900169204737732,168765,0.8318946821999809,526,1,0,1,526,526,526.0,False,offline_attainable_single_model_not_CI
ieee_cis,3,M3,LightGBM,82,raw_probability,0.5153257420957899,57179,2438,0,0,59054,2213,0.03,1772,1021,0.4613646633529146,0.5761851015801355,119951,0.3925133561471272,1021,14,0,7,1021,1021,1021.0,True,offline_attainable_single_model_not_CI
ieee_cis,3,M3,LightGBM,82,raw_probability,0.5153257420957899,57179,2438,0,0,59054,2213,0.05,2953,1184,0.535020334387709,0.4009481882831019,104669,0.2843724387793426,1184,1,0,1,1184,1184,1184.0,False,offline_attainable_single_model_not_CI
ieee_cis,3,M3,LightGBM,82,raw_probability,0.5153257420957899,57179,2438,0,0,59054,2213,0.1,5906,1511,0.6827835517397198,0.25584151710125297,74595,0.15338687013397298,1511,2,0,1,1511,1511,1511.0,True,offline_attainable_single_model_not_CI
