dataset,fold,contrast,role,score_stage,decision_rule,family,metric,estimate
ieee_cis,1,I_HISTORY,core,raw_probability,fixed_budget,LR,delta_ap,-0.008047574075812025
ieee_cis,1,I_HISTORY,core,raw_probability,fixed_budget,LightGBM,delta_ap,0.0029591393038364113
ieee_cis,1,I_HISTORY,core,raw_probability,fixed_budget,LR_minus_LightGBM,delta_ap,-0.011006713379648436
ieee_cis,1,I_HISTORY,core,raw_probability,fixed_budget,LR,delta_tp,-7.0
ieee_cis,1,I_HISTORY,core,raw_probability,fixed_budget,LightGBM,delta_tp,3.4
ieee_cis,1,I_HISTORY,core,raw_probability,fixed_budget,LR_minus_LightGBM,delta_tp,-10.4
ieee_cis,1,I_HISTORY,core,raw_probability,fixed_budget,LR,delta_recall,-0.0033428844317096584
ieee_cis,1,I_HISTORY,core,raw_probability,fixed_budget,LightGBM,delta_recall,0.0016236867239732612
ieee_cis,1,I_HISTORY,core,raw_probability,fixed_budget,LR_minus_LightGBM,delta_recall,-0.004966571155682919
ieee_cis,1,I_WEIGHT,core,raw_probability,fixed_budget,LR,delta_ap,0.004024026375026413
ieee_cis,1,I_WEIGHT,core,raw_probability,fixed_budget,LightGBM,delta_ap,-0.006824412232450594
ieee_cis,1,I_WEIGHT,core,raw_probability,fixed_budget,LR_minus_LightGBM,delta_ap,0.010848438607477006
ieee_cis,1,I_WEIGHT,core,raw_probability,fixed_budget,LR,delta_tp,11.0
ieee_cis,1,I_WEIGHT,core,raw_probability,fixed_budget,LightGBM,delta_tp,-23.2
ieee_cis,1,I_WEIGHT,core,raw_probability,fixed_budget,LR_minus_LightGBM,delta_tp,34.2
ieee_cis,1,I_WEIGHT,core,raw_probability,fixed_budget,LR,delta_recall,0.005253104106972328
ieee_cis,1,I_WEIGHT,core,raw_probability,fixed_budget,LightGBM,delta_recall,-0.01107927411652342
ieee_cis,1,I_WEIGHT,core,raw_probability,fixed_budget,LR_minus_LightGBM,delta_recall,0.016332378223495748
ieee_cis,1,I_PRIMARY,auxiliary,raw_probability,fixed_budget,LR,delta_ap,-0.004023547700785612
ieee_cis,1,I_PRIMARY,auxiliary,raw_probability,fixed_budget,LightGBM,delta_ap,-0.003865272928614183
ieee_cis,1,I_PRIMARY,auxiliary,raw_probability,fixed_budget,LR_minus_LightGBM,delta_ap,-0.00015827477217142958
ieee_cis,1,I_PRIMARY,auxiliary,raw_probability,fixed_budget,LR,delta_tp,4.0
ieee_cis,1,I_PRIMARY,auxiliary,raw_probability,fixed_budget,LightGBM,delta_tp,-19.8
ieee_cis,1,I_PRIMARY,auxiliary,raw_probability,fixed_budget,LR_minus_LightGBM,delta_tp,23.8
ieee_cis,1,I_PRIMARY,auxiliary,raw_probability,fixed_budget,LR,delta_recall,0.00191021967526267
ieee_cis,1,I_PRIMARY,auxiliary,raw_probability,fixed_budget,LightGBM,delta_recall,-0.009455587392550157
ieee_cis,1,I_PRIMARY,auxiliary,raw_probability,fixed_budget,LR_minus_LightGBM,delta_recall,0.011365807067812827
ieee_cis,1,I_ENTITY,auxiliary,raw_probability,fixed_budget,LR,delta_ap,0.006647682998439375
ieee_cis,1,I_ENTITY,auxiliary,raw_probability,fixed_budget,LightGBM,delta_ap,-0.0007745767141947302
ieee_cis,1,I_ENTITY,auxiliary,raw_probability,fixed_budget,LR_minus_LightGBM,delta_ap,0.007422259712634105
ieee_cis,1,I_ENTITY,auxiliary,raw_probability,fixed_budget,LR,delta_tp,8.0
ieee_cis,1,I_ENTITY,auxiliary,raw_probability,fixed_budget,LightGBM,delta_tp,-2.6
ieee_cis,1,I_ENTITY,auxiliary,raw_probability,fixed_budget,LR_minus_LightGBM,delta_tp,10.6
ieee_cis,1,I_ENTITY,auxiliary,raw_probability,fixed_budget,LR,delta_recall,0.0038204393505252843
ieee_cis,1,I_ENTITY,auxiliary,raw_probability,fixed_budget,LightGBM,delta_recall,-0.0012416427889207272
ieee_cis,1,I_ENTITY,auxiliary,raw_probability,fixed_budget,LR_minus_LightGBM,delta_recall,0.005062082139446011
ieee_cis,2,I_HISTORY,core,raw_probability,fixed_budget,LR,delta_ap,0.0021766757333346876
ieee_cis,2,I_HISTORY,core,raw_probability,fixed_budget,LightGBM,delta_ap,-0.0024748675866049564
ieee_cis,2,I_HISTORY,core,raw_probability,fixed_budget,LR_minus_LightGBM,delta_ap,0.0046515433199396435
ieee_cis,2,I_HISTORY,core,raw_probability,fixed_budget,LR,delta_tp,14.0
ieee_cis,2,I_HISTORY,core,raw_probability,fixed_budget,LightGBM,delta_tp,-3.4
ieee_cis,2,I_HISTORY,core,raw_probability,fixed_budget,LR_minus_LightGBM,delta_tp,17.4
ieee_cis,2,I_HISTORY,core,raw_probability,fixed_budget,LR,delta_recall,0.006792819019893259
ieee_cis,2,I_HISTORY,core,raw_probability,fixed_budget,LightGBM,delta_recall,-0.0016496846191169311
ieee_cis,2,I_HISTORY,core,raw_probability,fixed_budget,LR_minus_LightGBM,delta_recall,0.00844250363901019
ieee_cis,2,I_WEIGHT,core,raw_probability,fixed_budget,LR,delta_ap,0.0006592414376656031
ieee_cis,2,I_WEIGHT,core,raw_probability,fixed_budget,LightGBM,delta_ap,0.000536910938522972
ieee_cis,2,I_WEIGHT,core,raw_probability,fixed_budget,LR_minus_LightGBM,delta_ap,0.000122330499142631
ieee_cis,2,I_WEIGHT,core,raw_probability,fixed_budget,LR,delta_tp,1.0
ieee_cis,2,I_WEIGHT,core,raw_probability,fixed_budget,LightGBM,delta_tp,5.0
ieee_cis,2,I_WEIGHT,core,raw_probability,fixed_budget,LR_minus_LightGBM,delta_tp,-4.0
ieee_cis,2,I_WEIGHT,core,raw_probability,fixed_budget,LR,delta_recall,0.00048520135856378044
ieee_cis,2,I_WEIGHT,core,raw_probability,fixed_budget,LightGBM,delta_recall,0.002426006792818991
ieee_cis,2,I_WEIGHT,core,raw_probability,fixed_budget,LR_minus_LightGBM,delta_recall,-0.0019408054342552107
ieee_cis,2,I_PRIMARY,auxiliary,raw_probability,fixed_budget,LR,delta_ap,0.0028359171710002906
ieee_cis,2,I_PRIMARY,auxiliary,raw_probability,fixed_budget,LightGBM,delta_ap,-0.0019379566480819844
ieee_cis,2,I_PRIMARY,auxiliary,raw_probability,fixed_budget,LR_minus_LightGBM,delta_ap,0.004773873819082275
ieee_cis,2,I_PRIMARY,auxiliary,raw_probability,fixed_budget,LR,delta_tp,15.0
ieee_cis,2,I_PRIMARY,auxiliary,raw_probability,fixed_budget,LightGBM,delta_tp,1.6
ieee_cis,2,I_PRIMARY,auxiliary,raw_probability,fixed_budget,LR_minus_LightGBM,delta_tp,13.4
ieee_cis,2,I_PRIMARY,auxiliary,raw_probability,fixed_budget,LR,delta_recall,0.00727802037845704
ieee_cis,2,I_PRIMARY,auxiliary,raw_probability,fixed_budget,LightGBM,delta_recall,0.0007763221737020598
ieee_cis,2,I_PRIMARY,auxiliary,raw_probability,fixed_budget,LR_minus_LightGBM,delta_recall,0.00650169820475498
ieee_cis,2,I_ENTITY,auxiliary,raw_probability,fixed_budget,LR,delta_ap,-0.00020087681018693404
ieee_cis,2,I_ENTITY,auxiliary,raw_probability,fixed_budget,LightGBM,delta_ap,0.001100102550900539
ieee_cis,2,I_ENTITY,auxiliary,raw_probability,fixed_budget,LR_minus_LightGBM,delta_ap,-0.0013009793610874731
ieee_cis,2,I_ENTITY,auxiliary,raw_probability,fixed_budget,LR,delta_tp,-3.0
ieee_cis,2,I_ENTITY,auxiliary,raw_probability,fixed_budget,LightGBM,delta_tp,-6.6
ieee_cis,2,I_ENTITY,auxiliary,raw_probability,fixed_budget,LR_minus_LightGBM,delta_tp,3.5999999999999996
ieee_cis,2,I_ENTITY,auxiliary,raw_probability,fixed_budget,LR,delta_recall,-0.0014556040756913968
ieee_cis,2,I_ENTITY,auxiliary,raw_probability,fixed_budget,LightGBM,delta_recall,-0.003202328966521073
ieee_cis,2,I_ENTITY,auxiliary,raw_probability,fixed_budget,LR_minus_LightGBM,delta_recall,0.0017467248908296764
ieee_cis,3,I_HISTORY,core,raw_probability,fixed_budget,LR,delta_ap,-0.00016187517887039649
ieee_cis,3,I_HISTORY,core,raw_probability,fixed_budget,LightGBM,delta_ap,-0.015458750396921317
ieee_cis,3,I_HISTORY,core,raw_probability,fixed_budget,LR_minus_LightGBM,delta_ap,0.01529687521805092
ieee_cis,3,I_HISTORY,core,raw_probability,fixed_budget,LR,delta_tp,-2.0
ieee_cis,3,I_HISTORY,core,raw_probability,fixed_budget,LightGBM,delta_tp,-81.6
ieee_cis,3,I_HISTORY,core,raw_probability,fixed_budget,LR_minus_LightGBM,delta_tp,79.6
ieee_cis,3,I_HISTORY,core,raw_probability,fixed_budget,LR,delta_recall,-0.0009037505648440969
ieee_cis,3,I_HISTORY,core,raw_probability,fixed_budget,LightGBM,delta_recall,-0.0368730230456394
ieee_cis,3,I_HISTORY,core,raw_probability,fixed_budget,LR_minus_LightGBM,delta_recall,0.0359692724807953
ieee_cis,3,I_WEIGHT,core,raw_probability,fixed_budget,LR,delta_ap,0.0019078471303745348
ieee_cis,3,I_WEIGHT,core,raw_probability,fixed_budget,LightGBM,delta_ap,0.03428851709727041
ieee_cis,3,I_WEIGHT,core,raw_probability,fixed_budget,LR_minus_LightGBM,delta_ap,-0.03238066996689588
ieee_cis,3,I_WEIGHT,core,raw_probability,fixed_budget,LR,delta_tp,1.0
ieee_cis,3,I_WEIGHT,core,raw_probability,fixed_budget,LightGBM,delta_tp,100.2
ieee_cis,3,I_WEIGHT,core,raw_probability,fixed_budget,LR_minus_LightGBM,delta_tp,-99.2
ieee_cis,3,I_WEIGHT,core,raw_probability,fixed_budget,LR,delta_recall,0.00045187528242204844
ieee_cis,3,I_WEIGHT,core,raw_probability,fixed_budget,LightGBM,delta_recall,0.04527790329868956
ieee_cis,3,I_WEIGHT,core,raw_probability,fixed_budget,LR_minus_LightGBM,delta_recall,-0.04482602801626751
ieee_cis,3,I_PRIMARY,auxiliary,raw_probability,fixed_budget,LR,delta_ap,0.0017459719515041383
ieee_cis,3,I_PRIMARY,auxiliary,raw_probability,fixed_budget,LightGBM,delta_ap,0.018829766700349092
ieee_cis,3,I_PRIMARY,auxiliary,raw_probability,fixed_budget,LR_minus_LightGBM,delta_ap,-0.017083794748844954
ieee_cis,3,I_PRIMARY,auxiliary,raw_probability,fixed_budget,LR,delta_tp,-1.0
ieee_cis,3,I_PRIMARY,auxiliary,raw_probability,fixed_budget,LightGBM,delta_tp,18.6
ieee_cis,3,I_PRIMARY,auxiliary,raw_probability,fixed_budget,LR_minus_LightGBM,delta_tp,-19.6
ieee_cis,3,I_PRIMARY,auxiliary,raw_probability,fixed_budget,LR,delta_recall,-0.00045187528242204844
ieee_cis,3,I_PRIMARY,auxiliary,raw_probability,fixed_budget,LightGBM,delta_recall,0.008404880253050162
ieee_cis,3,I_PRIMARY,auxiliary,raw_probability,fixed_budget,LR_minus_LightGBM,delta_recall,-0.00885675553547221
ieee_cis,3,I_ENTITY,auxiliary,raw_probability,fixed_budget,LR,delta_ap,8.568527681260263e-05
ieee_cis,3,I_ENTITY,auxiliary,raw_probability,fixed_budget,LightGBM,delta_ap,-2.9087079569822815e-05
ieee_cis,3,I_ENTITY,auxiliary,raw_probability,fixed_budget,LR_minus_LightGBM,delta_ap,0.00011477235638242545
ieee_cis,3,I_ENTITY,auxiliary,raw_probability,fixed_budget,LR,delta_tp,-4.0
ieee_cis,3,I_ENTITY,auxiliary,raw_probability,fixed_budget,LightGBM,delta_tp,-2.6
ieee_cis,3,I_ENTITY,auxiliary,raw_probability,fixed_budget,LR_minus_LightGBM,delta_tp,-1.4
ieee_cis,3,I_ENTITY,auxiliary,raw_probability,fixed_budget,LR,delta_recall,-0.0018075011296881938
ieee_cis,3,I_ENTITY,auxiliary,raw_probability,fixed_budget,LightGBM,delta_recall,-0.0011748757342973427
ieee_cis,3,I_ENTITY,auxiliary,raw_probability,fixed_budget,LR_minus_LightGBM,delta_recall,-0.0006326253953908511
