dataset,fold,seed,metric,draws,max_abs_error,status
paysim,1,42,delta_recall,5000,1.1102230246251565e-16,PASS
paysim,1,42,cost_reduction,5000,0.0,PASS
paysim,1,42,cost_reduction_per_100k,5000,0.0,PASS
paysim,1,42,delta_cost_saving_rate,5000,1.1102230246251565e-16,PASS
paysim,1,42,delta_pr_auc,5000,0.0,PASS
paysim,1,52,delta_recall,5000,1.1102230246251565e-16,PASS
paysim,1,52,cost_reduction,5000,0.0,PASS
paysim,1,52,cost_reduction_per_100k,5000,0.0,PASS
paysim,1,52,delta_cost_saving_rate,5000,1.1102230246251565e-16,PASS
paysim,1,52,delta_pr_auc,5000,0.0,PASS
paysim,1,62,delta_recall,5000,1.1102230246251565e-16,PASS
paysim,1,62,cost_reduction,5000,0.0,PASS
paysim,1,62,cost_reduction_per_100k,5000,0.0,PASS
paysim,1,62,delta_cost_saving_rate,5000,1.1102230246251565e-16,PASS
paysim,1,62,delta_pr_auc,5000,0.0,PASS
paysim,1,72,delta_recall,5000,1.1102230246251565e-16,PASS
paysim,1,72,cost_reduction,5000,0.0,PASS
paysim,1,72,cost_reduction_per_100k,5000,0.0,PASS
paysim,1,72,delta_cost_saving_rate,5000,1.1102230246251565e-16,PASS
paysim,1,72,delta_pr_auc,5000,0.0,PASS
paysim,1,82,delta_recall,5000,1.1102230246251565e-16,PASS
paysim,1,82,cost_reduction,5000,0.0,PASS
paysim,1,82,cost_reduction_per_100k,5000,0.0,PASS
paysim,1,82,delta_cost_saving_rate,5000,1.1102230246251565e-16,PASS
paysim,1,82,delta_pr_auc,5000,0.0,PASS
paysim,2,42,delta_recall,5000,1.1102230246251565e-16,PASS
paysim,2,42,cost_reduction,5000,0.0,PASS
paysim,2,42,cost_reduction_per_100k,5000,0.0,PASS
paysim,2,42,delta_cost_saving_rate,5000,1.1102230246251565e-16,PASS
paysim,2,42,delta_pr_auc,5000,0.0,PASS
paysim,2,52,delta_recall,5000,1.1102230246251565e-16,PASS
paysim,2,52,cost_reduction,5000,0.0,PASS
paysim,2,52,cost_reduction_per_100k,5000,0.0,PASS
paysim,2,52,delta_cost_saving_rate,5000,1.1102230246251565e-16,PASS
paysim,2,52,delta_pr_auc,5000,0.0,PASS
paysim,2,62,delta_recall,5000,1.1102230246251565e-16,PASS
paysim,2,62,cost_reduction,5000,0.0,PASS
paysim,2,62,cost_reduction_per_100k,5000,0.0,PASS
paysim,2,62,delta_cost_saving_rate,5000,1.1102230246251565e-16,PASS
paysim,2,62,delta_pr_auc,5000,0.0,PASS
paysim,2,72,delta_recall,5000,1.1102230246251565e-16,PASS
paysim,2,72,cost_reduction,5000,0.0,PASS
paysim,2,72,cost_reduction_per_100k,5000,0.0,PASS
paysim,2,72,delta_cost_saving_rate,5000,1.1102230246251565e-16,PASS
paysim,2,72,delta_pr_auc,5000,0.0,PASS
paysim,2,82,delta_recall,5000,1.1102230246251565e-16,PASS
paysim,2,82,cost_reduction,5000,0.0,PASS
paysim,2,82,cost_reduction_per_100k,5000,0.0,PASS
paysim,2,82,delta_cost_saving_rate,5000,1.1102230246251565e-16,PASS
paysim,2,82,delta_pr_auc,5000,0.0,PASS
paysim,3,42,delta_recall,5000,5.551115123125783e-17,PASS
paysim,3,42,cost_reduction,5000,0.0,PASS
paysim,3,42,cost_reduction_per_100k,5000,0.0,PASS
paysim,3,42,delta_cost_saving_rate,5000,5.551115123125783e-17,PASS
paysim,3,42,delta_pr_auc,5000,0.0,PASS
paysim,3,52,delta_recall,5000,5.551115123125783e-17,PASS
paysim,3,52,cost_reduction,5000,0.0,PASS
paysim,3,52,cost_reduction_per_100k,5000,0.0,PASS
paysim,3,52,delta_cost_saving_rate,5000,8.326672684688674e-17,PASS
paysim,3,52,delta_pr_auc,5000,0.0,PASS
paysim,3,62,delta_recall,5000,5.551115123125783e-17,PASS
paysim,3,62,cost_reduction,5000,0.0,PASS
paysim,3,62,cost_reduction_per_100k,5000,0.0,PASS
paysim,3,62,delta_cost_saving_rate,5000,5.551115123125783e-17,PASS
paysim,3,62,delta_pr_auc,5000,0.0,PASS
paysim,3,72,delta_recall,5000,1.1102230246251565e-16,PASS
paysim,3,72,cost_reduction,5000,0.0,PASS
paysim,3,72,cost_reduction_per_100k,5000,0.0,PASS
paysim,3,72,delta_cost_saving_rate,5000,1.1102230246251565e-16,PASS
paysim,3,72,delta_pr_auc,5000,0.0,PASS
paysim,3,82,delta_recall,5000,5.551115123125783e-17,PASS
paysim,3,82,cost_reduction,5000,0.0,PASS
paysim,3,82,cost_reduction_per_100k,5000,0.0,PASS
paysim,3,82,delta_cost_saving_rate,5000,5.551115123125783e-17,PASS
paysim,3,82,delta_pr_auc,5000,0.0,PASS
ieee_cis,1,42,delta_tp,5000,0.0,PASS
ieee_cis,1,42,delta_recall,5000,5.4643789493269423e-17,PASS
ieee_cis,1,42,cost_reduction,5000,0.0,PASS
ieee_cis,1,42,delta_pr_auc,5000,0.0,PASS
ieee_cis,1,52,delta_tp,5000,0.0,PASS
ieee_cis,1,52,delta_recall,5000,5.421010862427522e-17,PASS
ieee_cis,1,52,cost_reduction,5000,0.0,PASS
ieee_cis,1,52,delta_pr_auc,5000,0.0,PASS
ieee_cis,1,62,delta_tp,5000,0.0,PASS
ieee_cis,1,62,delta_recall,5000,5.551115123125783e-17,PASS
ieee_cis,1,62,cost_reduction,5000,0.0,PASS
ieee_cis,1,62,delta_pr_auc,5000,0.0,PASS
ieee_cis,1,72,delta_tp,5000,0.0,PASS
ieee_cis,1,72,delta_recall,5000,5.421010862427522e-17,PASS
ieee_cis,1,72,cost_reduction,5000,0.0,PASS
ieee_cis,1,72,delta_pr_auc,5000,0.0,PASS
ieee_cis,1,82,delta_tp,5000,0.0,PASS
ieee_cis,1,82,delta_recall,5000,5.551115123125783e-17,PASS
ieee_cis,1,82,cost_reduction,5000,0.0,PASS
ieee_cis,1,82,delta_pr_auc,5000,0.0,PASS
ieee_cis,2,42,delta_tp,5000,0.0,PASS
ieee_cis,2,42,delta_recall,5000,1.0755285551056204e-16,PASS
ieee_cis,2,42,cost_reduction,5000,0.0,PASS
ieee_cis,2,42,delta_pr_auc,5000,0.0,PASS
ieee_cis,2,52,delta_tp,5000,0.0,PASS
ieee_cis,2,52,delta_recall,5000,1.0928757898653885e-16,PASS
ieee_cis,2,52,cost_reduction,5000,0.0,PASS
ieee_cis,2,52,delta_pr_auc,5000,0.0,PASS
ieee_cis,2,62,delta_tp,5000,0.0,PASS
ieee_cis,2,62,delta_recall,5000,1.0755285551056204e-16,PASS
ieee_cis,2,62,cost_reduction,5000,0.0,PASS
ieee_cis,2,62,delta_pr_auc,5000,0.0,PASS
ieee_cis,2,72,delta_tp,5000,0.0,PASS
ieee_cis,2,72,delta_recall,5000,1.1102230246251565e-16,PASS
ieee_cis,2,72,cost_reduction,5000,0.0,PASS
ieee_cis,2,72,delta_pr_auc,5000,0.0,PASS
ieee_cis,2,82,delta_tp,5000,0.0,PASS
ieee_cis,2,82,delta_recall,5000,1.0755285551056204e-16,PASS
ieee_cis,2,82,cost_reduction,5000,0.0,PASS
ieee_cis,2,82,delta_pr_auc,5000,0.0,PASS
ieee_cis,3,42,delta_tp,5000,0.0,PASS
ieee_cis,3,42,delta_recall,5000,5.551115123125783e-17,PASS
ieee_cis,3,42,cost_reduction,5000,0.0,PASS
ieee_cis,3,42,delta_pr_auc,5000,0.0,PASS
ieee_cis,3,52,delta_tp,5000,0.0,PASS
ieee_cis,3,52,delta_recall,5000,6.591949208711867e-17,PASS
ieee_cis,3,52,cost_reduction,5000,0.0,PASS
ieee_cis,3,52,delta_pr_auc,5000,0.0,PASS
ieee_cis,3,62,delta_tp,5000,0.0,PASS
ieee_cis,3,62,delta_recall,5000,6.938893903907228e-17,PASS
ieee_cis,3,62,cost_reduction,5000,0.0,PASS
ieee_cis,3,62,delta_pr_auc,5000,0.0,PASS
ieee_cis,3,72,delta_tp,5000,0.0,PASS
ieee_cis,3,72,delta_recall,5000,6.765421556309548e-17,PASS
ieee_cis,3,72,cost_reduction,5000,0.0,PASS
ieee_cis,3,72,delta_pr_auc,5000,0.0,PASS
ieee_cis,3,82,delta_tp,5000,0.0,PASS
ieee_cis,3,82,delta_recall,5000,5.551115123125783e-17,PASS
ieee_cis,3,82,cost_reduction,5000,0.0,PASS
ieee_cis,3,82,delta_pr_auc,5000,0.0,PASS
