family,cell,seed,step,tp
LightGBM,B0,42,126,36
LightGBM,B0,42,127,37
LightGBM,B0,42,128,35
LightGBM,B0,42,129,35
LightGBM,B0,42,130,36
LightGBM,B0,42,131,37
LightGBM,B0,42,132,32
LightGBM,B0,42,133,37
LightGBM,B0,42,134,34
LightGBM,B0,42,135,35
LightGBM,B0,42,136,36
LightGBM,B0,42,137,33
LightGBM,B0,42,138,34
LightGBM,B0,42,139,37
LightGBM,B0,42,140,37
LightGBM,B0,42,141,37
LightGBM,B0,42,142,35
LightGBM,B0,42,143,36
LightGBM,B0,42,144,32
LightGBM,B0,42,145,33
LightGBM,B0,42,146,35
LightGBM,B0,42,147,35
LightGBM,B0,42,148,31
LightGBM,B0,42,149,38
LightGBM,B0,42,150,36
LightGBM,B0,42,151,36
LightGBM,B0,42,152,38
LightGBM,B0,42,153,38
LightGBM,B0,42,154,37
LightGBM,B0,42,155,37
LightGBM,B0,42,156,35
LightGBM,B0,42,157,34
LightGBM,B0,42,158,33
LightGBM,B0,42,159,34
LightGBM,B0,42,160,34
LightGBM,B0,42,161,37
LightGBM,B0,42,162,36
LightGBM,B0,42,163,31
LightGBM,B0,42,164,35
LightGBM,B0,42,165,35
LightGBM,B0,42,166,35
LightGBM,B0,42,167,32
LightGBM,B0,42,168,34
LightGBM,B0,42,169,35
LightGBM,B0,42,170,31
LightGBM,B0,42,171,37
LightGBM,B0,42,172,33
LightGBM,B0,42,173,34
LightGBM,B0,42,174,34
LightGBM,B0,42,175,35
LightGBM,B0,42,176,31
LightGBM,B0,42,177,35
LightGBM,B0,42,178,39
LightGBM,B0,42,179,36
LightGBM,B0,52,126,36
LightGBM,B0,52,127,35
LightGBM,B0,52,128,35
LightGBM,B0,52,129,35
LightGBM,B0,52,130,36
LightGBM,B0,52,131,37
LightGBM,B0,52,132,32
LightGBM,B0,52,133,37
LightGBM,B0,52,134,34
LightGBM,B0,52,135,36
LightGBM,B0,52,136,35
LightGBM,B0,52,137,33
LightGBM,B0,52,138,35
LightGBM,B0,52,139,36
LightGBM,B0,52,140,38
LightGBM,B0,52,141,37
LightGBM,B0,52,142,35
LightGBM,B0,52,143,36
LightGBM,B0,52,144,32
LightGBM,B0,52,145,33
LightGBM,B0,52,146,35
LightGBM,B0,52,147,36
LightGBM,B0,52,148,31
LightGBM,B0,52,149,37
LightGBM,B0,52,150,36
LightGBM,B0,52,151,37
LightGBM,B0,52,152,38
LightGBM,B0,52,153,38
LightGBM,B0,52,154,37
LightGBM,B0,52,155,37
LightGBM,B0,52,156,36
LightGBM,B0,52,157,34
LightGBM,B0,52,158,33
LightGBM,B0,52,159,34
LightGBM,B0,52,160,34
LightGBM,B0,52,161,37
LightGBM,B0,52,162,37
LightGBM,B0,52,163,31
LightGBM,B0,52,164,35
LightGBM,B0,52,165,35
LightGBM,B0,52,166,34
LightGBM,B0,52,167,32
LightGBM,B0,52,168,34
LightGBM,B0,52,169,35
LightGBM,B0,52,170,32
LightGBM,B0,52,171,37
LightGBM,B0,52,172,34
LightGBM,B0,52,173,34
LightGBM,B0,52,174,34
LightGBM,B0,52,175,36
LightGBM,B0,52,176,34
LightGBM,B0,52,177,35
LightGBM,B0,52,178,39
LightGBM,B0,52,179,37
LightGBM,B0,62,126,36
LightGBM,B0,62,127,35
LightGBM,B0,62,128,35
LightGBM,B0,62,129,36
LightGBM,B0,62,130,36
LightGBM,B0,62,131,37
LightGBM,B0,62,132,33
LightGBM,B0,62,133,37
LightGBM,B0,62,134,35
LightGBM,B0,62,135,36
LightGBM,B0,62,136,36
LightGBM,B0,62,137,33
LightGBM,B0,62,138,35
LightGBM,B0,62,139,36
LightGBM,B0,62,140,38
LightGBM,B0,62,141,37
LightGBM,B0,62,142,36
LightGBM,B0,62,143,36
LightGBM,B0,62,144,32
LightGBM,B0,62,145,33
LightGBM,B0,62,146,35
LightGBM,B0,62,147,36
LightGBM,B0,62,148,31
LightGBM,B0,62,149,38
LightGBM,B0,62,150,36
LightGBM,B0,62,151,36
LightGBM,B0,62,152,38
LightGBM,B0,62,153,38
LightGBM,B0,62,154,37
LightGBM,B0,62,155,37
LightGBM,B0,62,156,35
LightGBM,B0,62,157,34
LightGBM,B0,62,158,33
LightGBM,B0,62,159,34
LightGBM,B0,62,160,34
LightGBM,B0,62,161,37
LightGBM,B0,62,162,37
LightGBM,B0,62,163,32
LightGBM,B0,62,164,35
LightGBM,B0,62,165,35
LightGBM,B0,62,166,34
LightGBM,B0,62,167,32
LightGBM,B0,62,168,34
LightGBM,B0,62,169,35
LightGBM,B0,62,170,31
LightGBM,B0,62,171,37
LightGBM,B0,62,172,34
LightGBM,B0,62,173,34
LightGBM,B0,62,174,34
LightGBM,B0,62,175,36
LightGBM,B0,62,176,34
LightGBM,B0,62,177,35
LightGBM,B0,62,178,39
LightGBM,B0,62,179,37
LightGBM,B0,72,126,36
LightGBM,B0,72,127,35
LightGBM,B0,72,128,35
LightGBM,B0,72,129,35
LightGBM,B0,72,130,36
LightGBM,B0,72,131,37
LightGBM,B0,72,132,32
LightGBM,B0,72,133,37
LightGBM,B0,72,134,34
LightGBM,B0,72,135,35
LightGBM,B0,72,136,36
LightGBM,B0,72,137,33
LightGBM,B0,72,138,35
LightGBM,B0,72,139,37
LightGBM,B0,72,140,37
LightGBM,B0,72,141,37
LightGBM,B0,72,142,36
LightGBM,B0,72,143,36
LightGBM,B0,72,144,32
LightGBM,B0,72,145,33
LightGBM,B0,72,146,35
LightGBM,B0,72,147,37
LightGBM,B0,72,148,32
LightGBM,B0,72,149,38
LightGBM,B0,72,150,36
LightGBM,B0,72,151,36
LightGBM,B0,72,152,38
LightGBM,B0,72,153,38
LightGBM,B0,72,154,37
LightGBM,B0,72,155,37
LightGBM,B0,72,156,35
LightGBM,B0,72,157,34
LightGBM,B0,72,158,33
LightGBM,B0,72,159,34
LightGBM,B0,72,160,34
LightGBM,B0,72,161,37
LightGBM,B0,72,162,37
LightGBM,B0,72,163,32
LightGBM,B0,72,164,35
LightGBM,B0,72,165,35
LightGBM,B0,72,166,35
LightGBM,B0,72,167,32
LightGBM,B0,72,168,34
LightGBM,B0,72,169,35
LightGBM,B0,72,170,31
LightGBM,B0,72,171,37
LightGBM,B0,72,172,34
LightGBM,B0,72,173,34
LightGBM,B0,72,174,34
LightGBM,B0,72,175,35
LightGBM,B0,72,176,33
LightGBM,B0,72,177,35
LightGBM,B0,72,178,39
LightGBM,B0,72,179,36
LightGBM,B0,82,126,36
LightGBM,B0,82,127,36
LightGBM,B0,82,128,35
LightGBM,B0,82,129,35
LightGBM,B0,82,130,36
LightGBM,B0,82,131,37
LightGBM,B0,82,132,32
LightGBM,B0,82,133,37
LightGBM,B0,82,134,34
LightGBM,B0,82,135,35
LightGBM,B0,82,136,36
LightGBM,B0,82,137,33
LightGBM,B0,82,138,35
LightGBM,B0,82,139,37
LightGBM,B0,82,140,37
LightGBM,B0,82,141,37
LightGBM,B0,82,142,35
LightGBM,B0,82,143,36
LightGBM,B0,82,144,32
LightGBM,B0,82,145,33
LightGBM,B0,82,146,35
LightGBM,B0,82,147,35
LightGBM,B0,82,148,32
LightGBM,B0,82,149,38
LightGBM,B0,82,150,36
LightGBM,B0,82,151,36
LightGBM,B0,82,152,38
LightGBM,B0,82,153,39
LightGBM,B0,82,154,37
LightGBM,B0,82,155,37
LightGBM,B0,82,156,35
LightGBM,B0,82,157,34
LightGBM,B0,82,158,33
LightGBM,B0,82,159,34
LightGBM,B0,82,160,34
LightGBM,B0,82,161,37
LightGBM,B0,82,162,37
LightGBM,B0,82,163,32
LightGBM,B0,82,164,35
LightGBM,B0,82,165,35
LightGBM,B0,82,166,35
LightGBM,B0,82,167,32
LightGBM,B0,82,168,34
LightGBM,B0,82,169,35
LightGBM,B0,82,170,31
LightGBM,B0,82,171,37
LightGBM,B0,82,172,33
LightGBM,B0,82,173,34
LightGBM,B0,82,174,34
LightGBM,B0,82,175,35
LightGBM,B0,82,176,32
LightGBM,B0,82,177,35
LightGBM,B0,82,178,39
LightGBM,B0,82,179,37
XGBoost,B0,42,126,36
XGBoost,B0,42,127,35
XGBoost,B0,42,128,35
XGBoost,B0,42,129,35
XGBoost,B0,42,130,36
XGBoost,B0,42,131,37
XGBoost,B0,42,132,32
XGBoost,B0,42,133,37
XGBoost,B0,42,134,34
XGBoost,B0,42,135,36
XGBoost,B0,42,136,36
XGBoost,B0,42,137,33
XGBoost,B0,42,138,34
XGBoost,B0,42,139,36
XGBoost,B0,42,140,38
XGBoost,B0,42,141,37
XGBoost,B0,42,142,35
XGBoost,B0,42,143,36
XGBoost,B0,42,144,32
XGBoost,B0,42,145,33
XGBoost,B0,42,146,35
XGBoost,B0,42,147,36
XGBoost,B0,42,148,30
XGBoost,B0,42,149,38
XGBoost,B0,42,150,36
XGBoost,B0,42,151,36
XGBoost,B0,42,152,38
XGBoost,B0,42,153,38
XGBoost,B0,42,154,37
XGBoost,B0,42,155,37
XGBoost,B0,42,156,35
XGBoost,B0,42,157,34
XGBoost,B0,42,158,33
XGBoost,B0,42,159,34
XGBoost,B0,42,160,34
XGBoost,B0,42,161,37
XGBoost,B0,42,162,37
XGBoost,B0,42,163,31
XGBoost,B0,42,164,35
XGBoost,B0,42,165,35
XGBoost,B0,42,166,35
XGBoost,B0,42,167,32
XGBoost,B0,42,168,34
XGBoost,B0,42,169,35
XGBoost,B0,42,170,31
XGBoost,B0,42,171,37
XGBoost,B0,42,172,33
XGBoost,B0,42,173,34
XGBoost,B0,42,174,34
XGBoost,B0,42,175,36
XGBoost,B0,42,176,33
XGBoost,B0,42,177,35
XGBoost,B0,42,178,39
XGBoost,B0,42,179,37
XGBoost,B0,52,126,36
XGBoost,B0,52,127,35
XGBoost,B0,52,128,35
XGBoost,B0,52,129,35
XGBoost,B0,52,130,36
XGBoost,B0,52,131,37
XGBoost,B0,52,132,32
XGBoost,B0,52,133,37
XGBoost,B0,52,134,34
XGBoost,B0,52,135,36
XGBoost,B0,52,136,36
XGBoost,B0,52,137,33
XGBoost,B0,52,138,34
XGBoost,B0,52,139,36
XGBoost,B0,52,140,38
XGBoost,B0,52,141,37
XGBoost,B0,52,142,35
XGBoost,B0,52,143,36
XGBoost,B0,52,144,32
XGBoost,B0,52,145,33
XGBoost,B0,52,146,35
XGBoost,B0,52,147,36
XGBoost,B0,52,148,30
XGBoost,B0,52,149,38
XGBoost,B0,52,150,36
XGBoost,B0,52,151,36
XGBoost,B0,52,152,38
XGBoost,B0,52,153,38
XGBoost,B0,52,154,37
XGBoost,B0,52,155,37
XGBoost,B0,52,156,35
XGBoost,B0,52,157,34
XGBoost,B0,52,158,33
XGBoost,B0,52,159,34
XGBoost,B0,52,160,34
XGBoost,B0,52,161,37
XGBoost,B0,52,162,37
XGBoost,B0,52,163,31
XGBoost,B0,52,164,35
XGBoost,B0,52,165,35
XGBoost,B0,52,166,35
XGBoost,B0,52,167,32
XGBoost,B0,52,168,34
XGBoost,B0,52,169,35
XGBoost,B0,52,170,31
XGBoost,B0,52,171,37
XGBoost,B0,52,172,33
XGBoost,B0,52,173,34
XGBoost,B0,52,174,34
XGBoost,B0,52,175,36
XGBoost,B0,52,176,33
XGBoost,B0,52,177,35
XGBoost,B0,52,178,39
XGBoost,B0,52,179,37
XGBoost,B0,62,126,37
XGBoost,B0,62,127,35
XGBoost,B0,62,128,35
XGBoost,B0,62,129,35
XGBoost,B0,62,130,36
XGBoost,B0,62,131,37
XGBoost,B0,62,132,32
XGBoost,B0,62,133,37
XGBoost,B0,62,134,34
XGBoost,B0,62,135,36
XGBoost,B0,62,136,36
XGBoost,B0,62,137,33
XGBoost,B0,62,138,34
XGBoost,B0,62,139,36
XGBoost,B0,62,140,38
XGBoost,B0,62,141,37
XGBoost,B0,62,142,35
XGBoost,B0,62,143,36
XGBoost,B0,62,144,32
XGBoost,B0,62,145,33
XGBoost,B0,62,146,35
XGBoost,B0,62,147,35
XGBoost,B0,62,148,30
XGBoost,B0,62,149,38
XGBoost,B0,62,150,36
XGBoost,B0,62,151,36
XGBoost,B0,62,152,38
XGBoost,B0,62,153,38
XGBoost,B0,62,154,37
XGBoost,B0,62,155,37
XGBoost,B0,62,156,35
XGBoost,B0,62,157,34
XGBoost,B0,62,158,33
XGBoost,B0,62,159,34
XGBoost,B0,62,160,34
XGBoost,B0,62,161,37
XGBoost,B0,62,162,37
XGBoost,B0,62,163,31
XGBoost,B0,62,164,35
XGBoost,B0,62,165,36
XGBoost,B0,62,166,35
XGBoost,B0,62,167,32
XGBoost,B0,62,168,34
XGBoost,B0,62,169,35
XGBoost,B0,62,170,31
XGBoost,B0,62,171,37
XGBoost,B0,62,172,33
XGBoost,B0,62,173,34
XGBoost,B0,62,174,34
XGBoost,B0,62,175,36
XGBoost,B0,62,176,33
XGBoost,B0,62,177,35
XGBoost,B0,62,178,39
XGBoost,B0,62,179,37
XGBoost,B0,72,126,37
XGBoost,B0,72,127,35
XGBoost,B0,72,128,35
XGBoost,B0,72,129,35
XGBoost,B0,72,130,36
XGBoost,B0,72,131,37
XGBoost,B0,72,132,32
XGBoost,B0,72,133,37
XGBoost,B0,72,134,34
XGBoost,B0,72,135,36
XGBoost,B0,72,136,36
XGBoost,B0,72,137,33
XGBoost,B0,72,138,34
XGBoost,B0,72,139,36
XGBoost,B0,72,140,38
XGBoost,B0,72,141,37
XGBoost,B0,72,142,35
XGBoost,B0,72,143,36
XGBoost,B0,72,144,32
XGBoost,B0,72,145,33
XGBoost,B0,72,146,35
XGBoost,B0,72,147,36
XGBoost,B0,72,148,30
XGBoost,B0,72,149,38
XGBoost,B0,72,150,36
XGBoost,B0,72,151,36
XGBoost,B0,72,152,38
XGBoost,B0,72,153,38
XGBoost,B0,72,154,37
XGBoost,B0,72,155,37
XGBoost,B0,72,156,35
XGBoost,B0,72,157,34
XGBoost,B0,72,158,33
XGBoost,B0,72,159,34
XGBoost,B0,72,160,34
XGBoost,B0,72,161,37
XGBoost,B0,72,162,37
XGBoost,B0,72,163,31
XGBoost,B0,72,164,35
XGBoost,B0,72,165,36
XGBoost,B0,72,166,35
XGBoost,B0,72,167,32
XGBoost,B0,72,168,34
XGBoost,B0,72,169,35
XGBoost,B0,72,170,31
XGBoost,B0,72,171,37
XGBoost,B0,72,172,33
XGBoost,B0,72,173,34
XGBoost,B0,72,174,34
XGBoost,B0,72,175,36
XGBoost,B0,72,176,33
XGBoost,B0,72,177,35
XGBoost,B0,72,178,39
XGBoost,B0,72,179,37
XGBoost,B0,82,126,36
XGBoost,B0,82,127,35
XGBoost,B0,82,128,35
XGBoost,B0,82,129,35
XGBoost,B0,82,130,36
XGBoost,B0,82,131,37
XGBoost,B0,82,132,32
XGBoost,B0,82,133,37
XGBoost,B0,82,134,34
XGBoost,B0,82,135,36
XGBoost,B0,82,136,36
XGBoost,B0,82,137,33
XGBoost,B0,82,138,34
XGBoost,B0,82,139,36
XGBoost,B0,82,140,38
XGBoost,B0,82,141,37
XGBoost,B0,82,142,35
XGBoost,B0,82,143,36
XGBoost,B0,82,144,32
XGBoost,B0,82,145,33
XGBoost,B0,82,146,35
XGBoost,B0,82,147,36
XGBoost,B0,82,148,30
XGBoost,B0,82,149,38
XGBoost,B0,82,150,36
XGBoost,B0,82,151,36
XGBoost,B0,82,152,38
XGBoost,B0,82,153,38
XGBoost,B0,82,154,37
XGBoost,B0,82,155,37
XGBoost,B0,82,156,35
XGBoost,B0,82,157,34
XGBoost,B0,82,158,33
XGBoost,B0,82,159,34
XGBoost,B0,82,160,34
XGBoost,B0,82,161,37
XGBoost,B0,82,162,36
XGBoost,B0,82,163,31
XGBoost,B0,82,164,35
XGBoost,B0,82,165,35
XGBoost,B0,82,166,35
XGBoost,B0,82,167,32
XGBoost,B0,82,168,34
XGBoost,B0,82,169,35
XGBoost,B0,82,170,31
XGBoost,B0,82,171,37
XGBoost,B0,82,172,33
XGBoost,B0,82,173,34
XGBoost,B0,82,174,34
XGBoost,B0,82,175,36
XGBoost,B0,82,176,33
XGBoost,B0,82,177,35
XGBoost,B0,82,178,39
XGBoost,B0,82,179,36
LightGBM,B0H,42,126,39
LightGBM,B0H,42,127,38
LightGBM,B0H,42,128,39
LightGBM,B0H,42,129,40
LightGBM,B0H,42,130,38
LightGBM,B0H,42,131,40
LightGBM,B0H,42,132,39
LightGBM,B0H,42,133,39
LightGBM,B0H,42,134,38
LightGBM,B0H,42,135,40
LightGBM,B0H,42,136,39
LightGBM,B0H,42,137,39
LightGBM,B0H,42,138,40
LightGBM,B0H,42,139,38
LightGBM,B0H,42,140,40
LightGBM,B0H,42,141,40
LightGBM,B0H,42,142,40
LightGBM,B0H,42,143,40
LightGBM,B0H,42,144,39
LightGBM,B0H,42,145,36
LightGBM,B0H,42,146,39
LightGBM,B0H,42,147,40
LightGBM,B0H,42,148,39
LightGBM,B0H,42,149,40
LightGBM,B0H,42,150,40
LightGBM,B0H,42,151,38
LightGBM,B0H,42,152,40
LightGBM,B0H,42,153,40
LightGBM,B0H,42,154,39
LightGBM,B0H,42,155,37
LightGBM,B0H,42,156,39
LightGBM,B0H,42,157,39
LightGBM,B0H,42,158,38
LightGBM,B0H,42,159,39
LightGBM,B0H,42,160,39
LightGBM,B0H,42,161,39
LightGBM,B0H,42,162,40
LightGBM,B0H,42,163,36
LightGBM,B0H,42,164,39
LightGBM,B0H,42,165,40
LightGBM,B0H,42,166,40
LightGBM,B0H,42,167,37
LightGBM,B0H,42,168,39
LightGBM,B0H,42,169,39
LightGBM,B0H,42,170,40
LightGBM,B0H,42,171,40
LightGBM,B0H,42,172,39
LightGBM,B0H,42,173,37
LightGBM,B0H,42,174,37
LightGBM,B0H,42,175,39
LightGBM,B0H,42,176,39
LightGBM,B0H,42,177,40
LightGBM,B0H,42,178,40
LightGBM,B0H,42,179,38
LightGBM,B0H,52,126,39
LightGBM,B0H,52,127,38
LightGBM,B0H,52,128,38
LightGBM,B0H,52,129,40
LightGBM,B0H,52,130,38
LightGBM,B0H,52,131,40
LightGBM,B0H,52,132,39
LightGBM,B0H,52,133,39
LightGBM,B0H,52,134,38
LightGBM,B0H,52,135,40
LightGBM,B0H,52,136,39
LightGBM,B0H,52,137,39
LightGBM,B0H,52,138,40
LightGBM,B0H,52,139,39
LightGBM,B0H,52,140,40
LightGBM,B0H,52,141,40
LightGBM,B0H,52,142,40
LightGBM,B0H,52,143,40
LightGBM,B0H,52,144,39
LightGBM,B0H,52,145,36
LightGBM,B0H,52,146,40
LightGBM,B0H,52,147,40
LightGBM,B0H,52,148,39
LightGBM,B0H,52,149,40
LightGBM,B0H,52,150,39
LightGBM,B0H,52,151,38
LightGBM,B0H,52,152,39
LightGBM,B0H,52,153,40
LightGBM,B0H,52,154,39
LightGBM,B0H,52,155,37
LightGBM,B0H,52,156,40
LightGBM,B0H,52,157,39
LightGBM,B0H,52,158,38
LightGBM,B0H,52,159,39
LightGBM,B0H,52,160,39
LightGBM,B0H,52,161,39
LightGBM,B0H,52,162,40
LightGBM,B0H,52,163,36
LightGBM,B0H,52,164,39
LightGBM,B0H,52,165,40
LightGBM,B0H,52,166,40
LightGBM,B0H,52,167,37
LightGBM,B0H,52,168,39
LightGBM,B0H,52,169,40
LightGBM,B0H,52,170,40
LightGBM,B0H,52,171,40
LightGBM,B0H,52,172,39
LightGBM,B0H,52,173,37
LightGBM,B0H,52,174,37
LightGBM,B0H,52,175,39
LightGBM,B0H,52,176,39
LightGBM,B0H,52,177,40
LightGBM,B0H,52,178,40
LightGBM,B0H,52,179,39
LightGBM,B0H,62,126,39
LightGBM,B0H,62,127,38
LightGBM,B0H,62,128,39
LightGBM,B0H,62,129,40
LightGBM,B0H,62,130,38
LightGBM,B0H,62,131,40
LightGBM,B0H,62,132,39
LightGBM,B0H,62,133,39
LightGBM,B0H,62,134,38
LightGBM,B0H,62,135,40
LightGBM,B0H,62,136,39
LightGBM,B0H,62,137,39
LightGBM,B0H,62,138,40
LightGBM,B0H,62,139,39
LightGBM,B0H,62,140,40
LightGBM,B0H,62,141,40
LightGBM,B0H,62,142,40
LightGBM,B0H,62,143,40
LightGBM,B0H,62,144,39
LightGBM,B0H,62,145,36
LightGBM,B0H,62,146,39
LightGBM,B0H,62,147,40
LightGBM,B0H,62,148,39
LightGBM,B0H,62,149,40
LightGBM,B0H,62,150,39
LightGBM,B0H,62,151,38
LightGBM,B0H,62,152,39
LightGBM,B0H,62,153,40
LightGBM,B0H,62,154,39
LightGBM,B0H,62,155,37
LightGBM,B0H,62,156,39
LightGBM,B0H,62,157,39
LightGBM,B0H,62,158,38
LightGBM,B0H,62,159,39
LightGBM,B0H,62,160,39
LightGBM,B0H,62,161,39
LightGBM,B0H,62,162,40
LightGBM,B0H,62,163,36
LightGBM,B0H,62,164,39
LightGBM,B0H,62,165,40
LightGBM,B0H,62,166,40
LightGBM,B0H,62,167,37
LightGBM,B0H,62,168,39
LightGBM,B0H,62,169,40
LightGBM,B0H,62,170,40
LightGBM,B0H,62,171,40
LightGBM,B0H,62,172,39
LightGBM,B0H,62,173,37
LightGBM,B0H,62,174,37
LightGBM,B0H,62,175,39
LightGBM,B0H,62,176,39
LightGBM,B0H,62,177,40
LightGBM,B0H,62,178,40
LightGBM,B0H,62,179,40
LightGBM,B0H,72,126,39
LightGBM,B0H,72,127,38
LightGBM,B0H,72,128,38
LightGBM,B0H,72,129,40
LightGBM,B0H,72,130,38
LightGBM,B0H,72,131,40
LightGBM,B0H,72,132,39
LightGBM,B0H,72,133,39
LightGBM,B0H,72,134,38
LightGBM,B0H,72,135,40
LightGBM,B0H,72,136,38
LightGBM,B0H,72,137,39
LightGBM,B0H,72,138,40
LightGBM,B0H,72,139,38
LightGBM,B0H,72,140,40
LightGBM,B0H,72,141,40
LightGBM,B0H,72,142,40
LightGBM,B0H,72,143,40
LightGBM,B0H,72,144,39
LightGBM,B0H,72,145,36
LightGBM,B0H,72,146,39
LightGBM,B0H,72,147,40
LightGBM,B0H,72,148,39
LightGBM,B0H,72,149,40
LightGBM,B0H,72,150,39
LightGBM,B0H,72,151,38
LightGBM,B0H,72,152,39
LightGBM,B0H,72,153,40
LightGBM,B0H,72,154,39
LightGBM,B0H,72,155,37
LightGBM,B0H,72,156,39
LightGBM,B0H,72,157,39
LightGBM,B0H,72,158,38
LightGBM,B0H,72,159,39
LightGBM,B0H,72,160,39
LightGBM,B0H,72,161,39
LightGBM,B0H,72,162,40
LightGBM,B0H,72,163,36
LightGBM,B0H,72,164,39
LightGBM,B0H,72,165,40
LightGBM,B0H,72,166,40
LightGBM,B0H,72,167,37
LightGBM,B0H,72,168,39
LightGBM,B0H,72,169,39
LightGBM,B0H,72,170,40
LightGBM,B0H,72,171,40
LightGBM,B0H,72,172,40
LightGBM,B0H,72,173,37
LightGBM,B0H,72,174,37
LightGBM,B0H,72,175,39
LightGBM,B0H,72,176,39
LightGBM,B0H,72,177,40
LightGBM,B0H,72,178,40
LightGBM,B0H,72,179,39
LightGBM,B0H,82,126,39
LightGBM,B0H,82,127,38
LightGBM,B0H,82,128,39
LightGBM,B0H,82,129,40
LightGBM,B0H,82,130,38
LightGBM,B0H,82,131,40
LightGBM,B0H,82,132,39
LightGBM,B0H,82,133,39
LightGBM,B0H,82,134,38
LightGBM,B0H,82,135,40
LightGBM,B0H,82,136,39
LightGBM,B0H,82,137,39
LightGBM,B0H,82,138,40
LightGBM,B0H,82,139,38
LightGBM,B0H,82,140,40
LightGBM,B0H,82,141,40
LightGBM,B0H,82,142,40
LightGBM,B0H,82,143,40
LightGBM,B0H,82,144,39
LightGBM,B0H,82,145,36
LightGBM,B0H,82,146,39
LightGBM,B0H,82,147,40
LightGBM,B0H,82,148,39
LightGBM,B0H,82,149,40
LightGBM,B0H,82,150,38
LightGBM,B0H,82,151,38
LightGBM,B0H,82,152,39
LightGBM,B0H,82,153,40
LightGBM,B0H,82,154,39
LightGBM,B0H,82,155,37
LightGBM,B0H,82,156,38
LightGBM,B0H,82,157,39
LightGBM,B0H,82,158,38
LightGBM,B0H,82,159,39
LightGBM,B0H,82,160,39
LightGBM,B0H,82,161,39
LightGBM,B0H,82,162,40
LightGBM,B0H,82,163,36
LightGBM,B0H,82,164,39
LightGBM,B0H,82,165,40
LightGBM,B0H,82,166,40
LightGBM,B0H,82,167,37
LightGBM,B0H,82,168,39
LightGBM,B0H,82,169,39
LightGBM,B0H,82,170,40
LightGBM,B0H,82,171,40
LightGBM,B0H,82,172,39
LightGBM,B0H,82,173,38
LightGBM,B0H,82,174,37
LightGBM,B0H,82,175,39
LightGBM,B0H,82,176,39
LightGBM,B0H,82,177,40
LightGBM,B0H,82,178,40
LightGBM,B0H,82,179,40
XGBoost,B0H,42,126,39
XGBoost,B0H,42,127,38
XGBoost,B0H,42,128,38
XGBoost,B0H,42,129,40
XGBoost,B0H,42,130,38
XGBoost,B0H,42,131,40
XGBoost,B0H,42,132,39
XGBoost,B0H,42,133,39
XGBoost,B0H,42,134,38
XGBoost,B0H,42,135,40
XGBoost,B0H,42,136,38
XGBoost,B0H,42,137,38
XGBoost,B0H,42,138,40
XGBoost,B0H,42,139,39
XGBoost,B0H,42,140,40
XGBoost,B0H,42,141,40
XGBoost,B0H,42,142,40
XGBoost,B0H,42,143,40
XGBoost,B0H,42,144,39
XGBoost,B0H,42,145,36
XGBoost,B0H,42,146,39
XGBoost,B0H,42,147,40
XGBoost,B0H,42,148,38
XGBoost,B0H,42,149,40
XGBoost,B0H,42,150,39
XGBoost,B0H,42,151,38
XGBoost,B0H,42,152,40
XGBoost,B0H,42,153,40
XGBoost,B0H,42,154,39
XGBoost,B0H,42,155,37
XGBoost,B0H,42,156,38
XGBoost,B0H,42,157,39
XGBoost,B0H,42,158,38
XGBoost,B0H,42,159,39
XGBoost,B0H,42,160,39
XGBoost,B0H,42,161,39
XGBoost,B0H,42,162,40
XGBoost,B0H,42,163,36
XGBoost,B0H,42,164,39
XGBoost,B0H,42,165,40
XGBoost,B0H,42,166,40
XGBoost,B0H,42,167,37
XGBoost,B0H,42,168,39
XGBoost,B0H,42,169,40
XGBoost,B0H,42,170,40
XGBoost,B0H,42,171,40
XGBoost,B0H,42,172,39
XGBoost,B0H,42,173,37
XGBoost,B0H,42,174,37
XGBoost,B0H,42,175,40
XGBoost,B0H,42,176,39
XGBoost,B0H,42,177,40
XGBoost,B0H,42,178,40
XGBoost,B0H,42,179,40
XGBoost,B0H,52,126,39
XGBoost,B0H,52,127,38
XGBoost,B0H,52,128,38
XGBoost,B0H,52,129,40
XGBoost,B0H,52,130,38
XGBoost,B0H,52,131,40
XGBoost,B0H,52,132,39
XGBoost,B0H,52,133,39
XGBoost,B0H,52,134,38
XGBoost,B0H,52,135,40
XGBoost,B0H,52,136,37
XGBoost,B0H,52,137,38
XGBoost,B0H,52,138,40
XGBoost,B0H,52,139,39
XGBoost,B0H,52,140,40
XGBoost,B0H,52,141,40
XGBoost,B0H,52,142,40
XGBoost,B0H,52,143,40
XGBoost,B0H,52,144,39
XGBoost,B0H,52,145,36
XGBoost,B0H,52,146,40
XGBoost,B0H,52,147,40
XGBoost,B0H,52,148,40
XGBoost,B0H,52,149,40
XGBoost,B0H,52,150,39
XGBoost,B0H,52,151,39
XGBoost,B0H,52,152,40
XGBoost,B0H,52,153,40
XGBoost,B0H,52,154,37
XGBoost,B0H,52,155,37
XGBoost,B0H,52,156,38
XGBoost,B0H,52,157,39
XGBoost,B0H,52,158,38
XGBoost,B0H,52,159,39
XGBoost,B0H,52,160,39
XGBoost,B0H,52,161,39
XGBoost,B0H,52,162,40
XGBoost,B0H,52,163,36
XGBoost,B0H,52,164,39
XGBoost,B0H,52,165,40
XGBoost,B0H,52,166,40
XGBoost,B0H,52,167,37
XGBoost,B0H,52,168,39
XGBoost,B0H,52,169,39
XGBoost,B0H,52,170,40
XGBoost,B0H,52,171,40
XGBoost,B0H,52,172,39
XGBoost,B0H,52,173,38
XGBoost,B0H,52,174,37
XGBoost,B0H,52,175,40
XGBoost,B0H,52,176,39
XGBoost,B0H,52,177,40
XGBoost,B0H,52,178,40
XGBoost,B0H,52,179,40
XGBoost,B0H,62,126,39
XGBoost,B0H,62,127,38
XGBoost,B0H,62,128,38
XGBoost,B0H,62,129,40
XGBoost,B0H,62,130,38
XGBoost,B0H,62,131,40
XGBoost,B0H,62,132,39
XGBoost,B0H,62,133,39
XGBoost,B0H,62,134,38
XGBoost,B0H,62,135,40
XGBoost,B0H,62,136,37
XGBoost,B0H,62,137,39
XGBoost,B0H,62,138,40
XGBoost,B0H,62,139,39
XGBoost,B0H,62,140,40
XGBoost,B0H,62,141,40
XGBoost,B0H,62,142,40
XGBoost,B0H,62,143,40
XGBoost,B0H,62,144,39
XGBoost,B0H,62,145,36
XGBoost,B0H,62,146,40
XGBoost,B0H,62,147,40
XGBoost,B0H,62,148,39
XGBoost,B0H,62,149,40
XGBoost,B0H,62,150,39
XGBoost,B0H,62,151,38
XGBoost,B0H,62,152,40
XGBoost,B0H,62,153,40
XGBoost,B0H,62,154,39
XGBoost,B0H,62,155,37
XGBoost,B0H,62,156,38
XGBoost,B0H,62,157,39
XGBoost,B0H,62,158,38
XGBoost,B0H,62,159,39
XGBoost,B0H,62,160,39
XGBoost,B0H,62,161,39
XGBoost,B0H,62,162,40
XGBoost,B0H,62,163,36
XGBoost,B0H,62,164,39
XGBoost,B0H,62,165,40
XGBoost,B0H,62,166,40
XGBoost,B0H,62,167,37
XGBoost,B0H,62,168,39
XGBoost,B0H,62,169,40
XGBoost,B0H,62,170,40
XGBoost,B0H,62,171,40
XGBoost,B0H,62,172,39
XGBoost,B0H,62,173,38
XGBoost,B0H,62,174,37
XGBoost,B0H,62,175,40
XGBoost,B0H,62,176,39
XGBoost,B0H,62,177,40
XGBoost,B0H,62,178,40
XGBoost,B0H,62,179,40
XGBoost,B0H,72,126,39
XGBoost,B0H,72,127,38
XGBoost,B0H,72,128,38
XGBoost,B0H,72,129,40
XGBoost,B0H,72,130,38
XGBoost,B0H,72,131,40
XGBoost,B0H,72,132,39
XGBoost,B0H,72,133,39
XGBoost,B0H,72,134,38
XGBoost,B0H,72,135,40
XGBoost,B0H,72,136,38
XGBoost,B0H,72,137,38
XGBoost,B0H,72,138,40
XGBoost,B0H,72,139,39
XGBoost,B0H,72,140,40
XGBoost,B0H,72,141,40
XGBoost,B0H,72,142,40
XGBoost,B0H,72,143,40
XGBoost,B0H,72,144,39
XGBoost,B0H,72,145,36
XGBoost,B0H,72,146,39
XGBoost,B0H,72,147,40
XGBoost,B0H,72,148,39
XGBoost,B0H,72,149,40
XGBoost,B0H,72,150,39
XGBoost,B0H,72,151,38
XGBoost,B0H,72,152,40
XGBoost,B0H,72,153,40
XGBoost,B0H,72,154,39
XGBoost,B0H,72,155,37
XGBoost,B0H,72,156,38
XGBoost,B0H,72,157,39
XGBoost,B0H,72,158,38
XGBoost,B0H,72,159,39
XGBoost,B0H,72,160,39
XGBoost,B0H,72,161,39
XGBoost,B0H,72,162,40
XGBoost,B0H,72,163,36
XGBoost,B0H,72,164,39
XGBoost,B0H,72,165,40
XGBoost,B0H,72,166,40
XGBoost,B0H,72,167,37
XGBoost,B0H,72,168,39
XGBoost,B0H,72,169,40
XGBoost,B0H,72,170,40
XGBoost,B0H,72,171,40
XGBoost,B0H,72,172,39
XGBoost,B0H,72,173,38
XGBoost,B0H,72,174,37
XGBoost,B0H,72,175,40
XGBoost,B0H,72,176,39
XGBoost,B0H,72,177,40
XGBoost,B0H,72,178,40
XGBoost,B0H,72,179,40
XGBoost,B0H,82,126,39
XGBoost,B0H,82,127,38
XGBoost,B0H,82,128,38
XGBoost,B0H,82,129,40
XGBoost,B0H,82,130,38
XGBoost,B0H,82,131,40
XGBoost,B0H,82,132,39
XGBoost,B0H,82,133,39
XGBoost,B0H,82,134,38
XGBoost,B0H,82,135,40
XGBoost,B0H,82,136,38
XGBoost,B0H,82,137,39
XGBoost,B0H,82,138,40
XGBoost,B0H,82,139,39
XGBoost,B0H,82,140,40
XGBoost,B0H,82,141,40
XGBoost,B0H,82,142,40
XGBoost,B0H,82,143,40
XGBoost,B0H,82,144,39
XGBoost,B0H,82,145,36
XGBoost,B0H,82,146,39
XGBoost,B0H,82,147,40
XGBoost,B0H,82,148,39
XGBoost,B0H,82,149,40
XGBoost,B0H,82,150,39
XGBoost,B0H,82,151,38
XGBoost,B0H,82,152,40
XGBoost,B0H,82,153,40
XGBoost,B0H,82,154,39
XGBoost,B0H,82,155,37
XGBoost,B0H,82,156,38
XGBoost,B0H,82,157,39
XGBoost,B0H,82,158,38
XGBoost,B0H,82,159,39
XGBoost,B0H,82,160,39
XGBoost,B0H,82,161,39
XGBoost,B0H,82,162,40
XGBoost,B0H,82,163,36
XGBoost,B0H,82,164,39
XGBoost,B0H,82,165,40
XGBoost,B0H,82,166,40
XGBoost,B0H,82,167,37
XGBoost,B0H,82,168,39
XGBoost,B0H,82,169,39
XGBoost,B0H,82,170,40
XGBoost,B0H,82,171,40
XGBoost,B0H,82,172,39
XGBoost,B0H,82,173,38
XGBoost,B0H,82,174,37
XGBoost,B0H,82,175,40
XGBoost,B0H,82,176,39
XGBoost,B0H,82,177,40
XGBoost,B0H,82,178,40
XGBoost,B0H,82,179,40
LightGBM,B1,42,126,40
LightGBM,B1,42,127,37
LightGBM,B1,42,128,39
LightGBM,B1,42,129,40
LightGBM,B1,42,130,39
LightGBM,B1,42,131,40
LightGBM,B1,42,132,40
LightGBM,B1,42,133,40
LightGBM,B1,42,134,39
LightGBM,B1,42,135,40
LightGBM,B1,42,136,38
LightGBM,B1,42,137,40
LightGBM,B1,42,138,39
LightGBM,B1,42,139,39
LightGBM,B1,42,140,40
LightGBM,B1,42,141,40
LightGBM,B1,42,142,39
LightGBM,B1,42,143,39
LightGBM,B1,42,144,38
LightGBM,B1,42,145,38
LightGBM,B1,42,146,39
LightGBM,B1,42,147,40
LightGBM,B1,42,148,38
LightGBM,B1,42,149,40
LightGBM,B1,42,150,38
LightGBM,B1,42,151,39
LightGBM,B1,42,152,40
LightGBM,B1,42,153,40
LightGBM,B1,42,154,38
LightGBM,B1,42,155,38
LightGBM,B1,42,156,38
LightGBM,B1,42,157,40
LightGBM,B1,42,158,39
LightGBM,B1,42,159,38
LightGBM,B1,42,160,40
LightGBM,B1,42,161,39
LightGBM,B1,42,162,40
LightGBM,B1,42,163,38
LightGBM,B1,42,164,39
LightGBM,B1,42,165,40
LightGBM,B1,42,166,40
LightGBM,B1,42,167,38
LightGBM,B1,42,168,40
LightGBM,B1,42,169,39
LightGBM,B1,42,170,40
LightGBM,B1,42,171,40
LightGBM,B1,42,172,39
LightGBM,B1,42,173,39
LightGBM,B1,42,174,37
LightGBM,B1,42,175,40
LightGBM,B1,42,176,39
LightGBM,B1,42,177,40
LightGBM,B1,42,178,39
LightGBM,B1,42,179,38
LightGBM,B1,52,126,40
LightGBM,B1,52,127,37
LightGBM,B1,52,128,39
LightGBM,B1,52,129,40
LightGBM,B1,52,130,39
LightGBM,B1,52,131,39
LightGBM,B1,52,132,40
LightGBM,B1,52,133,40
LightGBM,B1,52,134,39
LightGBM,B1,52,135,40
LightGBM,B1,52,136,38
LightGBM,B1,52,137,40
LightGBM,B1,52,138,39
LightGBM,B1,52,139,39
LightGBM,B1,52,140,40
LightGBM,B1,52,141,40
LightGBM,B1,52,142,39
LightGBM,B1,52,143,40
LightGBM,B1,52,144,38
LightGBM,B1,52,145,38
LightGBM,B1,52,146,39
LightGBM,B1,52,147,40
LightGBM,B1,52,148,38
LightGBM,B1,52,149,40
LightGBM,B1,52,150,37
LightGBM,B1,52,151,39
LightGBM,B1,52,152,40
LightGBM,B1,52,153,40
LightGBM,B1,52,154,39
LightGBM,B1,52,155,38
LightGBM,B1,52,156,38
LightGBM,B1,52,157,40
LightGBM,B1,52,158,40
LightGBM,B1,52,159,38
LightGBM,B1,52,160,40
LightGBM,B1,52,161,39
LightGBM,B1,52,162,39
LightGBM,B1,52,163,38
LightGBM,B1,52,164,39
LightGBM,B1,52,165,40
LightGBM,B1,52,166,40
LightGBM,B1,52,167,38
LightGBM,B1,52,168,40
LightGBM,B1,52,169,39
LightGBM,B1,52,170,40
LightGBM,B1,52,171,40
LightGBM,B1,52,172,39
LightGBM,B1,52,173,39
LightGBM,B1,52,174,37
LightGBM,B1,52,175,40
LightGBM,B1,52,176,39
LightGBM,B1,52,177,40
LightGBM,B1,52,178,39
LightGBM,B1,52,179,38
LightGBM,B1,62,126,40
LightGBM,B1,62,127,37
LightGBM,B1,62,128,39
LightGBM,B1,62,129,40
LightGBM,B1,62,130,39
LightGBM,B1,62,131,40
LightGBM,B1,62,132,40
LightGBM,B1,62,133,40
LightGBM,B1,62,134,39
LightGBM,B1,62,135,40
LightGBM,B1,62,136,38
LightGBM,B1,62,137,40
LightGBM,B1,62,138,39
LightGBM,B1,62,139,39
LightGBM,B1,62,140,40
LightGBM,B1,62,141,40
LightGBM,B1,62,142,39
LightGBM,B1,62,143,39
LightGBM,B1,62,144,38
LightGBM,B1,62,145,38
LightGBM,B1,62,146,39
LightGBM,B1,62,147,39
LightGBM,B1,62,148,38
LightGBM,B1,62,149,40
LightGBM,B1,62,150,37
LightGBM,B1,62,151,40
LightGBM,B1,62,152,40
LightGBM,B1,62,153,40
LightGBM,B1,62,154,39
LightGBM,B1,62,155,38
LightGBM,B1,62,156,38
LightGBM,B1,62,157,40
LightGBM,B1,62,158,40
LightGBM,B1,62,159,38
LightGBM,B1,62,160,40
LightGBM,B1,62,161,39
LightGBM,B1,62,162,39
LightGBM,B1,62,163,38
LightGBM,B1,62,164,39
LightGBM,B1,62,165,40
LightGBM,B1,62,166,40
LightGBM,B1,62,167,38
LightGBM,B1,62,168,40
LightGBM,B1,62,169,39
LightGBM,B1,62,170,40
LightGBM,B1,62,171,40
LightGBM,B1,62,172,38
LightGBM,B1,62,173,39
LightGBM,B1,62,174,37
LightGBM,B1,62,175,40
LightGBM,B1,62,176,39
LightGBM,B1,62,177,40
LightGBM,B1,62,178,39
LightGBM,B1,62,179,38
LightGBM,B1,72,126,40
LightGBM,B1,72,127,37
LightGBM,B1,72,128,39
LightGBM,B1,72,129,40
LightGBM,B1,72,130,39
LightGBM,B1,72,131,40
LightGBM,B1,72,132,40
LightGBM,B1,72,133,40
LightGBM,B1,72,134,39
LightGBM,B1,72,135,40
LightGBM,B1,72,136,38
LightGBM,B1,72,137,39
LightGBM,B1,72,138,39
LightGBM,B1,72,139,39
LightGBM,B1,72,140,40
LightGBM,B1,72,141,40
LightGBM,B1,72,142,39
LightGBM,B1,72,143,39
LightGBM,B1,72,144,38
LightGBM,B1,72,145,38
LightGBM,B1,72,146,39
LightGBM,B1,72,147,40
LightGBM,B1,72,148,38
LightGBM,B1,72,149,40
LightGBM,B1,72,150,37
LightGBM,B1,72,151,39
LightGBM,B1,72,152,40
LightGBM,B1,72,153,40
LightGBM,B1,72,154,38
LightGBM,B1,72,155,38
LightGBM,B1,72,156,39
LightGBM,B1,72,157,40
LightGBM,B1,72,158,40
LightGBM,B1,72,159,38
LightGBM,B1,72,160,40
LightGBM,B1,72,161,39
LightGBM,B1,72,162,40
LightGBM,B1,72,163,37
LightGBM,B1,72,164,39
LightGBM,B1,72,165,40
LightGBM,B1,72,166,40
LightGBM,B1,72,167,38
LightGBM,B1,72,168,40
LightGBM,B1,72,169,39
LightGBM,B1,72,170,40
LightGBM,B1,72,171,40
LightGBM,B1,72,172,39
LightGBM,B1,72,173,39
LightGBM,B1,72,174,37
LightGBM,B1,72,175,40
LightGBM,B1,72,176,39
LightGBM,B1,72,177,40
LightGBM,B1,72,178,39
LightGBM,B1,72,179,38
LightGBM,B1,82,126,40
LightGBM,B1,82,127,38
LightGBM,B1,82,128,39
LightGBM,B1,82,129,40
LightGBM,B1,82,130,39
LightGBM,B1,82,131,39
LightGBM,B1,82,132,40
LightGBM,B1,82,133,40
LightGBM,B1,82,134,39
LightGBM,B1,82,135,40
LightGBM,B1,82,136,38
LightGBM,B1,82,137,40
LightGBM,B1,82,138,39
LightGBM,B1,82,139,39
LightGBM,B1,82,140,40
LightGBM,B1,82,141,40
LightGBM,B1,82,142,39
LightGBM,B1,82,143,39
LightGBM,B1,82,144,38
LightGBM,B1,82,145,38
LightGBM,B1,82,146,39
LightGBM,B1,82,147,40
LightGBM,B1,82,148,38
LightGBM,B1,82,149,40
LightGBM,B1,82,150,37
LightGBM,B1,82,151,39
LightGBM,B1,82,152,40
LightGBM,B1,82,153,40
LightGBM,B1,82,154,38
LightGBM,B1,82,155,38
LightGBM,B1,82,156,38
LightGBM,B1,82,157,40
LightGBM,B1,82,158,40
LightGBM,B1,82,159,38
LightGBM,B1,82,160,40
LightGBM,B1,82,161,39
LightGBM,B1,82,162,39
LightGBM,B1,82,163,38
LightGBM,B1,82,164,39
LightGBM,B1,82,165,40
LightGBM,B1,82,166,40
LightGBM,B1,82,167,38
LightGBM,B1,82,168,40
LightGBM,B1,82,169,40
LightGBM,B1,82,170,40
LightGBM,B1,82,171,40
LightGBM,B1,82,172,39
LightGBM,B1,82,173,38
LightGBM,B1,82,174,37
LightGBM,B1,82,175,40
LightGBM,B1,82,176,39
LightGBM,B1,82,177,40
LightGBM,B1,82,178,39
LightGBM,B1,82,179,39
XGBoost,B1,42,126,40
XGBoost,B1,42,127,37
XGBoost,B1,42,128,39
XGBoost,B1,42,129,40
XGBoost,B1,42,130,39
XGBoost,B1,42,131,39
XGBoost,B1,42,132,40
XGBoost,B1,42,133,40
XGBoost,B1,42,134,39
XGBoost,B1,42,135,40
XGBoost,B1,42,136,38
XGBoost,B1,42,137,39
XGBoost,B1,42,138,39
XGBoost,B1,42,139,39
XGBoost,B1,42,140,40
XGBoost,B1,42,141,39
XGBoost,B1,42,142,38
XGBoost,B1,42,143,39
XGBoost,B1,42,144,38
XGBoost,B1,42,145,38
XGBoost,B1,42,146,39
XGBoost,B1,42,147,40
XGBoost,B1,42,148,38
XGBoost,B1,42,149,40
XGBoost,B1,42,150,38
XGBoost,B1,42,151,39
XGBoost,B1,42,152,40
XGBoost,B1,42,153,40
XGBoost,B1,42,154,38
XGBoost,B1,42,155,38
XGBoost,B1,42,156,40
XGBoost,B1,42,157,40
XGBoost,B1,42,158,39
XGBoost,B1,42,159,38
XGBoost,B1,42,160,40
XGBoost,B1,42,161,39
XGBoost,B1,42,162,37
XGBoost,B1,42,163,38
XGBoost,B1,42,164,39
XGBoost,B1,42,165,40
XGBoost,B1,42,166,40
XGBoost,B1,42,167,38
XGBoost,B1,42,168,39
XGBoost,B1,42,169,39
XGBoost,B1,42,170,40
XGBoost,B1,42,171,40
XGBoost,B1,42,172,38
XGBoost,B1,42,173,39
XGBoost,B1,42,174,36
XGBoost,B1,42,175,39
XGBoost,B1,42,176,39
XGBoost,B1,42,177,40
XGBoost,B1,42,178,39
XGBoost,B1,42,179,37
XGBoost,B1,52,126,40
XGBoost,B1,52,127,37
XGBoost,B1,52,128,39
XGBoost,B1,52,129,39
XGBoost,B1,52,130,39
XGBoost,B1,52,131,39
XGBoost,B1,52,132,40
XGBoost,B1,52,133,39
XGBoost,B1,52,134,39
XGBoost,B1,52,135,40
XGBoost,B1,52,136,38
XGBoost,B1,52,137,39
XGBoost,B1,52,138,39
XGBoost,B1,52,139,39
XGBoost,B1,52,140,40
XGBoost,B1,52,141,39
XGBoost,B1,52,142,38
XGBoost,B1,52,143,39
XGBoost,B1,52,144,38
XGBoost,B1,52,145,38
XGBoost,B1,52,146,39
XGBoost,B1,52,147,40
XGBoost,B1,52,148,38
XGBoost,B1,52,149,40
XGBoost,B1,52,150,38
XGBoost,B1,52,151,39
XGBoost,B1,52,152,40
XGBoost,B1,52,153,40
XGBoost,B1,52,154,38
XGBoost,B1,52,155,38
XGBoost,B1,52,156,40
XGBoost,B1,52,157,40
XGBoost,B1,52,158,39
XGBoost,B1,52,159,38
XGBoost,B1,52,160,40
XGBoost,B1,52,161,39
XGBoost,B1,52,162,37
XGBoost,B1,52,163,38
XGBoost,B1,52,164,39
XGBoost,B1,52,165,40
XGBoost,B1,52,166,40
XGBoost,B1,52,167,39
XGBoost,B1,52,168,39
XGBoost,B1,52,169,39
XGBoost,B1,52,170,40
XGBoost,B1,52,171,40
XGBoost,B1,52,172,38
XGBoost,B1,52,173,39
XGBoost,B1,52,174,36
XGBoost,B1,52,175,39
XGBoost,B1,52,176,39
XGBoost,B1,52,177,40
XGBoost,B1,52,178,39
XGBoost,B1,52,179,37
XGBoost,B1,62,126,40
XGBoost,B1,62,127,37
XGBoost,B1,62,128,39
XGBoost,B1,62,129,39
XGBoost,B1,62,130,39
XGBoost,B1,62,131,39
XGBoost,B1,62,132,40
XGBoost,B1,62,133,38
XGBoost,B1,62,134,39
XGBoost,B1,62,135,40
XGBoost,B1,62,136,38
XGBoost,B1,62,137,39
XGBoost,B1,62,138,39
XGBoost,B1,62,139,39
XGBoost,B1,62,140,40
XGBoost,B1,62,141,39
XGBoost,B1,62,142,38
XGBoost,B1,62,143,39
XGBoost,B1,62,144,38
XGBoost,B1,62,145,38
XGBoost,B1,62,146,39
XGBoost,B1,62,147,40
XGBoost,B1,62,148,38
XGBoost,B1,62,149,40
XGBoost,B1,62,150,38
XGBoost,B1,62,151,39
XGBoost,B1,62,152,40
XGBoost,B1,62,153,40
XGBoost,B1,62,154,38
XGBoost,B1,62,155,38
XGBoost,B1,62,156,40
XGBoost,B1,62,157,40
XGBoost,B1,62,158,39
XGBoost,B1,62,159,38
XGBoost,B1,62,160,40
XGBoost,B1,62,161,39
XGBoost,B1,62,162,37
XGBoost,B1,62,163,37
XGBoost,B1,62,164,39
XGBoost,B1,62,165,40
XGBoost,B1,62,166,40
XGBoost,B1,62,167,39
XGBoost,B1,62,168,39
XGBoost,B1,62,169,39
XGBoost,B1,62,170,40
XGBoost,B1,62,171,40
XGBoost,B1,62,172,38
XGBoost,B1,62,173,39
XGBoost,B1,62,174,36
XGBoost,B1,62,175,39
XGBoost,B1,62,176,39
XGBoost,B1,62,177,40
XGBoost,B1,62,178,39
XGBoost,B1,62,179,37
XGBoost,B1,72,126,39
XGBoost,B1,72,127,37
XGBoost,B1,72,128,39
XGBoost,B1,72,129,40
XGBoost,B1,72,130,39
XGBoost,B1,72,131,39
XGBoost,B1,72,132,39
XGBoost,B1,72,133,40
XGBoost,B1,72,134,38
XGBoost,B1,72,135,40
XGBoost,B1,72,136,38
XGBoost,B1,72,137,39
XGBoost,B1,72,138,39
XGBoost,B1,72,139,39
XGBoost,B1,72,140,40
XGBoost,B1,72,141,39
XGBoost,B1,72,142,38
XGBoost,B1,72,143,39
XGBoost,B1,72,144,39
XGBoost,B1,72,145,38
XGBoost,B1,72,146,39
XGBoost,B1,72,147,40
XGBoost,B1,72,148,38
XGBoost,B1,72,149,40
XGBoost,B1,72,150,38
XGBoost,B1,72,151,39
XGBoost,B1,72,152,40
XGBoost,B1,72,153,40
XGBoost,B1,72,154,38
XGBoost,B1,72,155,38
XGBoost,B1,72,156,40
XGBoost,B1,72,157,39
XGBoost,B1,72,158,39
XGBoost,B1,72,159,38
XGBoost,B1,72,160,39
XGBoost,B1,72,161,39
XGBoost,B1,72,162,37
XGBoost,B1,72,163,37
XGBoost,B1,72,164,39
XGBoost,B1,72,165,40
XGBoost,B1,72,166,40
XGBoost,B1,72,167,38
XGBoost,B1,72,168,38
XGBoost,B1,72,169,39
XGBoost,B1,72,170,40
XGBoost,B1,72,171,40
XGBoost,B1,72,172,38
XGBoost,B1,72,173,39
XGBoost,B1,72,174,36
XGBoost,B1,72,175,39
XGBoost,B1,72,176,39
XGBoost,B1,72,177,40
XGBoost,B1,72,178,39
XGBoost,B1,72,179,37
XGBoost,B1,82,126,40
XGBoost,B1,82,127,37
XGBoost,B1,82,128,39
XGBoost,B1,82,129,40
XGBoost,B1,82,130,39
XGBoost,B1,82,131,39
XGBoost,B1,82,132,40
XGBoost,B1,82,133,40
XGBoost,B1,82,134,38
XGBoost,B1,82,135,40
XGBoost,B1,82,136,38
XGBoost,B1,82,137,39
XGBoost,B1,82,138,40
XGBoost,B1,82,139,39
XGBoost,B1,82,140,40
XGBoost,B1,82,141,39
XGBoost,B1,82,142,38
XGBoost,B1,82,143,39
XGBoost,B1,82,144,38
XGBoost,B1,82,145,38
XGBoost,B1,82,146,39
XGBoost,B1,82,147,40
XGBoost,B1,82,148,38
XGBoost,B1,82,149,40
XGBoost,B1,82,150,38
XGBoost,B1,82,151,39
XGBoost,B1,82,152,40
XGBoost,B1,82,153,40
XGBoost,B1,82,154,38
XGBoost,B1,82,155,38
XGBoost,B1,82,156,40
XGBoost,B1,82,157,39
XGBoost,B1,82,158,39
XGBoost,B1,82,159,38
XGBoost,B1,82,160,39
XGBoost,B1,82,161,39
XGBoost,B1,82,162,37
XGBoost,B1,82,163,37
XGBoost,B1,82,164,39
XGBoost,B1,82,165,40
XGBoost,B1,82,166,40
XGBoost,B1,82,167,39
XGBoost,B1,82,168,39
XGBoost,B1,82,169,39
XGBoost,B1,82,170,40
XGBoost,B1,82,171,40
XGBoost,B1,82,172,38
XGBoost,B1,82,173,39
XGBoost,B1,82,174,36
XGBoost,B1,82,175,39
XGBoost,B1,82,176,39
XGBoost,B1,82,177,40
XGBoost,B1,82,178,39
XGBoost,B1,82,179,37
LightGBM,B1H,42,126,39
LightGBM,B1H,42,127,38
LightGBM,B1H,42,128,39
LightGBM,B1H,42,129,40
LightGBM,B1H,42,130,39
LightGBM,B1H,42,131,40
LightGBM,B1H,42,132,39
LightGBM,B1H,42,133,39
LightGBM,B1H,42,134,38
LightGBM,B1H,42,135,40
LightGBM,B1H,42,136,38
LightGBM,B1H,42,137,39
LightGBM,B1H,42,138,40
LightGBM,B1H,42,139,38
LightGBM,B1H,42,140,40
LightGBM,B1H,42,141,40
LightGBM,B1H,42,142,40
LightGBM,B1H,42,143,40
LightGBM,B1H,42,144,39
LightGBM,B1H,42,145,36
LightGBM,B1H,42,146,40
LightGBM,B1H,42,147,40
LightGBM,B1H,42,148,40
LightGBM,B1H,42,149,40
LightGBM,B1H,42,150,40
LightGBM,B1H,42,151,38
LightGBM,B1H,42,152,40
LightGBM,B1H,42,153,40
LightGBM,B1H,42,154,39
LightGBM,B1H,42,155,37
LightGBM,B1H,42,156,40
LightGBM,B1H,42,157,39
LightGBM,B1H,42,158,38
LightGBM,B1H,42,159,39
LightGBM,B1H,42,160,39
LightGBM,B1H,42,161,39
LightGBM,B1H,42,162,40
LightGBM,B1H,42,163,37
LightGBM,B1H,42,164,39
LightGBM,B1H,42,165,40
LightGBM,B1H,42,166,40
LightGBM,B1H,42,167,37
LightGBM,B1H,42,168,39
LightGBM,B1H,42,169,40
LightGBM,B1H,42,170,40
LightGBM,B1H,42,171,40
LightGBM,B1H,42,172,39
LightGBM,B1H,42,173,38
LightGBM,B1H,42,174,38
LightGBM,B1H,42,175,39
LightGBM,B1H,42,176,39
LightGBM,B1H,42,177,40
LightGBM,B1H,42,178,40
LightGBM,B1H,42,179,38
LightGBM,B1H,52,126,40
LightGBM,B1H,52,127,38
LightGBM,B1H,52,128,39
LightGBM,B1H,52,129,40
LightGBM,B1H,52,130,39
LightGBM,B1H,52,131,40
LightGBM,B1H,52,132,39
LightGBM,B1H,52,133,39
LightGBM,B1H,52,134,38
LightGBM,B1H,52,135,40
LightGBM,B1H,52,136,38
LightGBM,B1H,52,137,40
LightGBM,B1H,52,138,40
LightGBM,B1H,52,139,38
LightGBM,B1H,52,140,40
LightGBM,B1H,52,141,40
LightGBM,B1H,52,142,40
LightGBM,B1H,52,143,40
LightGBM,B1H,52,144,39
LightGBM,B1H,52,145,36
LightGBM,B1H,52,146,40
LightGBM,B1H,52,147,40
LightGBM,B1H,52,148,40
LightGBM,B1H,52,149,40
LightGBM,B1H,52,150,40
LightGBM,B1H,52,151,38
LightGBM,B1H,52,152,39
LightGBM,B1H,52,153,40
LightGBM,B1H,52,154,39
LightGBM,B1H,52,155,37
LightGBM,B1H,52,156,39
LightGBM,B1H,52,157,39
LightGBM,B1H,52,158,38
LightGBM,B1H,52,159,39
LightGBM,B1H,52,160,39
LightGBM,B1H,52,161,39
LightGBM,B1H,52,162,40
LightGBM,B1H,52,163,37
LightGBM,B1H,52,164,39
LightGBM,B1H,52,165,40
LightGBM,B1H,52,166,40
LightGBM,B1H,52,167,37
LightGBM,B1H,52,168,39
LightGBM,B1H,52,169,40
LightGBM,B1H,52,170,40
LightGBM,B1H,52,171,40
LightGBM,B1H,52,172,39
LightGBM,B1H,52,173,38
LightGBM,B1H,52,174,38
LightGBM,B1H,52,175,40
LightGBM,B1H,52,176,39
LightGBM,B1H,52,177,40
LightGBM,B1H,52,178,40
LightGBM,B1H,52,179,38
LightGBM,B1H,62,126,39
LightGBM,B1H,62,127,38
LightGBM,B1H,62,128,39
LightGBM,B1H,62,129,40
LightGBM,B1H,62,130,39
LightGBM,B1H,62,131,40
LightGBM,B1H,62,132,39
LightGBM,B1H,62,133,39
LightGBM,B1H,62,134,39
LightGBM,B1H,62,135,40
LightGBM,B1H,62,136,39
LightGBM,B1H,62,137,40
LightGBM,B1H,62,138,40
LightGBM,B1H,62,139,39
LightGBM,B1H,62,140,40
LightGBM,B1H,62,141,40
LightGBM,B1H,62,142,40
LightGBM,B1H,62,143,40
LightGBM,B1H,62,144,39
LightGBM,B1H,62,145,36
LightGBM,B1H,62,146,40
LightGBM,B1H,62,147,40
LightGBM,B1H,62,148,39
LightGBM,B1H,62,149,40
LightGBM,B1H,62,150,39
LightGBM,B1H,62,151,38
LightGBM,B1H,62,152,39
LightGBM,B1H,62,153,40
LightGBM,B1H,62,154,39
LightGBM,B1H,62,155,37
LightGBM,B1H,62,156,39
LightGBM,B1H,62,157,39
LightGBM,B1H,62,158,38
LightGBM,B1H,62,159,39
LightGBM,B1H,62,160,39
LightGBM,B1H,62,161,39
LightGBM,B1H,62,162,40
LightGBM,B1H,62,163,38
LightGBM,B1H,62,164,39
LightGBM,B1H,62,165,40
LightGBM,B1H,62,166,40
LightGBM,B1H,62,167,38
LightGBM,B1H,62,168,39
LightGBM,B1H,62,169,40
LightGBM,B1H,62,170,40
LightGBM,B1H,62,171,40
LightGBM,B1H,62,172,39
LightGBM,B1H,62,173,38
LightGBM,B1H,62,174,37
LightGBM,B1H,62,175,40
LightGBM,B1H,62,176,39
LightGBM,B1H,62,177,40
LightGBM,B1H,62,178,40
LightGBM,B1H,62,179,39
LightGBM,B1H,72,126,39
LightGBM,B1H,72,127,38
LightGBM,B1H,72,128,39
LightGBM,B1H,72,129,40
LightGBM,B1H,72,130,39
LightGBM,B1H,72,131,40
LightGBM,B1H,72,132,39
LightGBM,B1H,72,133,39
LightGBM,B1H,72,134,38
LightGBM,B1H,72,135,40
LightGBM,B1H,72,136,38
LightGBM,B1H,72,137,39
LightGBM,B1H,72,138,40
LightGBM,B1H,72,139,39
LightGBM,B1H,72,140,40
LightGBM,B1H,72,141,40
LightGBM,B1H,72,142,40
LightGBM,B1H,72,143,40
LightGBM,B1H,72,144,39
LightGBM,B1H,72,145,36
LightGBM,B1H,72,146,40
LightGBM,B1H,72,147,40
LightGBM,B1H,72,148,40
LightGBM,B1H,72,149,40
LightGBM,B1H,72,150,40
LightGBM,B1H,72,151,38
LightGBM,B1H,72,152,39
LightGBM,B1H,72,153,40
LightGBM,B1H,72,154,39
LightGBM,B1H,72,155,37
LightGBM,B1H,72,156,40
LightGBM,B1H,72,157,39
LightGBM,B1H,72,158,38
LightGBM,B1H,72,159,39
LightGBM,B1H,72,160,39
LightGBM,B1H,72,161,39
LightGBM,B1H,72,162,40
LightGBM,B1H,72,163,37
LightGBM,B1H,72,164,39
LightGBM,B1H,72,165,40
LightGBM,B1H,72,166,40
LightGBM,B1H,72,167,39
LightGBM,B1H,72,168,39
LightGBM,B1H,72,169,40
LightGBM,B1H,72,170,40
LightGBM,B1H,72,171,40
LightGBM,B1H,72,172,39
LightGBM,B1H,72,173,38
LightGBM,B1H,72,174,37
LightGBM,B1H,72,175,39
LightGBM,B1H,72,176,39
LightGBM,B1H,72,177,40
LightGBM,B1H,72,178,40
LightGBM,B1H,72,179,38
LightGBM,B1H,82,126,40
LightGBM,B1H,82,127,38
LightGBM,B1H,82,128,39
LightGBM,B1H,82,129,40
LightGBM,B1H,82,130,39
LightGBM,B1H,82,131,40
LightGBM,B1H,82,132,39
LightGBM,B1H,82,133,40
LightGBM,B1H,82,134,39
LightGBM,B1H,82,135,40
LightGBM,B1H,82,136,38
LightGBM,B1H,82,137,39
LightGBM,B1H,82,138,40
LightGBM,B1H,82,139,39
LightGBM,B1H,82,140,40
LightGBM,B1H,82,141,40
LightGBM,B1H,82,142,40
LightGBM,B1H,82,143,40
LightGBM,B1H,82,144,39
LightGBM,B1H,82,145,36
LightGBM,B1H,82,146,40
LightGBM,B1H,82,147,40
LightGBM,B1H,82,148,39
LightGBM,B1H,82,149,40
LightGBM,B1H,82,150,40
LightGBM,B1H,82,151,38
LightGBM,B1H,82,152,39
LightGBM,B1H,82,153,40
LightGBM,B1H,82,154,39
LightGBM,B1H,82,155,37
LightGBM,B1H,82,156,39
LightGBM,B1H,82,157,39
LightGBM,B1H,82,158,38
LightGBM,B1H,82,159,39
LightGBM,B1H,82,160,39
LightGBM,B1H,82,161,39
LightGBM,B1H,82,162,40
LightGBM,B1H,82,163,37
LightGBM,B1H,82,164,39
LightGBM,B1H,82,165,40
LightGBM,B1H,82,166,40
LightGBM,B1H,82,167,38
LightGBM,B1H,82,168,39
LightGBM,B1H,82,169,40
LightGBM,B1H,82,170,40
LightGBM,B1H,82,171,40
LightGBM,B1H,82,172,39
LightGBM,B1H,82,173,38
LightGBM,B1H,82,174,37
LightGBM,B1H,82,175,39
LightGBM,B1H,82,176,39
LightGBM,B1H,82,177,40
LightGBM,B1H,82,178,40
LightGBM,B1H,82,179,40
XGBoost,B1H,42,126,39
XGBoost,B1H,42,127,38
XGBoost,B1H,42,128,39
XGBoost,B1H,42,129,40
XGBoost,B1H,42,130,39
XGBoost,B1H,42,131,40
XGBoost,B1H,42,132,39
XGBoost,B1H,42,133,39
XGBoost,B1H,42,134,38
XGBoost,B1H,42,135,40
XGBoost,B1H,42,136,38
XGBoost,B1H,42,137,40
XGBoost,B1H,42,138,40
XGBoost,B1H,42,139,39
XGBoost,B1H,42,140,40
XGBoost,B1H,42,141,40
XGBoost,B1H,42,142,39
XGBoost,B1H,42,143,40
XGBoost,B1H,42,144,39
XGBoost,B1H,42,145,36
XGBoost,B1H,42,146,40
XGBoost,B1H,42,147,40
XGBoost,B1H,42,148,39
XGBoost,B1H,42,149,40
XGBoost,B1H,42,150,40
XGBoost,B1H,42,151,38
XGBoost,B1H,42,152,40
XGBoost,B1H,42,153,40
XGBoost,B1H,42,154,37
XGBoost,B1H,42,155,37
XGBoost,B1H,42,156,38
XGBoost,B1H,42,157,39
XGBoost,B1H,42,158,38
XGBoost,B1H,42,159,39
XGBoost,B1H,42,160,39
XGBoost,B1H,42,161,39
XGBoost,B1H,42,162,40
XGBoost,B1H,42,163,36
XGBoost,B1H,42,164,39
XGBoost,B1H,42,165,40
XGBoost,B1H,42,166,40
XGBoost,B1H,42,167,38
XGBoost,B1H,42,168,39
XGBoost,B1H,42,169,40
XGBoost,B1H,42,170,40
XGBoost,B1H,42,171,40
XGBoost,B1H,42,172,39
XGBoost,B1H,42,173,38
XGBoost,B1H,42,174,38
XGBoost,B1H,42,175,40
XGBoost,B1H,42,176,39
XGBoost,B1H,42,177,40
XGBoost,B1H,42,178,40
XGBoost,B1H,42,179,39
XGBoost,B1H,52,126,39
XGBoost,B1H,52,127,38
XGBoost,B1H,52,128,39
XGBoost,B1H,52,129,40
XGBoost,B1H,52,130,39
XGBoost,B1H,52,131,40
XGBoost,B1H,52,132,39
XGBoost,B1H,52,133,39
XGBoost,B1H,52,134,38
XGBoost,B1H,52,135,40
XGBoost,B1H,52,136,38
XGBoost,B1H,52,137,39
XGBoost,B1H,52,138,40
XGBoost,B1H,52,139,39
XGBoost,B1H,52,140,40
XGBoost,B1H,52,141,40
XGBoost,B1H,52,142,40
XGBoost,B1H,52,143,40
XGBoost,B1H,52,144,39
XGBoost,B1H,52,145,36
XGBoost,B1H,52,146,39
XGBoost,B1H,52,147,40
XGBoost,B1H,52,148,39
XGBoost,B1H,52,149,40
XGBoost,B1H,52,150,40
XGBoost,B1H,52,151,39
XGBoost,B1H,52,152,40
XGBoost,B1H,52,153,40
XGBoost,B1H,52,154,37
XGBoost,B1H,52,155,37
XGBoost,B1H,52,156,39
XGBoost,B1H,52,157,39
XGBoost,B1H,52,158,38
XGBoost,B1H,52,159,39
XGBoost,B1H,52,160,39
XGBoost,B1H,52,161,39
XGBoost,B1H,52,162,40
XGBoost,B1H,52,163,36
XGBoost,B1H,52,164,39
XGBoost,B1H,52,165,40
XGBoost,B1H,52,166,40
XGBoost,B1H,52,167,38
XGBoost,B1H,52,168,39
XGBoost,B1H,52,169,40
XGBoost,B1H,52,170,40
XGBoost,B1H,52,171,40
XGBoost,B1H,52,172,39
XGBoost,B1H,52,173,38
XGBoost,B1H,52,174,37
XGBoost,B1H,52,175,40
XGBoost,B1H,52,176,39
XGBoost,B1H,52,177,40
XGBoost,B1H,52,178,40
XGBoost,B1H,52,179,39
XGBoost,B1H,62,126,39
XGBoost,B1H,62,127,38
XGBoost,B1H,62,128,39
XGBoost,B1H,62,129,40
XGBoost,B1H,62,130,39
XGBoost,B1H,62,131,40
XGBoost,B1H,62,132,39
XGBoost,B1H,62,133,39
XGBoost,B1H,62,134,38
XGBoost,B1H,62,135,40
XGBoost,B1H,62,136,38
XGBoost,B1H,62,137,39
XGBoost,B1H,62,138,40
XGBoost,B1H,62,139,39
XGBoost,B1H,62,140,40
XGBoost,B1H,62,141,40
XGBoost,B1H,62,142,40
XGBoost,B1H,62,143,40
XGBoost,B1H,62,144,39
XGBoost,B1H,62,145,36
XGBoost,B1H,62,146,39
XGBoost,B1H,62,147,40
XGBoost,B1H,62,148,39
XGBoost,B1H,62,149,40
XGBoost,B1H,62,150,40
XGBoost,B1H,62,151,39
XGBoost,B1H,62,152,40
XGBoost,B1H,62,153,40
XGBoost,B1H,62,154,38
XGBoost,B1H,62,155,37
XGBoost,B1H,62,156,38
XGBoost,B1H,62,157,39
XGBoost,B1H,62,158,38
XGBoost,B1H,62,159,39
XGBoost,B1H,62,160,39
XGBoost,B1H,62,161,39
XGBoost,B1H,62,162,40
XGBoost,B1H,62,163,36
XGBoost,B1H,62,164,39
XGBoost,B1H,62,165,40
XGBoost,B1H,62,166,40
XGBoost,B1H,62,167,38
XGBoost,B1H,62,168,39
XGBoost,B1H,62,169,40
XGBoost,B1H,62,170,40
XGBoost,B1H,62,171,40
XGBoost,B1H,62,172,39
XGBoost,B1H,62,173,38
XGBoost,B1H,62,174,37
XGBoost,B1H,62,175,40
XGBoost,B1H,62,176,39
XGBoost,B1H,62,177,40
XGBoost,B1H,62,178,40
XGBoost,B1H,62,179,39
XGBoost,B1H,72,126,39
XGBoost,B1H,72,127,38
XGBoost,B1H,72,128,39
XGBoost,B1H,72,129,40
XGBoost,B1H,72,130,39
XGBoost,B1H,72,131,40
XGBoost,B1H,72,132,39
XGBoost,B1H,72,133,39
XGBoost,B1H,72,134,38
XGBoost,B1H,72,135,40
XGBoost,B1H,72,136,38
XGBoost,B1H,72,137,39
XGBoost,B1H,72,138,40
XGBoost,B1H,72,139,39
XGBoost,B1H,72,140,40
XGBoost,B1H,72,141,40
XGBoost,B1H,72,142,40
XGBoost,B1H,72,143,40
XGBoost,B1H,72,144,39
XGBoost,B1H,72,145,36
XGBoost,B1H,72,146,40
XGBoost,B1H,72,147,40
XGBoost,B1H,72,148,39
XGBoost,B1H,72,149,40
XGBoost,B1H,72,150,40
XGBoost,B1H,72,151,39
XGBoost,B1H,72,152,40
XGBoost,B1H,72,153,40
XGBoost,B1H,72,154,38
XGBoost,B1H,72,155,37
XGBoost,B1H,72,156,38
XGBoost,B1H,72,157,39
XGBoost,B1H,72,158,38
XGBoost,B1H,72,159,39
XGBoost,B1H,72,160,39
XGBoost,B1H,72,161,39
XGBoost,B1H,72,162,40
XGBoost,B1H,72,163,36
XGBoost,B1H,72,164,39
XGBoost,B1H,72,165,40
XGBoost,B1H,72,166,40
XGBoost,B1H,72,167,37
XGBoost,B1H,72,168,39
XGBoost,B1H,72,169,40
XGBoost,B1H,72,170,40
XGBoost,B1H,72,171,40
XGBoost,B1H,72,172,39
XGBoost,B1H,72,173,38
XGBoost,B1H,72,174,37
XGBoost,B1H,72,175,40
XGBoost,B1H,72,176,39
XGBoost,B1H,72,177,40
XGBoost,B1H,72,178,40
XGBoost,B1H,72,179,39
XGBoost,B1H,82,126,39
XGBoost,B1H,82,127,38
XGBoost,B1H,82,128,39
XGBoost,B1H,82,129,40
XGBoost,B1H,82,130,39
XGBoost,B1H,82,131,40
XGBoost,B1H,82,132,39
XGBoost,B1H,82,133,39
XGBoost,B1H,82,134,38
XGBoost,B1H,82,135,40
XGBoost,B1H,82,136,39
XGBoost,B1H,82,137,40
XGBoost,B1H,82,138,40
XGBoost,B1H,82,139,39
XGBoost,B1H,82,140,40
XGBoost,B1H,82,141,40
XGBoost,B1H,82,142,39
XGBoost,B1H,82,143,40
XGBoost,B1H,82,144,39
XGBoost,B1H,82,145,37
XGBoost,B1H,82,146,39
XGBoost,B1H,82,147,40
XGBoost,B1H,82,148,39
XGBoost,B1H,82,149,40
XGBoost,B1H,82,150,40
XGBoost,B1H,82,151,38
XGBoost,B1H,82,152,40
XGBoost,B1H,82,153,40
XGBoost,B1H,82,154,39
XGBoost,B1H,82,155,37
XGBoost,B1H,82,156,38
XGBoost,B1H,82,157,39
XGBoost,B1H,82,158,38
XGBoost,B1H,82,159,39
XGBoost,B1H,82,160,39
XGBoost,B1H,82,161,39
XGBoost,B1H,82,162,40
XGBoost,B1H,82,163,36
XGBoost,B1H,82,164,39
XGBoost,B1H,82,165,40
XGBoost,B1H,82,166,40
XGBoost,B1H,82,167,37
XGBoost,B1H,82,168,39
XGBoost,B1H,82,169,40
XGBoost,B1H,82,170,40
XGBoost,B1H,82,171,40
XGBoost,B1H,82,172,39
XGBoost,B1H,82,173,38
XGBoost,B1H,82,174,37
XGBoost,B1H,82,175,40
XGBoost,B1H,82,176,39
XGBoost,B1H,82,177,40
XGBoost,B1H,82,178,40
XGBoost,B1H,82,179,39
