segment,family,seed,contrast,metric,estimate
whole,LightGBM,42,H0,ap,0.11441952937333355
whole,LightGBM,42,H1,ap,-0.0019808006563720726
whole,LightGBM,42,D,ap,-0.11640033002970562
whole,LightGBM,42,H0,tp@0.01,168
whole,LightGBM,42,H1,tp@0.01,-24
whole,LightGBM,42,D,tp@0.01,-192
whole,LightGBM,42,H0,recall@0.01,0.07777777777777772
whole,LightGBM,42,H1,recall@0.01,-0.011111111111111072
whole,LightGBM,42,D,recall@0.01,-0.0888888888888888
whole,LightGBM,42,H0,precision@0.01,0.08467741935483863
whole,LightGBM,42,H1,precision@0.01,-0.012096774193548376
whole,LightGBM,42,D,precision@0.01,-0.09677419354838701
whole,LightGBM,42,H0,tp@0.03,215
whole,LightGBM,42,H1,tp@0.03,-1
whole,LightGBM,42,D,tp@0.03,-216
whole,LightGBM,42,H0,recall@0.03,0.09953703703703709
whole,LightGBM,42,H1,recall@0.03,-0.0004629629629629983
whole,LightGBM,42,D,recall@0.03,-0.10000000000000009
whole,LightGBM,42,H0,precision@0.03,0.03613445378151264
whole,LightGBM,42,H1,precision@0.03,-0.0001680672268907779
whole,LightGBM,42,D,precision@0.03,-0.03630252100840342
whole,LightGBM,42,H0,tp@0.05,161
whole,LightGBM,42,H1,tp@0.05,-1
whole,LightGBM,42,D,tp@0.05,-162
whole,LightGBM,42,H0,recall@0.05,0.07453703703703696
whole,LightGBM,42,H1,recall@0.05,-0.0004629629629629983
whole,LightGBM,42,D,recall@0.05,-0.07499999999999996
whole,LightGBM,42,H0,precision@0.05,0.016236385639370715
whole,LightGBM,42,H1,precision@0.05,-0.00010084711577248995
whole,LightGBM,42,D,precision@0.05,-0.016337232755143205
whole,LightGBM,52,H0,ap,0.11499222704130962
whole,LightGBM,52,H1,ap,-0.0016164990343460195
whole,LightGBM,52,D,ap,-0.11660872607565564
whole,LightGBM,52,H0,tp@0.01,189
whole,LightGBM,52,H1,tp@0.01,-21
whole,LightGBM,52,D,tp@0.01,-210
whole,LightGBM,52,H0,recall@0.01,0.08749999999999991
whole,LightGBM,52,H1,recall@0.01,-0.009722222222222188
whole,LightGBM,52,D,recall@0.01,-0.0972222222222221
whole,LightGBM,52,H0,precision@0.01,0.09526209677419362
whole,LightGBM,52,H1,precision@0.01,-0.010584677419354871
whole,LightGBM,52,D,precision@0.01,-0.10584677419354849
whole,LightGBM,52,H0,tp@0.03,209
whole,LightGBM,52,H1,tp@0.03,0
whole,LightGBM,52,D,tp@0.03,-209
whole,LightGBM,52,H0,recall@0.03,0.09675925925925932
whole,LightGBM,52,H1,recall@0.03,0.0
whole,LightGBM,52,D,recall@0.03,-0.09675925925925932
whole,LightGBM,52,H0,precision@0.03,0.03512605042016809
whole,LightGBM,52,H1,precision@0.03,0.0
whole,LightGBM,52,D,precision@0.03,-0.03512605042016809
whole,LightGBM,52,H0,tp@0.05,161
whole,LightGBM,52,H1,tp@0.05,-2
whole,LightGBM,52,D,tp@0.05,-163
whole,LightGBM,52,H0,recall@0.05,0.07453703703703707
whole,LightGBM,52,H1,recall@0.05,-0.0009259259259258856
whole,LightGBM,52,D,recall@0.05,-0.07546296296296295
whole,LightGBM,52,H0,precision@0.05,0.016236385639370715
whole,LightGBM,52,H1,precision@0.05,-0.0002016942315449799
whole,LightGBM,52,D,precision@0.05,-0.016438079870915695
whole,LightGBM,62,H0,ap,0.11431960248702222
whole,LightGBM,62,H1,ap,-0.00044868546633802797
whole,LightGBM,62,D,ap,-0.11476828795336025
whole,LightGBM,62,H0,tp@0.01,191
whole,LightGBM,62,H1,tp@0.01,-13
whole,LightGBM,62,D,tp@0.01,-204
whole,LightGBM,62,H0,recall@0.01,0.08842592592592591
whole,LightGBM,62,H1,recall@0.01,-0.006018518518518534
whole,LightGBM,62,D,recall@0.01,-0.09444444444444444
whole,LightGBM,62,H0,precision@0.01,0.09627016129032251
whole,LightGBM,62,H1,precision@0.01,-0.0065524193548387455
whole,LightGBM,62,D,precision@0.01,-0.10282258064516125
whole,LightGBM,62,H0,tp@0.03,205
whole,LightGBM,62,H1,tp@0.03,3
whole,LightGBM,62,D,tp@0.03,-202
whole,LightGBM,62,H0,recall@0.03,0.09490740740740744
whole,LightGBM,62,H1,recall@0.03,0.001388888888888884
whole,LightGBM,62,D,recall@0.03,-0.09351851851851856
whole,LightGBM,62,H0,precision@0.03,0.03445378151260503
whole,LightGBM,62,H1,precision@0.03,0.0005042016806722782
whole,LightGBM,62,D,precision@0.03,-0.03394957983193275
whole,LightGBM,62,H0,tp@0.05,162
whole,LightGBM,62,H1,tp@0.05,-1
whole,LightGBM,62,D,tp@0.05,-163
whole,LightGBM,62,H0,recall@0.05,0.07499999999999996
whole,LightGBM,62,H1,recall@0.05,-0.0004629629629629983
whole,LightGBM,62,D,recall@0.05,-0.07546296296296295
whole,LightGBM,62,H0,precision@0.05,0.016337232755143205
whole,LightGBM,62,H1,precision@0.05,-0.00010084711577248995
whole,LightGBM,62,D,precision@0.05,-0.016438079870915695
whole,LightGBM,72,H0,ap,0.11422900769689015
whole,LightGBM,72,H1,ap,-0.0006680635365867715
whole,LightGBM,72,D,ap,-0.11489707123347692
whole,LightGBM,72,H0,tp@0.01,196
whole,LightGBM,72,H1,tp@0.01,-2
whole,LightGBM,72,D,tp@0.01,-198
whole,LightGBM,72,H0,recall@0.01,0.09074074074074079
whole,LightGBM,72,H1,recall@0.01,-0.0009259259259259967
whole,LightGBM,72,D,recall@0.01,-0.09166666666666679
whole,LightGBM,72,H0,precision@0.01,0.09879032258064524
whole,LightGBM,72,H1,precision@0.01,-0.0010080645161290036
whole,LightGBM,72,D,precision@0.01,-0.09979838709677424
whole,LightGBM,72,H0,tp@0.03,205
whole,LightGBM,72,H1,tp@0.03,1
whole,LightGBM,72,D,tp@0.03,-204
whole,LightGBM,72,H0,recall@0.03,0.09490740740740744
whole,LightGBM,72,H1,recall@0.03,0.0004629629629629983
whole,LightGBM,72,D,recall@0.03,-0.09444444444444444
whole,LightGBM,72,H0,precision@0.03,0.03445378151260503
whole,LightGBM,72,H1,precision@0.03,0.0001680672268907779
whole,LightGBM,72,D,precision@0.03,-0.03428571428571425
whole,LightGBM,72,H0,tp@0.05,158
whole,LightGBM,72,H1,tp@0.05,-1
whole,LightGBM,72,D,tp@0.05,-159
whole,LightGBM,72,H0,recall@0.05,0.07314814814814807
whole,LightGBM,72,H1,recall@0.05,-0.0004629629629628873
whole,LightGBM,72,D,recall@0.05,-0.07361111111111096
whole,LightGBM,72,H0,precision@0.05,0.015933844292053245
whole,LightGBM,72,H1,precision@0.05,-0.00010084711577248995
whole,LightGBM,72,D,precision@0.05,-0.016034691407825735
whole,LightGBM,82,H0,ap,0.11539362959962085
whole,LightGBM,82,H1,ap,-0.001046405999028166
whole,LightGBM,82,D,ap,-0.11644003559864902
whole,LightGBM,82,H0,tp@0.01,194
whole,LightGBM,82,H1,tp@0.01,-16
whole,LightGBM,82,D,tp@0.01,-210
whole,LightGBM,82,H0,recall@0.01,0.08981481481481479
whole,LightGBM,82,H1,recall@0.01,-0.007407407407407418
whole,LightGBM,82,D,recall@0.01,-0.09722222222222221
whole,LightGBM,82,H0,precision@0.01,0.09778225806451613
whole,LightGBM,82,H1,precision@0.01,-0.008064516129032251
whole,LightGBM,82,D,precision@0.01,-0.10584677419354838
whole,LightGBM,82,H0,tp@0.03,208
whole,LightGBM,82,H1,tp@0.03,2
whole,LightGBM,82,D,tp@0.03,-206
whole,LightGBM,82,H0,recall@0.03,0.09629629629629632
whole,LightGBM,82,H1,recall@0.03,0.0009259259259258856
whole,LightGBM,82,D,recall@0.03,-0.09537037037037044
whole,LightGBM,82,H0,precision@0.03,0.03495798319327731
whole,LightGBM,82,H1,precision@0.03,0.0003361344537815003
whole,LightGBM,82,D,precision@0.03,-0.03462184873949581
whole,LightGBM,82,H0,tp@0.05,161
whole,LightGBM,82,H1,tp@0.05,-1
whole,LightGBM,82,D,tp@0.05,-162
whole,LightGBM,82,H0,recall@0.05,0.07453703703703696
whole,LightGBM,82,H1,recall@0.05,-0.0004629629629629983
whole,LightGBM,82,D,recall@0.05,-0.07499999999999996
whole,LightGBM,82,H0,precision@0.05,0.016236385639370715
whole,LightGBM,82,H1,precision@0.05,-0.00010084711577248995
whole,LightGBM,82,D,precision@0.05,-0.016337232755143205
whole,XGBoost,42,H0,ap,0.11912723963860905
whole,XGBoost,42,H1,ap,0.010403839911741652
whole,XGBoost,42,D,ap,-0.1087233997268674
whole,XGBoost,42,H0,tp@0.01,200
whole,XGBoost,42,H1,tp@0.01,19
whole,XGBoost,42,D,tp@0.01,-181
whole,XGBoost,42,H0,recall@0.01,0.09259259259259267
whole,XGBoost,42,H1,recall@0.01,0.008796296296296302
whole,XGBoost,42,D,recall@0.01,-0.08379629629629637
whole,XGBoost,42,H0,precision@0.01,0.10080645161290314
whole,XGBoost,42,H1,precision@0.01,0.009576612903225756
whole,XGBoost,42,D,precision@0.01,-0.09122983870967738
whole,XGBoost,42,H0,tp@0.03,210
whole,XGBoost,42,H1,tp@0.03,7
whole,XGBoost,42,D,tp@0.03,-203
whole,XGBoost,42,H0,recall@0.03,0.09722222222222221
whole,XGBoost,42,H1,recall@0.03,0.0032407407407407662
whole,XGBoost,42,D,recall@0.03,-0.09398148148148144
whole,XGBoost,42,H0,precision@0.03,0.03529411764705881
whole,XGBoost,42,H1,precision@0.03,0.0011764705882353343
whole,XGBoost,42,D,precision@0.03,-0.034117647058823475
whole,XGBoost,42,H0,tp@0.05,168
whole,XGBoost,42,H1,tp@0.05,3
whole,XGBoost,42,D,tp@0.05,-165
whole,XGBoost,42,H0,recall@0.05,0.07777777777777772
whole,XGBoost,42,H1,recall@0.05,0.001388888888888884
whole,XGBoost,42,D,recall@0.05,-0.07638888888888884
whole,XGBoost,42,H0,precision@0.05,0.016942315449778145
whole,XGBoost,42,H1,precision@0.05,0.00030254134731746984
whole,XGBoost,42,D,precision@0.05,-0.016639774102460675
whole,XGBoost,52,H0,ap,0.11836769917653323
whole,XGBoost,52,H1,ap,0.009920089038902735
whole,XGBoost,52,D,ap,-0.10844761013763049
whole,XGBoost,52,H0,tp@0.01,201
whole,XGBoost,52,H1,tp@0.01,10
whole,XGBoost,52,D,tp@0.01,-191
whole,XGBoost,52,H0,recall@0.01,0.09305555555555556
whole,XGBoost,52,H1,recall@0.01,0.00462962962962965
whole,XGBoost,52,D,recall@0.01,-0.08842592592592591
whole,XGBoost,52,H0,precision@0.01,0.10131048387096764
whole,XGBoost,52,H1,precision@0.01,0.005040322580645129
whole,XGBoost,52,D,precision@0.01,-0.09627016129032251
whole,XGBoost,52,H0,tp@0.03,211
whole,XGBoost,52,H1,tp@0.03,8
whole,XGBoost,52,D,tp@0.03,-203
whole,XGBoost,52,H0,recall@0.03,0.09768518518518521
whole,XGBoost,52,H1,recall@0.03,0.0037037037037037646
whole,XGBoost,52,D,recall@0.03,-0.09398148148148144
whole,XGBoost,52,H0,precision@0.03,0.03546218487394959
whole,XGBoost,52,H1,precision@0.03,0.0013445378151260567
whole,XGBoost,52,D,precision@0.03,-0.03411764705882353
whole,XGBoost,52,H0,tp@0.05,171
whole,XGBoost,52,H1,tp@0.05,1
whole,XGBoost,52,D,tp@0.05,-170
whole,XGBoost,52,H0,recall@0.05,0.07916666666666661
whole,XGBoost,52,H1,recall@0.05,0.0004629629629628873
whole,XGBoost,52,D,recall@0.05,-0.07870370370370372
whole,XGBoost,52,H0,precision@0.05,0.017244856797095615
whole,XGBoost,52,H1,precision@0.05,0.00010084711577248995
whole,XGBoost,52,D,precision@0.05,-0.017144009681323125
whole,XGBoost,62,H0,ap,0.11870163528500266
whole,XGBoost,62,H1,ap,0.010284418288345032
whole,XGBoost,62,D,ap,-0.10841721699665763
whole,XGBoost,62,H0,tp@0.01,198
whole,XGBoost,62,H1,tp@0.01,20
whole,XGBoost,62,D,tp@0.01,-178
whole,XGBoost,62,H0,recall@0.01,0.09166666666666667
whole,XGBoost,62,H1,recall@0.01,0.0092592592592593
whole,XGBoost,62,D,recall@0.01,-0.08240740740740737
whole,XGBoost,62,H0,precision@0.01,0.09979838709677413
whole,XGBoost,62,H1,precision@0.01,0.01008064516129037
whole,XGBoost,62,D,precision@0.01,-0.08971774193548376
whole,XGBoost,62,H0,tp@0.03,212
whole,XGBoost,62,H1,tp@0.03,10
whole,XGBoost,62,D,tp@0.03,-202
whole,XGBoost,62,H0,recall@0.03,0.0981481481481482
whole,XGBoost,62,H1,recall@0.03,0.00462962962962965
whole,XGBoost,62,D,recall@0.03,-0.09351851851851856
whole,XGBoost,62,H0,precision@0.03,0.035630252100840365
whole,XGBoost,62,H1,precision@0.03,0.001680672268907557
whole,XGBoost,62,D,precision@0.03,-0.03394957983193281
whole,XGBoost,62,H0,tp@0.05,168
whole,XGBoost,62,H1,tp@0.05,4
whole,XGBoost,62,D,tp@0.05,-164
whole,XGBoost,62,H0,recall@0.05,0.07777777777777772
whole,XGBoost,62,H1,recall@0.05,0.0018518518518517713
whole,XGBoost,62,D,recall@0.05,-0.07592592592592595
whole,XGBoost,62,H0,precision@0.05,0.016942315449778145
whole,XGBoost,62,H1,precision@0.05,0.0004033884630899598
whole,XGBoost,62,D,precision@0.05,-0.016538926986688185
whole,XGBoost,72,H0,ap,0.11779412500965503
whole,XGBoost,72,H1,ap,0.009712748974181618
whole,XGBoost,72,D,ap,-0.10808137603547341
whole,XGBoost,72,H0,tp@0.01,207
whole,XGBoost,72,H1,tp@0.01,16
whole,XGBoost,72,D,tp@0.01,-191
whole,XGBoost,72,H0,recall@0.01,0.09583333333333333
whole,XGBoost,72,H1,recall@0.01,0.007407407407407418
whole,XGBoost,72,D,recall@0.01,-0.08842592592592591
whole,XGBoost,72,H0,precision@0.01,0.10433467741935476
whole,XGBoost,72,H1,precision@0.01,0.008064516129032251
whole,XGBoost,72,D,precision@0.01,-0.09627016129032251
whole,XGBoost,72,H0,tp@0.03,210
whole,XGBoost,72,H1,tp@0.03,13
whole,XGBoost,72,D,tp@0.03,-197
whole,XGBoost,72,H0,recall@0.03,0.09722222222222221
whole,XGBoost,72,H1,recall@0.03,0.006018518518518534
whole,XGBoost,72,D,recall@0.03,-0.09120370370370368
whole,XGBoost,72,H0,precision@0.03,0.03529411764705881
whole,XGBoost,72,H1,precision@0.03,0.0021848739495798353
whole,XGBoost,72,D,precision@0.03,-0.033109243697478974
whole,XGBoost,72,H0,tp@0.05,165
whole,XGBoost,72,H1,tp@0.05,3
whole,XGBoost,72,D,tp@0.05,-162
whole,XGBoost,72,H0,recall@0.05,0.07638888888888895
whole,XGBoost,72,H1,recall@0.05,0.001388888888888884
whole,XGBoost,72,D,recall@0.05,-0.07500000000000007
whole,XGBoost,72,H0,precision@0.05,0.016639774102460675
whole,XGBoost,72,H1,precision@0.05,0.00030254134731746984
whole,XGBoost,72,D,precision@0.05,-0.016337232755143205
whole,XGBoost,82,H0,ap,0.1191386387512614
whole,XGBoost,82,H1,ap,0.010124806746935056
whole,XGBoost,82,D,ap,-0.10901383200432635
whole,XGBoost,82,H0,tp@0.01,207
whole,XGBoost,82,H1,tp@0.01,5
whole,XGBoost,82,D,tp@0.01,-202
whole,XGBoost,82,H0,recall@0.01,0.09583333333333333
whole,XGBoost,82,H1,recall@0.01,0.0023148148148147696
whole,XGBoost,82,D,recall@0.01,-0.09351851851851856
whole,XGBoost,82,H0,precision@0.01,0.10433467741935476
whole,XGBoost,82,H1,precision@0.01,0.00252016129032262
whole,XGBoost,82,D,precision@0.01,-0.10181451612903214
whole,XGBoost,82,H0,tp@0.03,214
whole,XGBoost,82,H1,tp@0.03,10
whole,XGBoost,82,D,tp@0.03,-204
whole,XGBoost,82,H0,recall@0.03,0.09907407407407409
whole,XGBoost,82,H1,recall@0.03,0.00462962962962965
whole,XGBoost,82,D,recall@0.03,-0.09444444444444444
whole,XGBoost,82,H0,precision@0.03,0.03596638655462181
whole,XGBoost,82,H1,precision@0.03,0.001680672268907557
whole,XGBoost,82,D,precision@0.03,-0.03428571428571425
whole,XGBoost,82,H0,tp@0.05,164
whole,XGBoost,82,H1,tp@0.05,4
whole,XGBoost,82,D,tp@0.05,-160
whole,XGBoost,82,H0,recall@0.05,0.07592592592592595
whole,XGBoost,82,H1,recall@0.05,0.0018518518518517713
whole,XGBoost,82,D,recall@0.05,-0.07407407407407418
whole,XGBoost,82,H0,precision@0.05,0.016538926986688185
whole,XGBoost,82,H1,precision@0.05,0.0004033884630899598
whole,XGBoost,82,D,precision@0.05,-0.016135538523598225
126-143,LightGBM,42,H0,ap,0.11220373797624772
126-143,LightGBM,42,H1,ap,0.0018124485297079662
126-143,LightGBM,42,D,ap,-0.11039128944653975
126-143,LightGBM,42,H0,tp@0.01,64
126-143,LightGBM,42,H1,tp@0.01,-2
126-143,LightGBM,42,D,tp@0.01,-66
126-143,LightGBM,42,H0,recall@0.01,0.0888888888888889
126-143,LightGBM,42,H1,recall@0.01,-0.002777777777777768
126-143,LightGBM,42,D,recall@0.01,-0.09166666666666667
126-143,LightGBM,42,H0,precision@0.01,0.0983102918586789
126-143,LightGBM,42,H1,precision@0.01,-0.003072196620583667
126-143,LightGBM,42,D,precision@0.01,-0.10138248847926257
126-143,LightGBM,42,H0,tp@0.03,65
126-143,LightGBM,42,H1,tp@0.03,-2
126-143,LightGBM,42,D,tp@0.03,-67
126-143,LightGBM,42,H0,recall@0.03,0.09027777777777779
126-143,LightGBM,42,H1,recall@0.03,-0.002777777777777768
126-143,LightGBM,42,D,recall@0.03,-0.09305555555555556
126-143,LightGBM,42,H0,precision@0.03,0.03328213005632358
126-143,LightGBM,42,H1,precision@0.03,-0.0010240655401945187
126-143,LightGBM,42,D,precision@0.03,-0.034306195596518096
126-143,LightGBM,42,H0,tp@0.05,43
126-143,LightGBM,42,H1,tp@0.05,1
126-143,LightGBM,42,D,tp@0.05,-42
126-143,LightGBM,42,H0,recall@0.05,0.05972222222222223
126-143,LightGBM,42,H1,recall@0.05,0.001388888888888884
126-143,LightGBM,42,D,recall@0.05,-0.05833333333333335
126-143,LightGBM,42,H0,precision@0.05,0.013214505224339257
126-143,LightGBM,42,H1,precision@0.05,0.0003073140749846326
126-143,LightGBM,42,D,precision@0.05,-0.012907191149354624
126-143,LightGBM,52,H0,ap,0.11212446103028006
126-143,LightGBM,52,H1,ap,0.002332825756651169
126-143,LightGBM,52,D,ap,-0.1097916352736289
126-143,LightGBM,52,H0,tp@0.01,61
126-143,LightGBM,52,H1,tp@0.01,1
126-143,LightGBM,52,D,tp@0.01,-60
126-143,LightGBM,52,H0,recall@0.01,0.08472222222222214
126-143,LightGBM,52,H1,recall@0.01,0.001388888888888884
126-143,LightGBM,52,D,recall@0.01,-0.08333333333333326
126-143,LightGBM,52,H0,precision@0.01,0.09370199692780334
126-143,LightGBM,52,H1,precision@0.01,0.001536098310291778
126-143,LightGBM,52,D,precision@0.01,-0.09216589861751157
126-143,LightGBM,52,H0,tp@0.03,66
126-143,LightGBM,52,H1,tp@0.03,-1
126-143,LightGBM,52,D,tp@0.03,-67
126-143,LightGBM,52,H0,recall@0.03,0.09166666666666667
126-143,LightGBM,52,H1,recall@0.03,-0.001388888888888884
126-143,LightGBM,52,D,recall@0.03,-0.09305555555555556
126-143,LightGBM,52,H0,precision@0.03,0.03379416282642089
126-143,LightGBM,52,H1,precision@0.03,-0.0005120327700972593
126-143,LightGBM,52,D,precision@0.03,-0.03430619559651815
126-143,LightGBM,52,H0,tp@0.05,46
126-143,LightGBM,52,H1,tp@0.05,1
126-143,LightGBM,52,D,tp@0.05,-45
126-143,LightGBM,52,H0,recall@0.05,0.06388888888888888
126-143,LightGBM,52,H1,recall@0.05,0.001388888888888884
126-143,LightGBM,52,D,recall@0.05,-0.0625
126-143,LightGBM,52,H0,precision@0.05,0.014136447449293182
126-143,LightGBM,52,H1,precision@0.05,0.0003073140749846326
126-143,LightGBM,52,D,precision@0.05,-0.01382913337430855
126-143,LightGBM,62,H0,ap,0.11513510035670538
126-143,LightGBM,62,H1,ap,0.0030999677556130534
126-143,LightGBM,62,D,ap,-0.11203513260109232
126-143,LightGBM,62,H0,tp@0.01,67
126-143,LightGBM,62,H1,tp@0.01,0
126-143,LightGBM,62,D,tp@0.01,-67
126-143,LightGBM,62,H0,recall@0.01,0.09305555555555556
126-143,LightGBM,62,H1,recall@0.01,0.0
126-143,LightGBM,62,D,recall@0.01,-0.09305555555555556
126-143,LightGBM,62,H0,precision@0.01,0.10291858678955457
126-143,LightGBM,62,H1,precision@0.01,0.0
126-143,LightGBM,62,D,precision@0.01,-0.10291858678955457
126-143,LightGBM,62,H0,tp@0.03,61
126-143,LightGBM,62,H1,tp@0.03,1
126-143,LightGBM,62,D,tp@0.03,-60
126-143,LightGBM,62,H0,recall@0.03,0.08472222222222214
126-143,LightGBM,62,H1,recall@0.03,0.001388888888888884
126-143,LightGBM,62,D,recall@0.03,-0.08333333333333326
126-143,LightGBM,62,H0,precision@0.03,0.031233998975934485
126-143,LightGBM,62,H1,precision@0.03,0.0005120327700972593
126-143,LightGBM,62,D,precision@0.03,-0.030721966205837226
126-143,LightGBM,62,H0,tp@0.05,44
126-143,LightGBM,62,H1,tp@0.05,1
126-143,LightGBM,62,D,tp@0.05,-43
126-143,LightGBM,62,H0,recall@0.05,0.061111111111111116
126-143,LightGBM,62,H1,recall@0.05,0.001388888888888884
126-143,LightGBM,62,D,recall@0.05,-0.05972222222222223
126-143,LightGBM,62,H0,precision@0.05,0.013521819299323917
126-143,LightGBM,62,H1,precision@0.05,0.0003073140749846326
126-143,LightGBM,62,D,precision@0.05,-0.013214505224339285
126-143,LightGBM,72,H0,ap,0.11206751201861431
126-143,LightGBM,72,H1,ap,0.0032158347055550873
126-143,LightGBM,72,D,ap,-0.10885167731305923
126-143,LightGBM,72,H0,tp@0.01,65
126-143,LightGBM,72,H1,tp@0.01,0
126-143,LightGBM,72,D,tp@0.01,-65
126-143,LightGBM,72,H0,recall@0.01,0.09027777777777779
126-143,LightGBM,72,H1,recall@0.01,0.0
126-143,LightGBM,72,D,recall@0.01,-0.09027777777777779
126-143,LightGBM,72,H0,precision@0.01,0.0998463901689709
126-143,LightGBM,72,H1,precision@0.01,0.0
126-143,LightGBM,72,D,precision@0.01,-0.0998463901689709
126-143,LightGBM,72,H0,tp@0.03,64
126-143,LightGBM,72,H1,tp@0.03,-1
126-143,LightGBM,72,D,tp@0.03,-65
126-143,LightGBM,72,H0,recall@0.03,0.0888888888888889
126-143,LightGBM,72,H1,recall@0.03,-0.001388888888888884
126-143,LightGBM,72,D,recall@0.03,-0.09027777777777779
126-143,LightGBM,72,H0,precision@0.03,0.03277009728622632
126-143,LightGBM,72,H1,precision@0.03,-0.0005120327700972593
126-143,LightGBM,72,D,precision@0.03,-0.03328213005632358
126-143,LightGBM,72,H0,tp@0.05,44
126-143,LightGBM,72,H1,tp@0.05,0
126-143,LightGBM,72,D,tp@0.05,-44
126-143,LightGBM,72,H0,recall@0.05,0.061111111111111116
126-143,LightGBM,72,H1,recall@0.05,0.0
126-143,LightGBM,72,D,recall@0.05,-0.061111111111111116
126-143,LightGBM,72,H0,precision@0.05,0.013521819299323917
126-143,LightGBM,72,H1,precision@0.05,0.0
126-143,LightGBM,72,D,precision@0.05,-0.013521819299323917
126-143,LightGBM,82,H0,ap,0.11247620885948606
126-143,LightGBM,82,H1,ap,0.0036508170684041996
126-143,LightGBM,82,D,ap,-0.10882539179108186
126-143,LightGBM,82,H0,tp@0.01,64
126-143,LightGBM,82,H1,tp@0.01,5
126-143,LightGBM,82,D,tp@0.01,-59
126-143,LightGBM,82,H0,recall@0.01,0.0888888888888889
126-143,LightGBM,82,H1,recall@0.01,0.00694444444444442
126-143,LightGBM,82,D,recall@0.01,-0.08194444444444449
126-143,LightGBM,82,H0,precision@0.01,0.0983102918586789
126-143,LightGBM,82,H1,precision@0.01,0.007680491551459334
126-143,LightGBM,82,D,precision@0.01,-0.09062980030721957
126-143,LightGBM,82,H0,tp@0.03,65
126-143,LightGBM,82,H1,tp@0.03,4
126-143,LightGBM,82,D,tp@0.03,-61
126-143,LightGBM,82,H0,recall@0.03,0.09027777777777779
126-143,LightGBM,82,H1,recall@0.03,0.005555555555555647
126-143,LightGBM,82,D,recall@0.03,-0.08472222222222214
126-143,LightGBM,82,H0,precision@0.03,0.03328213005632358
126-143,LightGBM,82,H1,precision@0.03,0.0020481310803891484
126-143,LightGBM,82,D,precision@0.03,-0.03123399897593443
126-143,LightGBM,82,H0,tp@0.05,47
126-143,LightGBM,82,H1,tp@0.05,0
126-143,LightGBM,82,D,tp@0.05,-47
126-143,LightGBM,82,H0,recall@0.05,0.06527777777777777
126-143,LightGBM,82,H1,recall@0.05,0.0
126-143,LightGBM,82,D,recall@0.05,-0.06527777777777777
126-143,LightGBM,82,H0,precision@0.05,0.014443761524277815
126-143,LightGBM,82,H1,precision@0.05,0.0
126-143,LightGBM,82,D,precision@0.05,-0.014443761524277815
126-143,XGBoost,42,H0,ap,0.11677961976894313
126-143,XGBoost,42,H1,ap,0.012961158968645914
126-143,XGBoost,42,D,ap,-0.10381846080029722
126-143,XGBoost,42,H0,tp@0.01,72
126-143,XGBoost,42,H1,tp@0.01,9
126-143,XGBoost,42,D,tp@0.01,-63
126-143,XGBoost,42,H0,recall@0.01,0.10000000000000009
126-143,XGBoost,42,H1,recall@0.01,0.012500000000000067
126-143,XGBoost,42,D,recall@0.01,-0.08750000000000002
126-143,XGBoost,42,H0,precision@0.01,0.1105990783410139
126-143,XGBoost,42,H1,precision@0.01,0.01382488479262678
126-143,XGBoost,42,D,precision@0.01,-0.09677419354838712
126-143,XGBoost,42,H0,tp@0.03,65
126-143,XGBoost,42,H1,tp@0.03,5
126-143,XGBoost,42,D,tp@0.03,-60
126-143,XGBoost,42,H0,recall@0.03,0.09027777777777779
126-143,XGBoost,42,H1,recall@0.03,0.00694444444444442
126-143,XGBoost,42,D,recall@0.03,-0.08333333333333337
126-143,XGBoost,42,H0,precision@0.03,0.03328213005632363
126-143,XGBoost,42,H1,precision@0.03,0.0025601638504864077
126-143,XGBoost,42,D,precision@0.03,-0.030721966205837226
126-143,XGBoost,42,H0,tp@0.05,52
126-143,XGBoost,42,H1,tp@0.05,2
126-143,XGBoost,42,D,tp@0.05,-50
126-143,XGBoost,42,H0,recall@0.05,0.07222222222222219
126-143,XGBoost,42,H1,recall@0.05,0.002777777777777768
126-143,XGBoost,42,D,recall@0.05,-0.06944444444444442
126-143,XGBoost,42,H0,precision@0.05,0.015980331899200978
126-143,XGBoost,42,H1,precision@0.05,0.0006146281499692652
126-143,XGBoost,42,D,precision@0.05,-0.015365703749231713
126-143,XGBoost,52,H0,ap,0.11587261491403966
126-143,XGBoost,52,H1,ap,0.012355504215372126
126-143,XGBoost,52,D,ap,-0.10351711069866754
126-143,XGBoost,52,H0,tp@0.01,73
126-143,XGBoost,52,H1,tp@0.01,4
126-143,XGBoost,52,D,tp@0.01,-69
126-143,XGBoost,52,H0,recall@0.01,0.10138888888888897
126-143,XGBoost,52,H1,recall@0.01,0.005555555555555647
126-143,XGBoost,52,D,recall@0.01,-0.09583333333333333
126-143,XGBoost,52,H0,precision@0.01,0.11213517665130568
126-143,XGBoost,52,H1,precision@0.01,0.006144393241167445
126-143,XGBoost,52,D,precision@0.01,-0.10599078341013823
126-143,XGBoost,52,H0,tp@0.03,65
126-143,XGBoost,52,H1,tp@0.03,3
126-143,XGBoost,52,D,tp@0.03,-62
126-143,XGBoost,52,H0,recall@0.03,0.09027777777777779
126-143,XGBoost,52,H1,recall@0.03,0.004166666666666652
126-143,XGBoost,52,D,recall@0.03,-0.08611111111111114
126-143,XGBoost,52,H0,precision@0.03,0.03328213005632363
126-143,XGBoost,52,H1,precision@0.03,0.0015360983102918335
126-143,XGBoost,52,D,precision@0.03,-0.0317460317460318
126-143,XGBoost,52,H0,tp@0.05,50
126-143,XGBoost,52,H1,tp@0.05,3
126-143,XGBoost,52,D,tp@0.05,-47
126-143,XGBoost,52,H0,recall@0.05,0.06944444444444442
126-143,XGBoost,52,H1,recall@0.05,0.004166666666666652
126-143,XGBoost,52,D,recall@0.05,-0.06527777777777777
126-143,XGBoost,52,H0,precision@0.05,0.015365703749231713
126-143,XGBoost,52,H1,precision@0.05,0.0009219422249538978
126-143,XGBoost,52,D,precision@0.05,-0.014443761524277815
126-143,XGBoost,62,H0,ap,0.11649936364739888
126-143,XGBoost,62,H1,ap,0.013165236847462847
126-143,XGBoost,62,D,ap,-0.10333412679993603
126-143,XGBoost,62,H0,tp@0.01,72
126-143,XGBoost,62,H1,tp@0.01,7
126-143,XGBoost,62,D,tp@0.01,-65
126-143,XGBoost,62,H0,recall@0.01,0.10000000000000009
126-143,XGBoost,62,H1,recall@0.01,0.009722222222222299
126-143,XGBoost,62,D,recall@0.01,-0.09027777777777779
126-143,XGBoost,62,H0,precision@0.01,0.1105990783410139
126-143,XGBoost,62,H1,precision@0.01,0.010752688172043001
126-143,XGBoost,62,D,precision@0.01,-0.0998463901689709
126-143,XGBoost,62,H0,tp@0.03,65
126-143,XGBoost,62,H1,tp@0.03,5
126-143,XGBoost,62,D,tp@0.03,-60
126-143,XGBoost,62,H0,recall@0.03,0.09027777777777779
126-143,XGBoost,62,H1,recall@0.03,0.00694444444444442
126-143,XGBoost,62,D,recall@0.03,-0.08333333333333337
126-143,XGBoost,62,H0,precision@0.03,0.03328213005632358
126-143,XGBoost,62,H1,precision@0.03,0.0025601638504864077
126-143,XGBoost,62,D,precision@0.03,-0.03072196620583717
126-143,XGBoost,62,H0,tp@0.05,48
126-143,XGBoost,62,H1,tp@0.05,3
126-143,XGBoost,62,D,tp@0.05,-45
126-143,XGBoost,62,H0,recall@0.05,0.06666666666666665
126-143,XGBoost,62,H1,recall@0.05,0.004166666666666652
126-143,XGBoost,62,D,recall@0.05,-0.0625
126-143,XGBoost,62,H0,precision@0.05,0.014751075599262448
126-143,XGBoost,62,H1,precision@0.05,0.0009219422249538978
126-143,XGBoost,62,D,precision@0.05,-0.01382913337430855
126-143,XGBoost,72,H0,ap,0.11599984135203267
126-143,XGBoost,72,H1,ap,0.012312012637440861
126-143,XGBoost,72,D,ap,-0.10368782871459181
126-143,XGBoost,72,H0,tp@0.01,70
126-143,XGBoost,72,H1,tp@0.01,8
126-143,XGBoost,72,D,tp@0.01,-62
126-143,XGBoost,72,H0,recall@0.01,0.09722222222222232
126-143,XGBoost,72,H1,recall@0.01,0.011111111111111183
126-143,XGBoost,72,D,recall@0.01,-0.08611111111111114
126-143,XGBoost,72,H0,precision@0.01,0.10752688172043012
126-143,XGBoost,72,H1,precision@0.01,0.01228878648233489
126-143,XGBoost,72,D,precision@0.01,-0.09523809523809523
126-143,XGBoost,72,H0,tp@0.03,64
126-143,XGBoost,72,H1,tp@0.03,5
126-143,XGBoost,72,D,tp@0.03,-59
126-143,XGBoost,72,H0,recall@0.03,0.0888888888888889
126-143,XGBoost,72,H1,recall@0.03,0.00694444444444442
126-143,XGBoost,72,D,recall@0.03,-0.08194444444444449
126-143,XGBoost,72,H0,precision@0.03,0.03277009728622632
126-143,XGBoost,72,H1,precision@0.03,0.0025601638504864077
126-143,XGBoost,72,D,precision@0.03,-0.03020993343573991
126-143,XGBoost,72,H0,tp@0.05,50
126-143,XGBoost,72,H1,tp@0.05,1
126-143,XGBoost,72,D,tp@0.05,-49
126-143,XGBoost,72,H0,recall@0.05,0.06944444444444442
126-143,XGBoost,72,H1,recall@0.05,0.001388888888888884
126-143,XGBoost,72,D,recall@0.05,-0.06805555555555554
126-143,XGBoost,72,H0,precision@0.05,0.015365703749231713
126-143,XGBoost,72,H1,precision@0.05,0.0003073140749846326
126-143,XGBoost,72,D,precision@0.05,-0.01505838967424708
126-143,XGBoost,82,H0,ap,0.11645776273694419
126-143,XGBoost,82,H1,ap,0.012603028968603658
126-143,XGBoost,82,D,ap,-0.10385473376834053
126-143,XGBoost,82,H0,tp@0.01,73
126-143,XGBoost,82,H1,tp@0.01,6
126-143,XGBoost,82,D,tp@0.01,-67
126-143,XGBoost,82,H0,recall@0.01,0.10138888888888897
126-143,XGBoost,82,H1,recall@0.01,0.008333333333333415
126-143,XGBoost,82,D,recall@0.01,-0.09305555555555556
126-143,XGBoost,82,H0,precision@0.01,0.11213517665130568
126-143,XGBoost,82,H1,precision@0.01,0.009216589861751112
126-143,XGBoost,82,D,precision@0.01,-0.10291858678955457
126-143,XGBoost,82,H0,tp@0.03,66
126-143,XGBoost,82,H1,tp@0.03,3
126-143,XGBoost,82,D,tp@0.03,-63
126-143,XGBoost,82,H0,recall@0.03,0.09166666666666667
126-143,XGBoost,82,H1,recall@0.03,0.004166666666666652
126-143,XGBoost,82,D,recall@0.03,-0.08750000000000002
126-143,XGBoost,82,H0,precision@0.03,0.03379416282642089
126-143,XGBoost,82,H1,precision@0.03,0.0015360983102918335
126-143,XGBoost,82,D,precision@0.03,-0.03225806451612906
126-143,XGBoost,82,H0,tp@0.05,47
126-143,XGBoost,82,H1,tp@0.05,2
126-143,XGBoost,82,D,tp@0.05,-45
126-143,XGBoost,82,H0,recall@0.05,0.06527777777777777
126-143,XGBoost,82,H1,recall@0.05,0.002777777777777768
126-143,XGBoost,82,D,recall@0.05,-0.0625
126-143,XGBoost,82,H0,precision@0.05,0.014443761524277815
126-143,XGBoost,82,H1,precision@0.05,0.0006146281499692652
126-143,XGBoost,82,D,precision@0.05,-0.01382913337430855
144-161,LightGBM,42,H0,ap,0.10401047819434661
144-161,LightGBM,42,H1,ap,-0.006292402988052226
144-161,LightGBM,42,D,ap,-0.11030288118239884
144-161,LightGBM,42,H0,tp@0.01,50
144-161,LightGBM,42,H1,tp@0.01,-12
144-161,LightGBM,42,D,tp@0.01,-62
144-161,LightGBM,42,H0,recall@0.01,0.06944444444444442
144-161,LightGBM,42,H1,recall@0.01,-0.016666666666666607
144-161,LightGBM,42,D,recall@0.01,-0.08611111111111103
144-161,LightGBM,42,H0,precision@0.01,0.07541478129713419
144-161,LightGBM,42,H1,precision@0.01,-0.018099547511312153
144-161,LightGBM,42,D,precision@0.01,-0.09351432880844635
144-161,LightGBM,42,H0,tp@0.03,64
144-161,LightGBM,42,H1,tp@0.03,1
144-161,LightGBM,42,D,tp@0.03,-63
144-161,LightGBM,42,H0,recall@0.03,0.0888888888888889
144-161,LightGBM,42,H1,recall@0.03,0.001388888888888884
144-161,LightGBM,42,D,recall@0.03,-0.08750000000000002
144-161,LightGBM,42,H0,precision@0.03,0.03219315895372232
144-161,LightGBM,42,H1,precision@0.03,0.0005030181086519425
144-161,LightGBM,42,D,precision@0.03,-0.03169014084507038
144-161,LightGBM,42,H0,tp@0.05,48
144-161,LightGBM,42,H1,tp@0.05,0
144-161,LightGBM,42,D,tp@0.05,-48
144-161,LightGBM,42,H0,recall@0.05,0.06666666666666665
144-161,LightGBM,42,H1,recall@0.05,0.0
144-161,LightGBM,42,D,recall@0.05,-0.06666666666666665
144-161,LightGBM,42,H0,precision@0.05,0.014488379112586797
144-161,LightGBM,42,H1,precision@0.05,0.0
144-161,LightGBM,42,D,precision@0.05,-0.014488379112586797
144-161,LightGBM,52,H0,ap,0.10466482895329421
144-161,LightGBM,52,H1,ap,-0.007729917746224335
144-161,LightGBM,52,D,ap,-0.11239474669951854
144-161,LightGBM,52,H0,tp@0.01,51
144-161,LightGBM,52,H1,tp@0.01,-15
144-161,LightGBM,52,D,tp@0.01,-66
144-161,LightGBM,52,H0,recall@0.01,0.0708333333333333
144-161,LightGBM,52,H1,recall@0.01,-0.02083333333333337
144-161,LightGBM,52,D,recall@0.01,-0.09166666666666667
144-161,LightGBM,52,H0,precision@0.01,0.07692307692307698
144-161,LightGBM,52,H1,precision@0.01,-0.02262443438914019
144-161,LightGBM,52,D,precision@0.01,-0.09954751131221717
144-161,LightGBM,52,H0,tp@0.03,64
144-161,LightGBM,52,H1,tp@0.03,-1
144-161,LightGBM,52,D,tp@0.03,-65
144-161,LightGBM,52,H0,recall@0.03,0.0888888888888889
144-161,LightGBM,52,H1,recall@0.03,-0.001388888888888884
144-161,LightGBM,52,D,recall@0.03,-0.09027777777777779
144-161,LightGBM,52,H0,precision@0.03,0.03219315895372232
144-161,LightGBM,52,H1,precision@0.03,-0.0005030181086519425
144-161,LightGBM,52,D,precision@0.03,-0.032696177062374265
144-161,LightGBM,52,H0,tp@0.05,47
144-161,LightGBM,52,H1,tp@0.05,0
144-161,LightGBM,52,D,tp@0.05,-47
144-161,LightGBM,52,H0,recall@0.05,0.06527777777777777
144-161,LightGBM,52,H1,recall@0.05,0.0
144-161,LightGBM,52,D,recall@0.05,-0.06527777777777777
144-161,LightGBM,52,H0,precision@0.05,0.014186537881074573
144-161,LightGBM,52,H1,precision@0.05,0.0
144-161,LightGBM,52,D,precision@0.05,-0.014186537881074573
144-161,LightGBM,62,H0,ap,0.1041312013303538
144-161,LightGBM,62,H1,ap,-0.004735923865484382
144-161,LightGBM,62,D,ap,-0.10886712519583819
144-161,LightGBM,62,H0,tp@0.01,54
144-161,LightGBM,62,H1,tp@0.01,-7
144-161,LightGBM,62,D,tp@0.01,-61
144-161,LightGBM,62,H0,recall@0.01,0.07500000000000007
144-161,LightGBM,62,H1,recall@0.01,-0.009722222222222188
144-161,LightGBM,62,D,recall@0.01,-0.08472222222222225
144-161,LightGBM,62,H0,precision@0.01,0.08144796380090502
144-161,LightGBM,62,H1,precision@0.01,-0.010558069381598756
144-161,LightGBM,62,D,precision@0.01,-0.09200603318250378
144-161,LightGBM,62,H0,tp@0.03,62
144-161,LightGBM,62,H1,tp@0.03,0
144-161,LightGBM,62,D,tp@0.03,-62
144-161,LightGBM,62,H0,recall@0.03,0.08611111111111114
144-161,LightGBM,62,H1,recall@0.03,0.0
144-161,LightGBM,62,D,recall@0.03,-0.08611111111111114
144-161,LightGBM,62,H0,precision@0.03,0.03118712273641855
144-161,LightGBM,62,H1,precision@0.03,0.0
144-161,LightGBM,62,D,precision@0.03,-0.03118712273641855
144-161,LightGBM,62,H0,tp@0.05,50
144-161,LightGBM,62,H1,tp@0.05,0
144-161,LightGBM,62,D,tp@0.05,-50
144-161,LightGBM,62,H0,recall@0.05,0.06944444444444442
144-161,LightGBM,62,H1,recall@0.05,0.0
144-161,LightGBM,62,D,recall@0.05,-0.06944444444444442
144-161,LightGBM,62,H0,precision@0.05,0.015092061575611243
144-161,LightGBM,62,H1,precision@0.05,0.0
144-161,LightGBM,62,D,precision@0.05,-0.015092061575611243
144-161,LightGBM,72,H0,ap,0.1052262249348227
144-161,LightGBM,72,H1,ap,-0.003749519798292189
144-161,LightGBM,72,D,ap,-0.10897574473311489
144-161,LightGBM,72,H0,tp@0.01,60
144-161,LightGBM,72,H1,tp@0.01,-5
144-161,LightGBM,72,D,tp@0.01,-65
144-161,LightGBM,72,H0,recall@0.01,0.08333333333333337
144-161,LightGBM,72,H1,recall@0.01,-0.00694444444444442
144-161,LightGBM,72,D,recall@0.01,-0.09027777777777779
144-161,LightGBM,72,H0,precision@0.01,0.0904977375565611
144-161,LightGBM,72,H1,precision@0.01,-0.007541478129713397
144-161,LightGBM,72,D,precision@0.01,-0.0980392156862745
144-161,LightGBM,72,H0,tp@0.03,61
144-161,LightGBM,72,H1,tp@0.03,0
144-161,LightGBM,72,D,tp@0.03,-61
144-161,LightGBM,72,H0,recall@0.03,0.08472222222222225
144-161,LightGBM,72,H1,recall@0.03,0.0
144-161,LightGBM,72,D,recall@0.03,-0.08472222222222225
144-161,LightGBM,72,H0,precision@0.03,0.030684104627766606
144-161,LightGBM,72,H1,precision@0.03,0.0
144-161,LightGBM,72,D,precision@0.03,-0.030684104627766606
144-161,LightGBM,72,H0,tp@0.05,48
144-161,LightGBM,72,H1,tp@0.05,0
144-161,LightGBM,72,D,tp@0.05,-48
144-161,LightGBM,72,H0,recall@0.05,0.06666666666666665
144-161,LightGBM,72,H1,recall@0.05,0.0
144-161,LightGBM,72,D,recall@0.05,-0.06666666666666665
144-161,LightGBM,72,H0,precision@0.05,0.014488379112586797
144-161,LightGBM,72,H1,precision@0.05,0.0
144-161,LightGBM,72,D,precision@0.05,-0.014488379112586797
144-161,LightGBM,82,H0,ap,0.10440241866896349
144-161,LightGBM,82,H1,ap,-0.005295355355043441
144-161,LightGBM,82,D,ap,-0.10969777402400693
144-161,LightGBM,82,H0,tp@0.01,55
144-161,LightGBM,82,H1,tp@0.01,-4
144-161,LightGBM,82,D,tp@0.01,-59
144-161,LightGBM,82,H0,recall@0.01,0.07638888888888895
144-161,LightGBM,82,H1,recall@0.01,-0.005555555555555536
144-161,LightGBM,82,D,recall@0.01,-0.08194444444444449
144-161,LightGBM,82,H0,precision@0.01,0.0829562594268477
144-161,LightGBM,82,H1,precision@0.01,-0.006033182503770718
144-161,LightGBM,82,D,precision@0.01,-0.08898944193061842
144-161,LightGBM,82,H0,tp@0.03,60
144-161,LightGBM,82,H1,tp@0.03,0
144-161,LightGBM,82,D,tp@0.03,-60
144-161,LightGBM,82,H0,recall@0.03,0.08333333333333337
144-161,LightGBM,82,H1,recall@0.03,0.0
144-161,LightGBM,82,D,recall@0.03,-0.08333333333333337
144-161,LightGBM,82,H0,precision@0.03,0.030181086519114664
144-161,LightGBM,82,H1,precision@0.03,0.0
144-161,LightGBM,82,D,precision@0.03,-0.030181086519114664
144-161,LightGBM,82,H0,tp@0.05,50
144-161,LightGBM,82,H1,tp@0.05,0
144-161,LightGBM,82,D,tp@0.05,-50
144-161,LightGBM,82,H0,recall@0.05,0.06944444444444442
144-161,LightGBM,82,H1,recall@0.05,0.0
144-161,LightGBM,82,D,recall@0.05,-0.06944444444444442
144-161,LightGBM,82,H0,precision@0.05,0.015092061575611243
144-161,LightGBM,82,H1,precision@0.05,0.0
144-161,LightGBM,82,D,precision@0.05,-0.015092061575611243
144-161,XGBoost,42,H0,ap,0.11000244386234881
144-161,XGBoost,42,H1,ap,0.002861522170206743
144-161,XGBoost,42,D,ap,-0.10714092169214207
144-161,XGBoost,42,H0,tp@0.01,59
144-161,XGBoost,42,H1,tp@0.01,1
144-161,XGBoost,42,D,tp@0.01,-58
144-161,XGBoost,42,H0,recall@0.01,0.08194444444444449
144-161,XGBoost,42,H1,recall@0.01,0.001388888888888884
144-161,XGBoost,42,D,recall@0.01,-0.0805555555555556
144-161,XGBoost,42,H0,precision@0.01,0.08898944193061842
144-161,XGBoost,42,H1,precision@0.01,0.0015082956259426794
144-161,XGBoost,42,D,precision@0.01,-0.08748114630467574
144-161,XGBoost,42,H0,tp@0.03,63
144-161,XGBoost,42,H1,tp@0.03,-6
144-161,XGBoost,42,D,tp@0.03,-69
144-161,XGBoost,42,H0,recall@0.03,0.08750000000000002
144-161,XGBoost,42,H1,recall@0.03,-0.008333333333333304
144-161,XGBoost,42,D,recall@0.03,-0.09583333333333333
144-161,XGBoost,42,H0,precision@0.03,0.031690140845070436
144-161,XGBoost,42,H1,precision@0.03,-0.003018108651911433
144-161,XGBoost,42,D,precision@0.03,-0.03470824949698187
144-161,XGBoost,42,H0,tp@0.05,52
144-161,XGBoost,42,H1,tp@0.05,0
144-161,XGBoost,42,D,tp@0.05,-52
144-161,XGBoost,42,H0,recall@0.05,0.07222222222222219
144-161,XGBoost,42,H1,recall@0.05,0.0
144-161,XGBoost,42,D,recall@0.05,-0.07222222222222219
144-161,XGBoost,42,H0,precision@0.05,0.01569574403863569
144-161,XGBoost,42,H1,precision@0.05,0.0
144-161,XGBoost,42,D,precision@0.05,-0.01569574403863569
144-161,XGBoost,52,H0,ap,0.10966245218796444
144-161,XGBoost,52,H1,ap,0.0024959635016043036
144-161,XGBoost,52,D,ap,-0.10716648868636014
144-161,XGBoost,52,H0,tp@0.01,57
144-161,XGBoost,52,H1,tp@0.01,-2
144-161,XGBoost,52,D,tp@0.01,-59
144-161,XGBoost,52,H0,recall@0.01,0.07916666666666672
144-161,XGBoost,52,H1,recall@0.01,-0.002777777777777768
144-161,XGBoost,52,D,recall@0.01,-0.08194444444444449
144-161,XGBoost,52,H0,precision@0.01,0.08597285067873306
144-161,XGBoost,52,H1,precision@0.01,-0.003016591251885359
144-161,XGBoost,52,D,precision@0.01,-0.08898944193061842
144-161,XGBoost,52,H0,tp@0.03,63
144-161,XGBoost,52,H1,tp@0.03,-5
144-161,XGBoost,52,D,tp@0.03,-68
144-161,XGBoost,52,H0,recall@0.03,0.08750000000000002
144-161,XGBoost,52,H1,recall@0.03,-0.00694444444444442
144-161,XGBoost,52,D,recall@0.03,-0.09444444444444444
144-161,XGBoost,52,H0,precision@0.03,0.031690140845070436
144-161,XGBoost,52,H1,precision@0.03,-0.002515090543259546
144-161,XGBoost,52,D,precision@0.03,-0.03420523138832998
144-161,XGBoost,52,H0,tp@0.05,50
144-161,XGBoost,52,H1,tp@0.05,0
144-161,XGBoost,52,D,tp@0.05,-50
144-161,XGBoost,52,H0,recall@0.05,0.06944444444444442
144-161,XGBoost,52,H1,recall@0.05,0.0
144-161,XGBoost,52,D,recall@0.05,-0.06944444444444442
144-161,XGBoost,52,H0,precision@0.05,0.015092061575611243
144-161,XGBoost,52,H1,precision@0.05,0.0
144-161,XGBoost,52,D,precision@0.05,-0.015092061575611243
144-161,XGBoost,62,H0,ap,0.11034203609340165
144-161,XGBoost,62,H1,ap,0.0025932683822087466
144-161,XGBoost,62,D,ap,-0.1077487677111929
144-161,XGBoost,62,H0,tp@0.01,57
144-161,XGBoost,62,H1,tp@0.01,-2
144-161,XGBoost,62,D,tp@0.01,-59
144-161,XGBoost,62,H0,recall@0.01,0.07916666666666672
144-161,XGBoost,62,H1,recall@0.01,-0.002777777777777768
144-161,XGBoost,62,D,recall@0.01,-0.08194444444444449
144-161,XGBoost,62,H0,precision@0.01,0.08597285067873306
144-161,XGBoost,62,H1,precision@0.01,-0.003016591251885359
144-161,XGBoost,62,D,precision@0.01,-0.08898944193061842
144-161,XGBoost,62,H0,tp@0.03,66
144-161,XGBoost,62,H1,tp@0.03,-6
144-161,XGBoost,62,D,tp@0.03,-72
144-161,XGBoost,62,H0,recall@0.03,0.09166666666666667
144-161,XGBoost,62,H1,recall@0.03,-0.008333333333333304
144-161,XGBoost,62,D,recall@0.03,-0.09999999999999998
144-161,XGBoost,62,H0,precision@0.03,0.03319919517102621
144-161,XGBoost,62,H1,precision@0.03,-0.0030181086519114886
144-161,XGBoost,62,D,precision@0.03,-0.036217303822937696
144-161,XGBoost,62,H0,tp@0.05,49
144-161,XGBoost,62,H1,tp@0.05,3
144-161,XGBoost,62,D,tp@0.05,-46
144-161,XGBoost,62,H0,recall@0.05,0.06805555555555554
144-161,XGBoost,62,H1,recall@0.05,0.004166666666666652
144-161,XGBoost,62,D,recall@0.05,-0.06388888888888888
144-161,XGBoost,62,H0,precision@0.05,0.01479022034409902
144-161,XGBoost,62,H1,precision@0.05,0.0009055236945366973
144-161,XGBoost,62,D,precision@0.05,-0.013884696649562323
144-161,XGBoost,72,H0,ap,0.10818408335080942
144-161,XGBoost,72,H1,ap,0.0023114114607617475
144-161,XGBoost,72,D,ap,-0.10587267189004768
144-161,XGBoost,72,H0,tp@0.01,58
144-161,XGBoost,72,H1,tp@0.01,-1
144-161,XGBoost,72,D,tp@0.01,-59
144-161,XGBoost,72,H0,recall@0.01,0.0805555555555556
144-161,XGBoost,72,H1,recall@0.01,-0.001388888888888884
144-161,XGBoost,72,D,recall@0.01,-0.08194444444444449
144-161,XGBoost,72,H0,precision@0.01,0.08748114630467574
144-161,XGBoost,72,H1,precision@0.01,-0.0015082956259426794
144-161,XGBoost,72,D,precision@0.01,-0.08898944193061842
144-161,XGBoost,72,H0,tp@0.03,63
144-161,XGBoost,72,H1,tp@0.03,-1
144-161,XGBoost,72,D,tp@0.03,-64
144-161,XGBoost,72,H0,recall@0.03,0.08750000000000002
144-161,XGBoost,72,H1,recall@0.03,-0.001388888888888884
144-161,XGBoost,72,D,recall@0.03,-0.0888888888888889
144-161,XGBoost,72,H0,precision@0.03,0.031690140845070436
144-161,XGBoost,72,H1,precision@0.03,-0.000503018108651887
144-161,XGBoost,72,D,precision@0.03,-0.03219315895372232
144-161,XGBoost,72,H0,tp@0.05,49
144-161,XGBoost,72,H1,tp@0.05,2
144-161,XGBoost,72,D,tp@0.05,-47
144-161,XGBoost,72,H0,recall@0.05,0.06805555555555554
144-161,XGBoost,72,H1,recall@0.05,0.002777777777777768
144-161,XGBoost,72,D,recall@0.05,-0.06527777777777777
144-161,XGBoost,72,H0,precision@0.05,0.01479022034409902
144-161,XGBoost,72,H1,precision@0.05,0.0006036824630244464
144-161,XGBoost,72,D,precision@0.05,-0.014186537881074573
144-161,XGBoost,82,H0,ap,0.10983733156692543
144-161,XGBoost,82,H1,ap,0.0027965776491899463
144-161,XGBoost,82,D,ap,-0.10704075391773549
144-161,XGBoost,82,H0,tp@0.01,61
144-161,XGBoost,82,H1,tp@0.01,-5
144-161,XGBoost,82,D,tp@0.01,-66
144-161,XGBoost,82,H0,recall@0.01,0.08472222222222225
144-161,XGBoost,82,H1,recall@0.01,-0.00694444444444442
144-161,XGBoost,82,D,recall@0.01,-0.09166666666666667
144-161,XGBoost,82,H0,precision@0.01,0.09200603318250378
144-161,XGBoost,82,H1,precision@0.01,-0.007541478129713397
144-161,XGBoost,82,D,precision@0.01,-0.09954751131221717
144-161,XGBoost,82,H0,tp@0.03,64
144-161,XGBoost,82,H1,tp@0.03,-3
144-161,XGBoost,82,D,tp@0.03,-67
144-161,XGBoost,82,H0,recall@0.03,0.0888888888888889
144-161,XGBoost,82,H1,recall@0.03,-0.004166666666666652
144-161,XGBoost,82,D,recall@0.03,-0.09305555555555556
144-161,XGBoost,82,H0,precision@0.03,0.03219315895372232
144-161,XGBoost,82,H1,precision@0.03,-0.0015090543259557165
144-161,XGBoost,82,D,precision@0.03,-0.03370221327967804
144-161,XGBoost,82,H0,tp@0.05,52
144-161,XGBoost,82,H1,tp@0.05,3
144-161,XGBoost,82,D,tp@0.05,-49
144-161,XGBoost,82,H0,recall@0.05,0.07222222222222219
144-161,XGBoost,82,H1,recall@0.05,0.004166666666666652
144-161,XGBoost,82,D,recall@0.05,-0.06805555555555554
144-161,XGBoost,82,H0,precision@0.05,0.01569574403863569
144-161,XGBoost,82,H1,precision@0.05,0.0009055236945366973
144-161,XGBoost,82,D,precision@0.05,-0.014790220344098992
162-179,LightGBM,42,H0,ap,0.1273563586572981
162-179,LightGBM,42,H1,ap,-0.0015961473971470852
162-179,LightGBM,42,D,ap,-0.1289525060544452
162-179,LightGBM,42,H0,tp@0.01,55
162-179,LightGBM,42,H1,tp@0.01,-7
162-179,LightGBM,42,D,tp@0.01,-62
162-179,LightGBM,42,H0,recall@0.01,0.07638888888888884
162-179,LightGBM,42,H1,recall@0.01,-0.009722222222222299
162-179,LightGBM,42,D,recall@0.01,-0.08611111111111114
162-179,LightGBM,42,H0,precision@0.01,0.08208955223880599
162-179,LightGBM,42,H1,precision@0.01,-0.010447761194029792
162-179,LightGBM,42,D,precision@0.01,-0.09253731343283578
162-179,LightGBM,42,H0,tp@0.03,89
162-179,LightGBM,42,H1,tp@0.03,-3
162-179,LightGBM,42,D,tp@0.03,-92
162-179,LightGBM,42,H0,recall@0.03,0.12361111111111112
162-179,LightGBM,42,H1,recall@0.03,-0.004166666666666763
162-179,LightGBM,42,D,recall@0.03,-0.12777777777777788
162-179,LightGBM,42,H0,precision@0.03,0.044278606965174105
162-179,LightGBM,42,H1,precision@0.03,-0.0014925373134328512
162-179,LightGBM,42,D,precision@0.03,-0.04577114427860696
162-179,LightGBM,42,H0,tp@0.05,71
162-179,LightGBM,42,H1,tp@0.05,0
162-179,LightGBM,42,D,tp@0.05,-71
162-179,LightGBM,42,H0,recall@0.05,0.0986111111111111
162-179,LightGBM,42,H1,recall@0.05,0.0
162-179,LightGBM,42,D,recall@0.05,-0.0986111111111111
162-179,LightGBM,42,H0,precision@0.05,0.021200358315915185
162-179,LightGBM,42,H1,precision@0.05,0.0
162-179,LightGBM,42,D,precision@0.05,-0.021200358315915185
162-179,LightGBM,52,H0,ap,0.12947818857299986
162-179,LightGBM,52,H1,ap,0.0009224042255420173
162-179,LightGBM,52,D,ap,-0.12855578434745785
162-179,LightGBM,52,H0,tp@0.01,63
162-179,LightGBM,52,H1,tp@0.01,-4
162-179,LightGBM,52,D,tp@0.01,-67
162-179,LightGBM,52,H0,recall@0.01,0.08749999999999991
162-179,LightGBM,52,H1,recall@0.01,-0.005555555555555536
162-179,LightGBM,52,D,recall@0.01,-0.09305555555555545
162-179,LightGBM,52,H0,precision@0.01,0.09402985074626868
162-179,LightGBM,52,H1,precision@0.01,-0.005970149253731294
162-179,LightGBM,52,D,precision@0.01,-0.09999999999999998
162-179,LightGBM,52,H0,tp@0.03,81
162-179,LightGBM,52,H1,tp@0.03,-1
162-179,LightGBM,52,D,tp@0.03,-82
162-179,LightGBM,52,H0,recall@0.03,0.11249999999999993
162-179,LightGBM,52,H1,recall@0.03,-0.001388888888888884
162-179,LightGBM,52,D,recall@0.03,-0.11388888888888882
162-179,LightGBM,52,H0,precision@0.03,0.040298507462686595
162-179,LightGBM,52,H1,precision@0.03,-0.0004975124378109319
162-179,LightGBM,52,D,precision@0.03,-0.04079601990049753
162-179,LightGBM,52,H0,tp@0.05,70
162-179,LightGBM,52,H1,tp@0.05,0
162-179,LightGBM,52,D,tp@0.05,-70
162-179,LightGBM,52,H0,recall@0.05,0.09722222222222221
162-179,LightGBM,52,H1,recall@0.05,0.0
162-179,LightGBM,52,D,recall@0.05,-0.09722222222222221
162-179,LightGBM,52,H0,precision@0.05,0.020901761719916395
162-179,LightGBM,52,H1,precision@0.05,0.0
162-179,LightGBM,52,D,precision@0.05,-0.020901761719916395
162-179,LightGBM,62,H0,ap,0.12351251762971704
162-179,LightGBM,62,H1,ap,-0.00016190191927367703
162-179,LightGBM,62,D,ap,-0.12367441954899072
162-179,LightGBM,62,H0,tp@0.01,66
162-179,LightGBM,62,H1,tp@0.01,-2
162-179,LightGBM,62,D,tp@0.01,-68
162-179,LightGBM,62,H0,recall@0.01,0.09166666666666656
162-179,LightGBM,62,H1,recall@0.01,-0.002777777777777879
162-179,LightGBM,62,D,recall@0.01,-0.09444444444444444
162-179,LightGBM,62,H0,precision@0.01,0.09850746268656718
162-179,LightGBM,62,H1,precision@0.01,-0.0029850746268657025
162-179,LightGBM,62,D,precision@0.01,-0.10149253731343288
162-179,LightGBM,62,H0,tp@0.03,78
162-179,LightGBM,62,H1,tp@0.03,3
162-179,LightGBM,62,D,tp@0.03,-75
162-179,LightGBM,62,H0,recall@0.03,0.10833333333333328
162-179,LightGBM,62,H1,recall@0.03,0.004166666666666652
162-179,LightGBM,62,D,recall@0.03,-0.10416666666666663
162-179,LightGBM,62,H0,precision@0.03,0.03880597014925374
162-179,LightGBM,62,H1,precision@0.03,0.0014925373134327957
162-179,LightGBM,62,D,precision@0.03,-0.03731343283582095
162-179,LightGBM,62,H0,tp@0.05,69
162-179,LightGBM,62,H1,tp@0.05,0
162-179,LightGBM,62,D,tp@0.05,-69
162-179,LightGBM,62,H0,recall@0.05,0.09583333333333333
162-179,LightGBM,62,H1,recall@0.05,0.0
162-179,LightGBM,62,D,recall@0.05,-0.09583333333333333
162-179,LightGBM,62,H0,precision@0.05,0.020603165123917577
162-179,LightGBM,62,H1,precision@0.05,0.0
162-179,LightGBM,62,D,precision@0.05,-0.020603165123917577
162-179,LightGBM,72,H0,ap,0.12586811898967265
162-179,LightGBM,72,H1,ap,-0.0019928639906082735
162-179,LightGBM,72,D,ap,-0.12786098298028092
162-179,LightGBM,72,H0,tp@0.01,66
162-179,LightGBM,72,H1,tp@0.01,1
162-179,LightGBM,72,D,tp@0.01,-65
162-179,LightGBM,72,H0,recall@0.01,0.09166666666666667
162-179,LightGBM,72,H1,recall@0.01,0.001388888888888884
162-179,LightGBM,72,D,recall@0.01,-0.09027777777777779
162-179,LightGBM,72,H0,precision@0.01,0.09850746268656718
162-179,LightGBM,72,H1,precision@0.01,0.0014925373134327957
162-179,LightGBM,72,D,precision@0.01,-0.09701492537313439
162-179,LightGBM,72,H0,tp@0.03,84
162-179,LightGBM,72,H1,tp@0.03,-1
162-179,LightGBM,72,D,tp@0.03,-85
162-179,LightGBM,72,H0,recall@0.03,0.11666666666666659
162-179,LightGBM,72,H1,recall@0.03,-0.001388888888888995
162-179,LightGBM,72,D,recall@0.03,-0.11805555555555558
162-179,LightGBM,72,H0,precision@0.03,0.04179104477611939
162-179,LightGBM,72,H1,precision@0.03,-0.0004975124378109874
162-179,LightGBM,72,D,precision@0.03,-0.04228855721393038
162-179,LightGBM,72,H0,tp@0.05,65
162-179,LightGBM,72,H1,tp@0.05,0
162-179,LightGBM,72,D,tp@0.05,-65
162-179,LightGBM,72,H0,recall@0.05,0.09027777777777779
162-179,LightGBM,72,H1,recall@0.05,0.0
162-179,LightGBM,72,D,recall@0.05,-0.09027777777777779
162-179,LightGBM,72,H0,precision@0.05,0.01940877873992236
162-179,LightGBM,72,H1,precision@0.05,0.0
162-179,LightGBM,72,D,precision@0.05,-0.01940877873992236
162-179,LightGBM,82,H0,ap,0.13045368937583435
162-179,LightGBM,82,H1,ap,-0.0013786144354971386
162-179,LightGBM,82,D,ap,-0.13183230381133149
162-179,LightGBM,82,H0,tp@0.01,68
162-179,LightGBM,82,H1,tp@0.01,-5
162-179,LightGBM,82,D,tp@0.01,-73
162-179,LightGBM,82,H0,recall@0.01,0.09444444444444444
162-179,LightGBM,82,H1,recall@0.01,-0.00694444444444442
162-179,LightGBM,82,D,recall@0.01,-0.10138888888888886
162-179,LightGBM,82,H0,precision@0.01,0.10149253731343288
162-179,LightGBM,82,H1,precision@0.01,-0.007462686567164201
162-179,LightGBM,82,D,precision@0.01,-0.10895522388059709
162-179,LightGBM,82,H0,tp@0.03,87
162-179,LightGBM,82,H1,tp@0.03,1
162-179,LightGBM,82,D,tp@0.03,-86
162-179,LightGBM,82,H0,recall@0.03,0.12083333333333324
162-179,LightGBM,82,H1,recall@0.03,0.001388888888888995
162-179,LightGBM,82,D,recall@0.03,-0.11944444444444424
162-179,LightGBM,82,H0,precision@0.03,0.04328358208955224
162-179,LightGBM,82,H1,precision@0.03,0.0004975124378109874
162-179,LightGBM,82,D,precision@0.03,-0.042786069651741254
162-179,LightGBM,82,H0,tp@0.05,67
162-179,LightGBM,82,H1,tp@0.05,0
162-179,LightGBM,82,D,tp@0.05,-67
162-179,LightGBM,82,H0,recall@0.05,0.09305555555555556
162-179,LightGBM,82,H1,recall@0.05,0.0
162-179,LightGBM,82,D,recall@0.05,-0.09305555555555556
162-179,LightGBM,82,H0,precision@0.05,0.02000597193191997
162-179,LightGBM,82,H1,precision@0.05,0.0
162-179,LightGBM,82,D,precision@0.05,-0.02000597193191997
162-179,XGBoost,42,H0,ap,0.1305936730313616
162-179,XGBoost,42,H1,ap,0.015522984455680011
162-179,XGBoost,42,D,ap,-0.11507068857568159
162-179,XGBoost,42,H0,tp@0.01,73
162-179,XGBoost,42,H1,tp@0.01,12
162-179,XGBoost,42,D,tp@0.01,-61
162-179,XGBoost,42,H0,recall@0.01,0.10138888888888886
162-179,XGBoost,42,H1,recall@0.01,0.01666666666666672
162-179,XGBoost,42,D,recall@0.01,-0.08472222222222214
162-179,XGBoost,42,H0,precision@0.01,0.10895522388059709
162-179,XGBoost,42,H1,precision@0.01,0.017910447761194104
162-179,XGBoost,42,D,precision@0.01,-0.09104477611940298
162-179,XGBoost,42,H0,tp@0.03,82
162-179,XGBoost,42,H1,tp@0.03,8
162-179,XGBoost,42,D,tp@0.03,-74
162-179,XGBoost,42,H0,recall@0.03,0.11388888888888882
162-179,XGBoost,42,H1,recall@0.03,0.011111111111111072
162-179,XGBoost,42,D,recall@0.03,-0.10277777777777775
162-179,XGBoost,42,H0,precision@0.03,0.04079601990049753
162-179,XGBoost,42,H1,precision@0.03,0.003980099502487566
162-179,XGBoost,42,D,precision@0.03,-0.03681592039800996
162-179,XGBoost,42,H0,tp@0.05,65
162-179,XGBoost,42,H1,tp@0.05,0
162-179,XGBoost,42,D,tp@0.05,-65
162-179,XGBoost,42,H0,recall@0.05,0.09027777777777779
162-179,XGBoost,42,H1,recall@0.05,0.0
162-179,XGBoost,42,D,recall@0.05,-0.09027777777777779
162-179,XGBoost,42,H0,precision@0.05,0.01940877873992236
162-179,XGBoost,42,H1,precision@0.05,0.0
162-179,XGBoost,42,D,precision@0.05,-0.01940877873992236
162-179,XGBoost,52,H0,ap,0.1296102881492942
162-179,XGBoost,52,H1,ap,0.015018679997548467
162-179,XGBoost,52,D,ap,-0.11459160815174574
162-179,XGBoost,52,H0,tp@0.01,74
162-179,XGBoost,52,H1,tp@0.01,10
162-179,XGBoost,52,D,tp@0.01,-64
162-179,XGBoost,52,H0,recall@0.01,0.10277777777777775
162-179,XGBoost,52,H1,recall@0.01,0.01388888888888895
162-179,XGBoost,52,D,recall@0.01,-0.0888888888888888
162-179,XGBoost,52,H0,precision@0.01,0.11044776119402988
162-179,XGBoost,52,H1,precision@0.01,0.014925373134328401
162-179,XGBoost,52,D,precision@0.01,-0.09552238805970148
162-179,XGBoost,52,H0,tp@0.03,82
162-179,XGBoost,52,H1,tp@0.03,7
162-179,XGBoost,52,D,tp@0.03,-75
162-179,XGBoost,52,H0,recall@0.03,0.11388888888888882
162-179,XGBoost,52,H1,recall@0.03,0.009722222222222188
162-179,XGBoost,52,D,recall@0.03,-0.10416666666666663
162-179,XGBoost,52,H0,precision@0.03,0.04079601990049753
162-179,XGBoost,52,H1,precision@0.03,0.0034825870646766344
162-179,XGBoost,52,D,precision@0.03,-0.03731343283582089
162-179,XGBoost,52,H0,tp@0.05,71
162-179,XGBoost,52,H1,tp@0.05,1
162-179,XGBoost,52,D,tp@0.05,-70
162-179,XGBoost,52,H0,recall@0.05,0.0986111111111111
162-179,XGBoost,52,H1,recall@0.05,0.001388888888888884
162-179,XGBoost,52,D,recall@0.05,-0.09722222222222221
162-179,XGBoost,52,H0,precision@0.05,0.021200358315915185
162-179,XGBoost,52,H1,precision@0.05,0.0002985965959987902
162-179,XGBoost,52,D,precision@0.05,-0.020901761719916395
162-179,XGBoost,62,H0,ap,0.12924935377330649
162-179,XGBoost,62,H1,ap,0.014825700902777239
162-179,XGBoost,62,D,ap,-0.11442365287052925
162-179,XGBoost,62,H0,tp@0.01,70
162-179,XGBoost,62,H1,tp@0.01,15
162-179,XGBoost,62,D,tp@0.01,-55
162-179,XGBoost,62,H0,recall@0.01,0.09722222222222221
162-179,XGBoost,62,H1,recall@0.01,0.02083333333333337
162-179,XGBoost,62,D,recall@0.01,-0.07638888888888884
162-179,XGBoost,62,H0,precision@0.01,0.10447761194029848
162-179,XGBoost,62,H1,precision@0.01,0.02238805970149249
162-179,XGBoost,62,D,precision@0.01,-0.08208955223880599
162-179,XGBoost,62,H0,tp@0.03,82
162-179,XGBoost,62,H1,tp@0.03,8
162-179,XGBoost,62,D,tp@0.03,-74
162-179,XGBoost,62,H0,recall@0.03,0.11388888888888882
162-179,XGBoost,62,H1,recall@0.03,0.011111111111111072
162-179,XGBoost,62,D,recall@0.03,-0.10277777777777775
162-179,XGBoost,62,H0,precision@0.03,0.04079601990049753
162-179,XGBoost,62,H1,precision@0.03,0.003980099502487566
162-179,XGBoost,62,D,precision@0.03,-0.03681592039800996
162-179,XGBoost,62,H0,tp@0.05,68
162-179,XGBoost,62,H1,tp@0.05,1
162-179,XGBoost,62,D,tp@0.05,-67
162-179,XGBoost,62,H0,recall@0.05,0.09444444444444444
162-179,XGBoost,62,H1,recall@0.05,0.001388888888888884
162-179,XGBoost,62,D,recall@0.05,-0.09305555555555556
162-179,XGBoost,62,H0,precision@0.05,0.02030456852791876
162-179,XGBoost,62,H1,precision@0.05,0.0002985965959987902
162-179,XGBoost,62,D,precision@0.05,-0.02000597193191997
162-179,XGBoost,72,H0,ap,0.12911487356655804
162-179,XGBoost,72,H1,ap,0.01396359555402027
162-179,XGBoost,72,D,ap,-0.11515127801253777
162-179,XGBoost,72,H0,tp@0.01,73
162-179,XGBoost,72,H1,tp@0.01,15
162-179,XGBoost,72,D,tp@0.01,-58
162-179,XGBoost,72,H0,recall@0.01,0.10138888888888897
162-179,XGBoost,72,H1,recall@0.01,0.02083333333333337
162-179,XGBoost,72,D,recall@0.01,-0.0805555555555556
162-179,XGBoost,72,H0,precision@0.01,0.10895522388059697
162-179,XGBoost,72,H1,precision@0.01,0.02238805970149249
162-179,XGBoost,72,D,precision@0.01,-0.08656716417910448
162-179,XGBoost,72,H0,tp@0.03,80
162-179,XGBoost,72,H1,tp@0.03,6
162-179,XGBoost,72,D,tp@0.03,-74
162-179,XGBoost,72,H0,recall@0.03,0.11111111111111105
162-179,XGBoost,72,H1,recall@0.03,0.008333333333333304
162-179,XGBoost,72,D,recall@0.03,-0.10277777777777775
162-179,XGBoost,72,H0,precision@0.03,0.03980099502487566
162-179,XGBoost,72,H1,precision@0.03,0.0029850746268657025
162-179,XGBoost,72,D,precision@0.03,-0.03681592039800996
162-179,XGBoost,72,H0,tp@0.05,67
162-179,XGBoost,72,H1,tp@0.05,0
162-179,XGBoost,72,D,tp@0.05,-67
162-179,XGBoost,72,H0,recall@0.05,0.09305555555555556
162-179,XGBoost,72,H1,recall@0.05,0.0
162-179,XGBoost,72,D,recall@0.05,-0.09305555555555556
162-179,XGBoost,72,H0,precision@0.05,0.02000597193191997
162-179,XGBoost,72,H1,precision@0.05,0.0
162-179,XGBoost,72,D,precision@0.05,-0.02000597193191997
162-179,XGBoost,82,H0,ap,0.13138828072977105
162-179,XGBoost,82,H1,ap,0.014920187721691236
162-179,XGBoost,82,D,ap,-0.11646809300807981
162-179,XGBoost,82,H0,tp@0.01,72
162-179,XGBoost,82,H1,tp@0.01,14
162-179,XGBoost,82,D,tp@0.01,-58
162-179,XGBoost,82,H0,recall@0.01,0.10000000000000009
162-179,XGBoost,82,H1,recall@0.01,0.019444444444444486
162-179,XGBoost,82,D,recall@0.01,-0.0805555555555556
162-179,XGBoost,82,H0,precision@0.01,0.10746268656716418
162-179,XGBoost,82,H1,precision@0.01,0.020895522388059695
162-179,XGBoost,82,D,precision@0.01,-0.08656716417910448
162-179,XGBoost,82,H0,tp@0.03,85
162-179,XGBoost,82,H1,tp@0.03,7
162-179,XGBoost,82,D,tp@0.03,-78
162-179,XGBoost,82,H0,recall@0.03,0.11805555555555547
162-179,XGBoost,82,H1,recall@0.03,0.009722222222222188
162-179,XGBoost,82,D,recall@0.03,-0.10833333333333328
162-179,XGBoost,82,H0,precision@0.03,0.04228855721393032
162-179,XGBoost,82,H1,precision@0.03,0.0034825870646766344
162-179,XGBoost,82,D,precision@0.03,-0.03880597014925369
162-179,XGBoost,82,H0,tp@0.05,64
162-179,XGBoost,82,H1,tp@0.05,1
162-179,XGBoost,82,D,tp@0.05,-63
162-179,XGBoost,82,H0,recall@0.05,0.0888888888888889
162-179,XGBoost,82,H1,recall@0.05,0.001388888888888884
162-179,XGBoost,82,D,recall@0.05,-0.08750000000000002
162-179,XGBoost,82,H0,precision@0.05,0.019110182143923543
162-179,XGBoost,82,H1,precision@0.05,0.0002985965959987902
162-179,XGBoost,82,D,precision@0.05,-0.018811585547924753
