estimand,block_length,estimate,draws,valid,invalid,confidence,scope,method,status,lower,upper,is_primary,is_main_block,bonferroni_draws,bonferroni_valid,bonferroni_invalid,bonferroni_confidence,bonferroni_scope,bonferroni_method,bonferroni_status,bonferroni_lower,bonferroni_upper
LightGBM/H1/tp@0.03,7,1.0,5000,5000,0,0.95,conditional_fixed_models_and_window,percentile_linear,reported,-9.0,7.6,True,True,5000,5000,0,0.9875,conditional_fixed_models_and_window,percentile_linear,reported,-10.8,9.4
LightGBM/D/tp@0.03,7,-207.4,5000,5000,0,0.95,conditional_fixed_models_and_window,percentile_linear,reported,-248.2,-176.0,True,True,5000,5000,0,0.9875,conditional_fixed_models_and_window,percentile_linear,reported,-256.8,-164.89749999999987
XGBoost/H1/tp@0.03,7,9.6,5000,5000,0,0.95,conditional_fixed_models_and_window,percentile_linear,reported,-4.8,16.2,True,True,5000,5000,0,0.9875,conditional_fixed_models_and_window,percentile_linear,reported,-8.351250000000022,19.6
XGBoost/D/tp@0.03,7,-201.8,5000,5000,0,0.95,conditional_fixed_models_and_window,percentile_linear,reported,-238.2,-179.2,True,True,5000,5000,0,0.9875,conditional_fixed_models_and_window,percentile_linear,reported,-247.15125,-172.49749999999986
LightGBM/H1/tp@0.03,3,1.0,5000,5000,0,0.95,conditional_fixed_models_and_window,percentile_linear,reported,-9.4,9.6,True,False,5000,5000,0,0.9875,conditional_fixed_models_and_window,percentile_linear,reported,-11.8,12.4
LightGBM/D/tp@0.03,3,-207.4,5000,5000,0,0.95,conditional_fixed_models_and_window,percentile_linear,reported,-240.8,-181.2,True,False,5000,5000,0,0.9875,conditional_fixed_models_and_window,percentile_linear,reported,-249.0,-172.84874999999994
XGBoost/H1/tp@0.03,3,9.6,5000,5000,0,0.95,conditional_fixed_models_and_window,percentile_linear,reported,-4.4,18.8,True,False,5000,5000,0,0.9875,conditional_fixed_models_and_window,percentile_linear,reported,-7.751250000000022,21.8
XGBoost/D/tp@0.03,3,-201.8,5000,5000,0,0.95,conditional_fixed_models_and_window,percentile_linear,reported,-234.8,-178.4,True,False,5000,5000,0,0.9875,conditional_fixed_models_and_window,percentile_linear,reported,-243.2,-171.04874999999993
LightGBM/H1/tp@0.03,14,1.0,5000,5000,0,0.95,conditional_fixed_models_and_window,percentile_linear,reported,-9.2,8.0,True,False,5000,5000,0,0.9875,conditional_fixed_models_and_window,percentile_linear,reported,-11.151250000000022,10.6
LightGBM/D/tp@0.03,14,-207.4,5000,5000,0,0.95,conditional_fixed_models_and_window,percentile_linear,reported,-251.4,-174.99500000000006,True,False,5000,5000,0,0.9875,conditional_fixed_models_and_window,percentile_linear,reported,-260.1025,-168.8
XGBoost/H1/tp@0.03,14,9.6,5000,5000,0,0.95,conditional_fixed_models_and_window,percentile_linear,reported,-5.6,13.4,True,False,5000,5000,0,0.9875,conditional_fixed_models_and_window,percentile_linear,reported,-8.6,15.4
XGBoost/D/tp@0.03,14,-201.8,5000,5000,0,0.95,conditional_fixed_models_and_window,percentile_linear,reported,-237.2,-184.4,True,False,5000,5000,0,0.9875,conditional_fixed_models_and_window,percentile_linear,reported,-244.0,-179.84874999999994
