dataset,fold,contrast,score_stage,q,mean,min,max,count,interpretation
paysim,1,P_BUNDLE,clipped,0.01,237.08,233.4,241.4,100,100_shared_label_free_priorities_not_CI_or_sharp_range
paysim,1,P_BUNDLE,clipped,0.03,222.23,220.6,224.0,100,100_shared_label_free_priorities_not_CI_or_sharp_range
paysim,1,P_BUNDLE,clipped,0.05,174.584,172.2,177.0,100,100_shared_label_free_priorities_not_CI_or_sharp_range
paysim,1,P_BUNDLE,clipped,0.1,91.762,90.4,93.4,100,100_shared_label_free_priorities_not_CI_or_sharp_range
paysim,1,P_BUNDLE,platt,0.01,237.08,233.4,241.4,100,100_shared_label_free_priorities_not_CI_or_sharp_range
paysim,1,P_BUNDLE,platt,0.03,222.23,220.6,224.0,100,100_shared_label_free_priorities_not_CI_or_sharp_range
paysim,1,P_BUNDLE,platt,0.05,174.584,172.2,177.0,100,100_shared_label_free_priorities_not_CI_or_sharp_range
paysim,1,P_BUNDLE,platt,0.1,91.762,90.4,93.4,100,100_shared_label_free_priorities_not_CI_or_sharp_range
paysim,1,P_BUNDLE,raw,0.01,237.08,233.4,241.4,100,100_shared_label_free_priorities_not_CI_or_sharp_range
paysim,1,P_BUNDLE,raw,0.03,222.23,220.6,224.0,100,100_shared_label_free_priorities_not_CI_or_sharp_range
paysim,1,P_BUNDLE,raw,0.05,174.584,172.2,177.0,100,100_shared_label_free_priorities_not_CI_or_sharp_range
paysim,1,P_BUNDLE,raw,0.1,91.762,90.4,93.4,100,100_shared_label_free_priorities_not_CI_or_sharp_range
paysim,1,P_H_BASE,clipped,0.01,168.532,163.4,173.0,100,100_shared_label_free_priorities_not_CI_or_sharp_range
paysim,1,P_H_BASE,clipped,0.03,172.604,171.0,174.6,100,100_shared_label_free_priorities_not_CI_or_sharp_range
paysim,1,P_H_BASE,clipped,0.05,146.014,143.0,149.6,100,100_shared_label_free_priorities_not_CI_or_sharp_range
paysim,1,P_H_BASE,clipped,0.1,62.303999999999995,60.6,63.4,100,100_shared_label_free_priorities_not_CI_or_sharp_range
paysim,1,P_H_BASE,platt,0.01,168.532,163.4,173.0,100,100_shared_label_free_priorities_not_CI_or_sharp_range
paysim,1,P_H_BASE,platt,0.03,172.604,171.0,174.6,100,100_shared_label_free_priorities_not_CI_or_sharp_range
paysim,1,P_H_BASE,platt,0.05,146.014,143.0,149.6,100,100_shared_label_free_priorities_not_CI_or_sharp_range
paysim,1,P_H_BASE,platt,0.1,62.303999999999995,60.6,63.4,100,100_shared_label_free_priorities_not_CI_or_sharp_range
paysim,1,P_H_BASE,raw,0.01,168.532,163.4,173.0,100,100_shared_label_free_priorities_not_CI_or_sharp_range
paysim,1,P_H_BASE,raw,0.03,172.604,171.0,174.6,100,100_shared_label_free_priorities_not_CI_or_sharp_range
paysim,1,P_H_BASE,raw,0.05,146.014,143.0,149.6,100,100_shared_label_free_priorities_not_CI_or_sharp_range
paysim,1,P_H_BASE,raw,0.1,62.303999999999995,60.6,63.4,100,100_shared_label_free_priorities_not_CI_or_sharp_range
paysim,1,P_H_TIME,clipped,0.01,111.36,110.6,112.2,100,100_shared_label_free_priorities_not_CI_or_sharp_range
paysim,1,P_H_TIME,clipped,0.03,98.736,98.0,100.6,100,100_shared_label_free_priorities_not_CI_or_sharp_range
paysim,1,P_H_TIME,clipped,0.05,71.518,69.6,73.2,100,100_shared_label_free_priorities_not_CI_or_sharp_range
paysim,1,P_H_TIME,clipped,0.1,38.942,37.8,40.4,100,100_shared_label_free_priorities_not_CI_or_sharp_range
paysim,1,P_H_TIME,platt,0.01,111.36,110.6,112.2,100,100_shared_label_free_priorities_not_CI_or_sharp_range
paysim,1,P_H_TIME,platt,0.03,98.736,98.0,100.6,100,100_shared_label_free_priorities_not_CI_or_sharp_range
paysim,1,P_H_TIME,platt,0.05,71.518,69.6,73.2,100,100_shared_label_free_priorities_not_CI_or_sharp_range
paysim,1,P_H_TIME,platt,0.1,38.942,37.8,40.4,100,100_shared_label_free_priorities_not_CI_or_sharp_range
paysim,1,P_H_TIME,raw,0.01,111.36,110.6,112.2,100,100_shared_label_free_priorities_not_CI_or_sharp_range
paysim,1,P_H_TIME,raw,0.03,98.736,98.0,100.6,100,100_shared_label_free_priorities_not_CI_or_sharp_range
paysim,1,P_H_TIME,raw,0.05,71.518,69.6,73.2,100,100_shared_label_free_priorities_not_CI_or_sharp_range
paysim,1,P_H_TIME,raw,0.1,38.942,37.8,40.4,100,100_shared_label_free_priorities_not_CI_or_sharp_range
paysim,1,P_PRIMARY,clipped,0.01,239.13,235.8,243.6,100,100_shared_label_free_priorities_not_CI_or_sharp_range
paysim,1,P_PRIMARY,clipped,0.03,220.96599999999998,219.0,223.0,100,100_shared_label_free_priorities_not_CI_or_sharp_range
paysim,1,P_PRIMARY,clipped,0.05,174.84599999999998,172.8,176.4,100,100_shared_label_free_priorities_not_CI_or_sharp_range
paysim,1,P_PRIMARY,clipped,0.1,86.412,85.2,88.0,100,100_shared_label_free_priorities_not_CI_or_sharp_range
paysim,1,P_PRIMARY,platt,0.01,239.13,235.8,243.6,100,100_shared_label_free_priorities_not_CI_or_sharp_range
paysim,1,P_PRIMARY,platt,0.03,220.96599999999998,219.0,223.0,100,100_shared_label_free_priorities_not_CI_or_sharp_range
paysim,1,P_PRIMARY,platt,0.05,174.84599999999998,172.8,176.4,100,100_shared_label_free_priorities_not_CI_or_sharp_range
paysim,1,P_PRIMARY,platt,0.1,86.412,85.2,88.0,100,100_shared_label_free_priorities_not_CI_or_sharp_range
paysim,1,P_PRIMARY,raw,0.01,239.13,235.8,243.6,100,100_shared_label_free_priorities_not_CI_or_sharp_range
paysim,1,P_PRIMARY,raw,0.03,220.96599999999998,219.0,223.0,100,100_shared_label_free_priorities_not_CI_or_sharp_range
paysim,1,P_PRIMARY,raw,0.05,174.84599999999998,172.8,176.4,100,100_shared_label_free_priorities_not_CI_or_sharp_range
paysim,1,P_PRIMARY,raw,0.1,86.412,85.2,88.0,100,100_shared_label_free_priorities_not_CI_or_sharp_range
paysim,1,P_WEIGHT,clipped,0.01,2.05,1.0,3.4,100,100_shared_label_free_priorities_not_CI_or_sharp_range
paysim,1,P_WEIGHT,clipped,0.03,-1.264,-2.4,-0.2,100,100_shared_label_free_priorities_not_CI_or_sharp_range
paysim,1,P_WEIGHT,clipped,0.05,0.262,-0.8,1.4,100,100_shared_label_free_priorities_not_CI_or_sharp_range
paysim,1,P_WEIGHT,clipped,0.1,-5.35,-6.4,-4.2,100,100_shared_label_free_priorities_not_CI_or_sharp_range
paysim,1,P_WEIGHT,platt,0.01,2.05,1.0,3.4,100,100_shared_label_free_priorities_not_CI_or_sharp_range
paysim,1,P_WEIGHT,platt,0.03,-1.264,-2.4,-0.2,100,100_shared_label_free_priorities_not_CI_or_sharp_range
paysim,1,P_WEIGHT,platt,0.05,0.262,-0.8,1.4,100,100_shared_label_free_priorities_not_CI_or_sharp_range
paysim,1,P_WEIGHT,platt,0.1,-5.35,-6.4,-4.2,100,100_shared_label_free_priorities_not_CI_or_sharp_range
paysim,1,P_WEIGHT,raw,0.01,2.05,1.0,3.4,100,100_shared_label_free_priorities_not_CI_or_sharp_range
paysim,1,P_WEIGHT,raw,0.03,-1.264,-2.4,-0.2,100,100_shared_label_free_priorities_not_CI_or_sharp_range
paysim,1,P_WEIGHT,raw,0.05,0.262,-0.8,1.4,100,100_shared_label_free_priorities_not_CI_or_sharp_range
paysim,1,P_WEIGHT,raw,0.1,-5.35,-6.4,-4.2,100,100_shared_label_free_priorities_not_CI_or_sharp_range
paysim,2,P_BUNDLE,clipped,0.01,109.818,105.6,114.2,100,100_shared_label_free_priorities_not_CI_or_sharp_range
paysim,2,P_BUNDLE,clipped,0.03,132.244,131.2,133.2,100,100_shared_label_free_priorities_not_CI_or_sharp_range
paysim,2,P_BUNDLE,clipped,0.05,96.74799999999999,94.2,99.0,100,100_shared_label_free_priorities_not_CI_or_sharp_range
paysim,2,P_BUNDLE,clipped,0.1,39.034,38.2,39.8,100,100_shared_label_free_priorities_not_CI_or_sharp_range
paysim,2,P_BUNDLE,platt,0.01,109.818,105.6,114.2,100,100_shared_label_free_priorities_not_CI_or_sharp_range
paysim,2,P_BUNDLE,platt,0.03,132.244,131.2,133.2,100,100_shared_label_free_priorities_not_CI_or_sharp_range
paysim,2,P_BUNDLE,platt,0.05,96.74799999999999,94.2,99.0,100,100_shared_label_free_priorities_not_CI_or_sharp_range
paysim,2,P_BUNDLE,platt,0.1,39.034,38.2,39.8,100,100_shared_label_free_priorities_not_CI_or_sharp_range
paysim,2,P_BUNDLE,raw,0.01,109.818,105.6,114.2,100,100_shared_label_free_priorities_not_CI_or_sharp_range
paysim,2,P_BUNDLE,raw,0.03,132.244,131.2,133.2,100,100_shared_label_free_priorities_not_CI_or_sharp_range
paysim,2,P_BUNDLE,raw,0.05,96.74799999999999,94.2,99.0,100,100_shared_label_free_priorities_not_CI_or_sharp_range
paysim,2,P_BUNDLE,raw,0.1,39.034,38.2,39.8,100,100_shared_label_free_priorities_not_CI_or_sharp_range
paysim,2,P_H_BASE,clipped,0.01,84.43,79.0,89.4,100,100_shared_label_free_priorities_not_CI_or_sharp_range
paysim,2,P_H_BASE,clipped,0.03,110.05799999999999,109.2,111.4,100,100_shared_label_free_priorities_not_CI_or_sharp_range
paysim,2,P_H_BASE,clipped,0.05,75.58,72.0,78.2,100,100_shared_label_free_priorities_not_CI_or_sharp_range
paysim,2,P_H_BASE,clipped,0.1,21.601999999999997,20.6,22.6,100,100_shared_label_free_priorities_not_CI_or_sharp_range
paysim,2,P_H_BASE,platt,0.01,84.43,79.0,89.4,100,100_shared_label_free_priorities_not_CI_or_sharp_range
paysim,2,P_H_BASE,platt,0.03,110.05799999999999,109.2,111.4,100,100_shared_label_free_priorities_not_CI_or_sharp_range
paysim,2,P_H_BASE,platt,0.05,75.58,72.0,78.2,100,100_shared_label_free_priorities_not_CI_or_sharp_range
paysim,2,P_H_BASE,platt,0.1,21.601999999999997,20.6,22.6,100,100_shared_label_free_priorities_not_CI_or_sharp_range
paysim,2,P_H_BASE,raw,0.01,84.43,79.0,89.4,100,100_shared_label_free_priorities_not_CI_or_sharp_range
paysim,2,P_H_BASE,raw,0.03,110.05799999999999,109.2,111.4,100,100_shared_label_free_priorities_not_CI_or_sharp_range
paysim,2,P_H_BASE,raw,0.05,75.58,72.0,78.2,100,100_shared_label_free_priorities_not_CI_or_sharp_range
paysim,2,P_H_BASE,raw,0.1,21.601999999999997,20.6,22.6,100,100_shared_label_free_priorities_not_CI_or_sharp_range
paysim,2,P_H_TIME,clipped,0.01,55.46,52.8,58.4,100,100_shared_label_free_priorities_not_CI_or_sharp_range
paysim,2,P_H_TIME,clipped,0.03,84.132,83.6,84.8,100,100_shared_label_free_priorities_not_CI_or_sharp_range
paysim,2,P_H_TIME,clipped,0.05,63.368,61.0,65.4,100,100_shared_label_free_priorities_not_CI_or_sharp_range
paysim,2,P_H_TIME,clipped,0.1,25.831999999999997,25.2,26.4,100,100_shared_label_free_priorities_not_CI_or_sharp_range
paysim,2,P_H_TIME,platt,0.01,55.46,52.8,58.4,100,100_shared_label_free_priorities_not_CI_or_sharp_range
paysim,2,P_H_TIME,platt,0.03,84.132,83.6,84.8,100,100_shared_label_free_priorities_not_CI_or_sharp_range
paysim,2,P_H_TIME,platt,0.05,63.368,61.0,65.4,100,100_shared_label_free_priorities_not_CI_or_sharp_range
paysim,2,P_H_TIME,platt,0.1,25.831999999999997,25.2,26.4,100,100_shared_label_free_priorities_not_CI_or_sharp_range
paysim,2,P_H_TIME,raw,0.01,55.46,52.8,58.4,100,100_shared_label_free_priorities_not_CI_or_sharp_range
paysim,2,P_H_TIME,raw,0.03,84.132,83.6,84.8,100,100_shared_label_free_priorities_not_CI_or_sharp_range
paysim,2,P_H_TIME,raw,0.05,63.368,61.0,65.4,100,100_shared_label_free_priorities_not_CI_or_sharp_range
paysim,2,P_H_TIME,raw,0.1,25.831999999999997,25.2,26.4,100,100_shared_label_free_priorities_not_CI_or_sharp_range
paysim,2,P_PRIMARY,clipped,0.01,119.412,114.8,123.4,100,100_shared_label_free_priorities_not_CI_or_sharp_range
paysim,2,P_PRIMARY,clipped,0.03,135.88,134.8,137.0,100,100_shared_label_free_priorities_not_CI_or_sharp_range
paysim,2,P_PRIMARY,clipped,0.05,100.49799999999999,99.0,101.6,100,100_shared_label_free_priorities_not_CI_or_sharp_range
paysim,2,P_PRIMARY,clipped,0.1,43.952,43.0,45.8,100,100_shared_label_free_priorities_not_CI_or_sharp_range
paysim,2,P_PRIMARY,platt,0.01,119.412,114.8,123.4,100,100_shared_label_free_priorities_not_CI_or_sharp_range
paysim,2,P_PRIMARY,platt,0.03,135.88,134.8,137.0,100,100_shared_label_free_priorities_not_CI_or_sharp_range
paysim,2,P_PRIMARY,platt,0.05,100.49799999999999,99.0,101.6,100,100_shared_label_free_priorities_not_CI_or_sharp_range
paysim,2,P_PRIMARY,platt,0.1,43.952,43.0,45.8,100,100_shared_label_free_priorities_not_CI_or_sharp_range
paysim,2,P_PRIMARY,raw,0.01,119.412,114.8,123.4,100,100_shared_label_free_priorities_not_CI_or_sharp_range
paysim,2,P_PRIMARY,raw,0.03,135.88,134.8,137.0,100,100_shared_label_free_priorities_not_CI_or_sharp_range
paysim,2,P_PRIMARY,raw,0.05,100.49799999999999,99.0,101.6,100,100_shared_label_free_priorities_not_CI_or_sharp_range
paysim,2,P_PRIMARY,raw,0.1,43.952,43.0,45.8,100,100_shared_label_free_priorities_not_CI_or_sharp_range
paysim,2,P_WEIGHT,clipped,0.01,9.594,8.2,11.4,100,100_shared_label_free_priorities_not_CI_or_sharp_range
paysim,2,P_WEIGHT,clipped,0.03,3.636,2.8,4.2,100,100_shared_label_free_priorities_not_CI_or_sharp_range
paysim,2,P_WEIGHT,clipped,0.05,3.75,2.2,5.0,100,100_shared_label_free_priorities_not_CI_or_sharp_range
paysim,2,P_WEIGHT,clipped,0.1,4.918,4.2,6.4,100,100_shared_label_free_priorities_not_CI_or_sharp_range
paysim,2,P_WEIGHT,platt,0.01,9.594,8.2,11.4,100,100_shared_label_free_priorities_not_CI_or_sharp_range
paysim,2,P_WEIGHT,platt,0.03,3.636,2.8,4.2,100,100_shared_label_free_priorities_not_CI_or_sharp_range
paysim,2,P_WEIGHT,platt,0.05,3.75,2.2,5.0,100,100_shared_label_free_priorities_not_CI_or_sharp_range
paysim,2,P_WEIGHT,platt,0.1,4.918,4.2,6.4,100,100_shared_label_free_priorities_not_CI_or_sharp_range
paysim,2,P_WEIGHT,raw,0.01,9.594,8.2,11.4,100,100_shared_label_free_priorities_not_CI_or_sharp_range
paysim,2,P_WEIGHT,raw,0.03,3.636,2.8,4.2,100,100_shared_label_free_priorities_not_CI_or_sharp_range
paysim,2,P_WEIGHT,raw,0.05,3.75,2.2,5.0,100,100_shared_label_free_priorities_not_CI_or_sharp_range
paysim,2,P_WEIGHT,raw,0.1,4.918,4.2,6.4,100,100_shared_label_free_priorities_not_CI_or_sharp_range
paysim,3,P_BUNDLE,clipped,0.01,-176.592,-196.2,-159.0,100,100_shared_label_free_priorities_not_CI_or_sharp_range
paysim,3,P_BUNDLE,clipped,0.03,961.352,957.8,967.6,100,100_shared_label_free_priorities_not_CI_or_sharp_range
paysim,3,P_BUNDLE,clipped,0.05,912.56,909.6,916.6,100,100_shared_label_free_priorities_not_CI_or_sharp_range
paysim,3,P_BUNDLE,clipped,0.1,322.654,318.0,325.8,100,100_shared_label_free_priorities_not_CI_or_sharp_range
paysim,3,P_BUNDLE,platt,0.01,-176.592,-196.2,-159.0,100,100_shared_label_free_priorities_not_CI_or_sharp_range
paysim,3,P_BUNDLE,platt,0.03,961.352,957.8,967.6,100,100_shared_label_free_priorities_not_CI_or_sharp_range
paysim,3,P_BUNDLE,platt,0.05,912.56,909.6,916.6,100,100_shared_label_free_priorities_not_CI_or_sharp_range
paysim,3,P_BUNDLE,platt,0.1,322.654,318.0,325.8,100,100_shared_label_free_priorities_not_CI_or_sharp_range
paysim,3,P_BUNDLE,raw,0.01,-186.97,-206.4,-172.2,100,100_shared_label_free_priorities_not_CI_or_sharp_range
paysim,3,P_BUNDLE,raw,0.03,961.352,957.8,967.6,100,100_shared_label_free_priorities_not_CI_or_sharp_range
paysim,3,P_BUNDLE,raw,0.05,912.56,909.6,916.6,100,100_shared_label_free_priorities_not_CI_or_sharp_range
paysim,3,P_BUNDLE,raw,0.1,322.654,318.0,325.8,100,100_shared_label_free_priorities_not_CI_or_sharp_range
paysim,3,P_H_BASE,clipped,0.01,474.272,461.6,488.6,100,100_shared_label_free_priorities_not_CI_or_sharp_range
paysim,3,P_H_BASE,clipped,0.03,1071.308,1065.8,1076.2,100,100_shared_label_free_priorities_not_CI_or_sharp_range
paysim,3,P_H_BASE,clipped,0.05,804.2639999999999,797.0,810.8,100,100_shared_label_free_priorities_not_CI_or_sharp_range
paysim,3,P_H_BASE,clipped,0.1,308.79400000000004,305.4,311.4,100,100_shared_label_free_priorities_not_CI_or_sharp_range
paysim,3,P_H_BASE,platt,0.01,474.272,461.6,488.6,100,100_shared_label_free_priorities_not_CI_or_sharp_range
paysim,3,P_H_BASE,platt,0.03,1071.308,1065.8,1076.2,100,100_shared_label_free_priorities_not_CI_or_sharp_range
paysim,3,P_H_BASE,platt,0.05,804.2639999999999,797.0,810.8,100,100_shared_label_free_priorities_not_CI_or_sharp_range
paysim,3,P_H_BASE,platt,0.1,308.79400000000004,305.4,311.4,100,100_shared_label_free_priorities_not_CI_or_sharp_range
paysim,3,P_H_BASE,raw,0.01,474.272,461.6,488.6,100,100_shared_label_free_priorities_not_CI_or_sharp_range
paysim,3,P_H_BASE,raw,0.03,1071.308,1065.8,1076.2,100,100_shared_label_free_priorities_not_CI_or_sharp_range
paysim,3,P_H_BASE,raw,0.05,804.2639999999999,797.0,810.8,100,100_shared_label_free_priorities_not_CI_or_sharp_range
paysim,3,P_H_BASE,raw,0.1,308.79400000000004,305.4,311.4,100,100_shared_label_free_priorities_not_CI_or_sharp_range
paysim,3,P_H_TIME,clipped,0.01,346.62800000000004,305.2,375.2,100,100_shared_label_free_priorities_not_CI_or_sharp_range
paysim,3,P_H_TIME,clipped,0.03,712.408,710.8,714.8,100,100_shared_label_free_priorities_not_CI_or_sharp_range
paysim,3,P_H_TIME,clipped,0.05,593.308,591.8,596.0,100,100_shared_label_free_priorities_not_CI_or_sharp_range
paysim,3,P_H_TIME,clipped,0.1,203.8,202.0,205.6,100,100_shared_label_free_priorities_not_CI_or_sharp_range
paysim,3,P_H_TIME,platt,0.01,346.62800000000004,305.2,375.2,100,100_shared_label_free_priorities_not_CI_or_sharp_range
paysim,3,P_H_TIME,platt,0.03,712.408,710.8,714.8,100,100_shared_label_free_priorities_not_CI_or_sharp_range
paysim,3,P_H_TIME,platt,0.05,593.308,591.8,596.0,100,100_shared_label_free_priorities_not_CI_or_sharp_range
paysim,3,P_H_TIME,platt,0.1,203.8,202.0,205.6,100,100_shared_label_free_priorities_not_CI_or_sharp_range
paysim,3,P_H_TIME,raw,0.01,370.29,332.8,395.4,100,100_shared_label_free_priorities_not_CI_or_sharp_range
paysim,3,P_H_TIME,raw,0.03,712.408,710.8,714.8,100,100_shared_label_free_priorities_not_CI_or_sharp_range
paysim,3,P_H_TIME,raw,0.05,593.308,591.8,596.0,100,100_shared_label_free_priorities_not_CI_or_sharp_range
paysim,3,P_H_TIME,raw,0.1,203.8,202.0,205.6,100,100_shared_label_free_priorities_not_CI_or_sharp_range
paysim,3,P_PRIMARY,clipped,0.01,165.002,157.6,171.8,100,100_shared_label_free_priorities_not_CI_or_sharp_range
paysim,3,P_PRIMARY,clipped,0.03,996.322,992.8,1002.0,100,100_shared_label_free_priorities_not_CI_or_sharp_range
paysim,3,P_PRIMARY,clipped,0.05,743.5360000000001,740.0,747.0,100,100_shared_label_free_priorities_not_CI_or_sharp_range
paysim,3,P_PRIMARY,clipped,0.1,308.384,305.0,311.8,100,100_shared_label_free_priorities_not_CI_or_sharp_range
paysim,3,P_PRIMARY,platt,0.01,165.002,157.6,171.8,100,100_shared_label_free_priorities_not_CI_or_sharp_range
paysim,3,P_PRIMARY,platt,0.03,996.322,992.8,1002.0,100,100_shared_label_free_priorities_not_CI_or_sharp_range
paysim,3,P_PRIMARY,platt,0.05,743.5360000000001,740.0,747.0,100,100_shared_label_free_priorities_not_CI_or_sharp_range
paysim,3,P_PRIMARY,platt,0.1,308.384,305.0,311.8,100,100_shared_label_free_priorities_not_CI_or_sharp_range
paysim,3,P_PRIMARY,raw,0.01,164.53599999999997,158.8,169.0,100,100_shared_label_free_priorities_not_CI_or_sharp_range
paysim,3,P_PRIMARY,raw,0.03,996.322,992.8,1002.0,100,100_shared_label_free_priorities_not_CI_or_sharp_range
paysim,3,P_PRIMARY,raw,0.05,743.5360000000001,740.0,747.0,100,100_shared_label_free_priorities_not_CI_or_sharp_range
paysim,3,P_PRIMARY,raw,0.1,308.384,305.0,311.8,100,100_shared_label_free_priorities_not_CI_or_sharp_range
paysim,3,P_WEIGHT,clipped,0.01,341.594,325.6,358.2,100,100_shared_label_free_priorities_not_CI_or_sharp_range
paysim,3,P_WEIGHT,clipped,0.03,34.97,32.4,37.0,100,100_shared_label_free_priorities_not_CI_or_sharp_range
paysim,3,P_WEIGHT,clipped,0.05,-169.024,-171.2,-166.8,100,100_shared_label_free_priorities_not_CI_or_sharp_range
paysim,3,P_WEIGHT,clipped,0.1,-14.27,-16.2,-12.8,100,100_shared_label_free_priorities_not_CI_or_sharp_range
paysim,3,P_WEIGHT,platt,0.01,341.594,325.6,358.2,100,100_shared_label_free_priorities_not_CI_or_sharp_range
paysim,3,P_WEIGHT,platt,0.03,34.97,32.4,37.0,100,100_shared_label_free_priorities_not_CI_or_sharp_range
paysim,3,P_WEIGHT,platt,0.05,-169.024,-171.2,-166.8,100,100_shared_label_free_priorities_not_CI_or_sharp_range
paysim,3,P_WEIGHT,platt,0.1,-14.27,-16.2,-12.8,100,100_shared_label_free_priorities_not_CI_or_sharp_range
paysim,3,P_WEIGHT,raw,0.01,351.506,336.2,370.8,100,100_shared_label_free_priorities_not_CI_or_sharp_range
paysim,3,P_WEIGHT,raw,0.03,34.97,32.4,37.0,100,100_shared_label_free_priorities_not_CI_or_sharp_range
paysim,3,P_WEIGHT,raw,0.05,-169.024,-171.2,-166.8,100,100_shared_label_free_priorities_not_CI_or_sharp_range
paysim,3,P_WEIGHT,raw,0.1,-14.27,-16.2,-12.8,100,100_shared_label_free_priorities_not_CI_or_sharp_range
