step,n,frauds
239,8554,10
240,4189,14
241,1865,18
242,637,8
243,8,8
244,12,12
245,4,4
246,4,4
247,8,8
248,10,10
249,23209,28
250,31854,22
251,35269,10
252,35590,2
253,33311,10
254,29553,10
255,28840,8
256,28570,8
257,26843,6
258,27662,8
259,43328,10
260,33674,12
261,14420,20
262,11125,22
263,8021,6
264,4042,8
265,1581,12
266,767,10
267,77,8
268,6,6
269,14,14
270,16,16
271,12,12
272,12,12
273,7871,20
274,19202,20
275,24797,10
276,26383,10
277,25925,14
278,25737,4
279,25925,22
280,25956,4
281,27778,18
