segment,cell,model_id,N,P,K,TP,Recall,Precision,AP,boundary_margin,boundary_tied_rows,boundary_tied_positives,boundary_slots,boundary_TP_min,boundary_TP_max
126-143,A0,directM_off_Hnone,65080,720,1953,645,0.8958333333333334,0.3302611367127496,0.8178755735631886,-3.3855130501439934,3,0,2,645,645
126-143,B0,directM_on_Hnone,65080,720,1953,705,0.9791666666666666,0.36098310291858676,0.9233157428346148,-4.555873508158706,2,0,2,705,705
126-143,A1,directM_off_H7,65080,720,1953,699,0.9708333333333333,0.3579109062980031,0.9120897964274838,-4.067397952059422,1,0,1,699,699
126-143,B1,directM_on_H7,65080,720,1953,705,0.9791666666666666,0.36098310291858676,0.9208173829476685,-4.544246394480789,1,0,1,705,705
126-143,A2,directM_off_Horig,65080,720,1953,705,0.9791666666666666,0.36098310291858676,0.9212536303734373,-4.127539693154243,1,0,1,705,705
126-143,B2,directM_on_Horig,65080,720,1953,703,0.9763888888888889,0.35995903737839224,0.9251281913643228,-4.323627097068787,1,0,1,703,703
144-161,A0,directM_off_Hnone,66259,720,1988,637,0.8847222222222222,0.3204225352112676,0.8143199002342191,-3.39732766253933,7,1,3,636,637
144-161,B0,directM_on_Hnone,66259,720,1988,700,0.9722222222222222,0.352112676056338,0.9243968316903788,-4.651731199231543,2,0,1,700,700
144-161,A1,directM_off_H7,66259,720,1988,696,0.9666666666666667,0.3501006036217304,0.9108961326679423,-4.347196624834764,1,0,1,696,696
144-161,B1,directM_on_H7,66259,720,1988,700,0.9722222222222222,0.352112676056338,0.9175411136363718,-4.707618919151305,1,0,1,700,700
144-161,A2,directM_off_Horig,66259,720,1988,700,0.9722222222222222,0.352112676056338,0.9144703889006344,-4.21137675284898,1,0,1,700,700
144-161,B2,directM_on_Horig,66259,720,1988,701,0.9736111111111111,0.35261569416498995,0.9181044287023266,-4.436038654304443,1,0,1,701,701
162-179,A0,directM_off_Hnone,66972,720,2010,624,0.8666666666666667,0.31044776119402984,0.7950953005753041,-3.360015370964138,13,1,12,623,624
162-179,B0,directM_on_Hnone,66972,720,2010,710,0.9861111111111112,0.35323383084577115,0.9181553131087344,-4.823061031443464,1,0,1,710,710
162-179,A1,directM_off_H7,66972,720,2010,705,0.9791666666666666,0.35074626865671643,0.9180536910014004,-4.4442534547092345,1,0,1,705,705
162-179,B1,directM_on_H7,66972,720,2010,704,0.9777777777777777,0.3502487562189055,0.920237124090126,-4.757636862347205,1,0,1,704,704
162-179,A2,directM_off_Horig,66972,720,2010,707,0.9819444444444444,0.3517412935323383,0.913712398261354,-4.8200593347344345,1,0,1,707,707
162-179,B2,directM_on_Horig,66972,720,2010,707,0.9819444444444444,0.3517412935323383,0.9165591657115874,-4.978789051161609,1,0,1,707,707
